row_id,row_schema,layer,cell_base,cell_id,backend,backend_id,cutoff,convergence_role,seed,seed_position,trajectory_id,round_index,terminal_round,action,probe_id,scenario,initial_state,logical_label,rng_namespace,archive_chunk,archive_row_index,density_index,raw_iq_index,heldout_iq_index,heldout_window_sha256,pre_readout_i,pre_readout_q,pre_measurement_g,pre_measurement_e,pre_measurement_f,pre_reset_g,pre_reset_e,pre_reset_f,integrated_i,integrated_q,integrated_i_mean_error,integrated_q_mean_error,raw_log_evidence,raw_reference_log_evidence,raw_within_window_residual,posterior_g,posterior_e,posterior_f,level_g,level_e,level_f,mean_photon,reset_requested,reset_hidden_success,reset_ack,rao_blackwell_reset_success,leakage_resident,leakage_residence_probability,leakage_age,predictive_mean_i,predictive_mean_q,predictive_cov_ii,predictive_cov_iq,predictive_cov_qq,heldout_reference_log_evidence,heldout_proper_score_per_sample,heldout_llr_ge_per_sample,heldout_llr_gf_per_sample,heldout_llr_ef_per_sample,drift_0,drift_1,drift_2,drift_3,drift_4,logical_survival,logical_block_00_real,logical_block_00_imag,logical_block_01_real,logical_block_01_imag,logical_block_10_real,logical_block_10_imag,logical_block_11_real,logical_block_11_imag,density_trace_error,density_hermiticity_frobenius,density_minimum_eigenvalue,density_quantization_frobenius_error,density_quantization_certified_frobenius_bound,density_quantization_trace_distance_bound,posterior_normalization_error,level_normalization_error,reference_posterior_l1_error,reference_log_evidence_error,conservation_pass,exception_type,exception_message
shared|c40|shared|vacuum_f|RESET|A|p0000,PHASE9-FRESH-TWIN-ROUND-LEDGER-V1,shared,shared|vacuum_f|RESET,ab/c40/shared/vacuum_f/RESET,A,PHASE9-BACKEND-A-JOINT-FOCK-QUTRIT-GKSL-V1,40,rao_blackwell_expected_reset_repair,1803000,0,,0,True,RESET,,,vacuum_f,,NUMPY_SEEDSEQUENCE_ADDRESSED,repair_c40_shared_vacuum_f_RESET_A__33670dbe1a489af6,0,0,0,0,556b894ec651b768ade273d080462f97d8f94cee37e02677eaa759da391a8c3c,0.0,0.0,0.0013118264709090083,0.007069461788035199,0.9916187117410559,8.025004698851738e-17,9.384336034479218e-25,0.9999999999999999,-0.3379521601793255,1.2728201383553692,5.551115123125783e-17,2.220446049250313e-16,-7.64467948589518,-7.64467948589518,1.120676258565286,8.025004698851738e-17,9.384336034479218e-25,0.9999999999999999,0.82,1.4076504051718843e-26,0.18000000000000005,0.0,True,True,success,0.82,False,0.18000000000000005,0,0.004893990019557262,1.1403615185022142,0.03483152962877566,-0.005580917890236999,0.03979135339687055,-7.215575704223806,-0.9019469630279757,0.09246889805330216,-4.45387051896356,-4.5463394170168625,4.80167828444903e-05,-0.0008758672774018114,0.0018865997876387874,-0.0011414593562452339,0.0026118033959696726,,,,,,,,,,1.1102230246251565e-16,0.0,0.0,1.0115243514652034e-08,5.003951305505442e-08,2.7407770066827554e-07,0.0,0.0,1.110223024625159e-16,0.0,True,,
shared|c40|shared|vacuum_f|RESET|A|p0001,PHASE9-FRESH-TWIN-ROUND-LEDGER-V1,shared,shared|vacuum_f|RESET,ab/c40/shared/vacuum_f/RESET,A,PHASE9-BACKEND-A-JOINT-FOCK-QUTRIT-GKSL-V1,40,rao_blackwell_expected_reset_repair,1803001,1,,0,True,RESET,,,vacuum_f,,NUMPY_SEEDSEQUENCE_ADDRESSED,repair_c40_shared_vacuum_f_RESET_A__33670dbe1a489af6,1,1,1,1,c16af8ce1ac90124b168fd61fc6b8baaa73d4d3dc49ab16a6b3ad605786f0304,0.0,0.0,0.0013118264709090083,0.007069461788035199,0.9916187117410559,2.5543814348105093e-14,6.110200266393096e-16,0.9999999999999738,-0.09177686958638774,0.9465388454610336,0.0,0.0,-10.719911787430624,-10.719911787430624,3.1735594131776192,2.5543814348105093e-14,6.110200266393096e-16,0.9999999999999738,0.8200000000000045,9.16530039958966e-18,0.17999999999999547,0.0,True,True,success,0.8200000000000045,False,0.17999999999999547,0,0.004893990019557262,1.1403615185022142,0.03483152962877566,-0.005580917890236999,0.03979135339687055,-17.2126009563447,-2.1515751195430877,3.9632155993854647,4.223121294333302,0.2599056949478369,0.00013903998722186942,-0.0016937603721151361,0.005415466335977627,-0.003017637603966933,0.0019184845864980778,,,,,,,,,,0.0,0.0,0.0,1.0115250030535736e-08,5.003951305505442e-08,2.7407770066827554e-07,0.0,0.0,4.440892098500793e-16,0.0,True,,
shared|c40|shared|vacuum_f|RESET|A|p0002,PHASE9-FRESH-TWIN-ROUND-LEDGER-V1,shared,shared|vacuum_f|RESET,ab/c40/shared/vacuum_f/RESET,A,PHASE9-BACKEND-A-JOINT-FOCK-QUTRIT-GKSL-V1,40,rao_blackwell_expected_reset_repair,1803002,2,,0,True,RESET,,,vacuum_f,,NUMPY_SEEDSEQUENCE_ADDRESSED,repair_c40_shared_vacuum_f_RESET_A__33670dbe1a489af6,2,2,2,2,8d353289e1536ec793512af70506d61e3402ffb66808fbbe194e7643367e97bb,0.0,0.0,0.0013118264709090083,0.007069461788035199,0.9916187117410559,3.574891509687634e-25,4.674108371098927e-20,1.0,0.17104938566256514,1.3781703655929278,0.0,0.0,-8.777472178524237,-8.777472178524237,2.0264818584099804,3.574891509687634e-25,4.674108371098927e-20,1.0,0.82,7.011162556648397e-22,0.18000000000000002,0.0,True,True,success,0.82,False,0.18000000000000002,0,0.004893990019557262,1.1403615185022142,0.03483152962877566,-0.005580917890236999,0.03979135339687055,-12.701274825844152,-1.587659353230519,-5.321164943548018,-1.5819910708056373,3.7391738727423807,0.0018565054708484627,-0.0005671540720859507,0.005298484423228796,-0.0024962505152605276,0.0013771385787029497,,,,,,,,,,0.0,0.0,0.0,1.0115243593156655e-08,5.003951305505442e-08,2.7407770066827554e-07,0.0,0.0,1.805573557364938e-34,0.0,True,,
shared|c40|shared|vacuum_f|RESET|A|p0003,PHASE9-FRESH-TWIN-ROUND-LEDGER-V1,shared,shared|vacuum_f|RESET,ab/c40/shared/vacuum_f/RESET,A,PHASE9-BACKEND-A-JOINT-FOCK-QUTRIT-GKSL-V1,40,rao_blackwell_expected_reset_repair,1803003,3,,0,True,RESET,,,vacuum_f,,NUMPY_SEEDSEQUENCE_ADDRESSED,repair_c40_shared_vacuum_f_RESET_A__33670dbe1a489af6,3,3,3,3,4796a4ca4ec3a8a985642799c437b10f4b6db2249b6d1c1d92667817d58f5a22,0.0,0.0,0.0013118264709090083,0.007069461788035199,0.9916187117410559,8.752826573686699e-15,2.729107967465491e-15,0.9999999999999886,-0.04827838554365038,0.9412098206165603,2.0816681711721685e-17,1.1102230246251565e-16,-15.276984663856584,-15.276984663856584,5.304620944072581,8.752826573686699e-15,2.729107967465491e-15,0.9999999999999886,0.8200000000000021,4.093661951198238e-17,0.1799999999999979,0.0,True,True,success,0.8200000000000021,False,0.1799999999999979,0,0.004893990019557262,1.1403615185022142,0.03483152962877566,-0.005580917890236999,0.03979135339687055,-7.860397599821704,-0.982549699977713,-1.179100541077247,-5.353888450602355,-4.174787909525108,0.0009595001606844977,-0.002156186725534045,0.001610436294624508,-0.001524139335432979,0.00226524808772568,,,,,,,,,,0.0,0.0,0.0,1.0115246576332327e-08,5.003951305505442e-08,2.7407770066827554e-07,0.0,0.0,7.771561172376889e-16,0.0,True,,
shared|c40|shared|vacuum_f|RESET|A|p0004,PHASE9-FRESH-TWIN-ROUND-LEDGER-V1,shared,shared|vacuum_f|RESET,ab/c40/shared/vacuum_f/RESET,A,PHASE9-BACKEND-A-JOINT-FOCK-QUTRIT-GKSL-V1,40,rao_blackwell_expected_reset_repair,1803004,4,,0,True,RESET,,,vacuum_f,,NUMPY_SEEDSEQUENCE_ADDRESSED,repair_c40_shared_vacuum_f_RESET_A__33670dbe1a489af6,4,4,4,4,e3c553caf25a7e5f8945aaa60601a034ef1a8470e0ac521fcf6c7179e3235ffe,0.0,0.0,0.0013118264709090083,0.007069461788035199,0.9916187117410559,1.3329822296213719e-14,1.2716782936060154e-11,0.9999999999872698,0.08769278381909326,0.830175425007003,1.3877787807814457e-17,0.0,-12.437633115572146,-12.437633115572146,3.4838186179431876,1.3329822296213719e-14,1.2716782936060154e-11,0.9999999999872698,0.8200000000021006,1.907517440409025e-13,0.17999999999770866,0.0,True,True,success,0.8200000000021006,False,0.17999999999770866,0,0.004893990019557262,1.1403615185022142,0.03483152962877566,-0.005580917890236999,0.03979135339687055,-16.434425995358048,-2.054303249419756,-6.297321554391391,-1.344206118179894,4.953115436211497,-0.00021601483821894824,-0.0007200108567021249,0.0013559923702662863,9.16889826589073e-05,0.0028655812052621513,,,,,,,,,,1.1102230246251565e-16,0.0,0.0,1.0118349158438622e-08,5.003951305505604e-08,2.7407770066828443e-07,0.0,0.0,7.771561172974352e-16,0.0,True,,
shared|c40|shared|vacuum_f|RESET|A|p0005,PHASE9-FRESH-TWIN-ROUND-LEDGER-V1,shared,shared|vacuum_f|RESET,ab/c40/shared/vacuum_f/RESET,A,PHASE9-BACKEND-A-JOINT-FOCK-QUTRIT-GKSL-V1,40,rao_blackwell_expected_reset_repair,1803005,5,,0,True,RESET,,,vacuum_f,,NUMPY_SEEDSEQUENCE_ADDRESSED,repair_c40_shared_vacuum_f_RESET_A__33670dbe1a489af6,5,5,5,5,3f55d5fb8e18c161830081b80f97573d510fd2b6385679ff9084201ba5cff041,0.0,0.0,0.0013118264709090083,0.007069461788035199,0.9916187117410559,2.3689020016923367e-23,4.552362204391102e-22,1.0,0.021539704109360167,1.3836536405315152,1.0408340855860843e-17,0.0,-11.261662694051484,-11.261662694051484,3.3812898518337526,2.3689020016923367e-23,4.552362204391102e-22,1.0,0.82,6.828543306586658e-24,0.18000000000000002,0.0,True,True,success,0.82,False,0.18000000000000002,0,0.004893990019557262,1.1403615185022142,0.03483152962877566,-0.005580917890236999,0.03979135339687055,-8.832297963445367,-1.1040372454306708,-0.12194161757916877,-4.333242445342057,-4.211300827762888,-0.000856519544321474,-0.0034915261211129057,-0.00010313753899825195,0.0006172765483455902,0.0010347718286974478,,,,,,,,,,0.0,0.0,0.0,1.0115243593156655e-08,5.003951305505442e-08,2.7407770066827554e-07,0.0,0.0,4.898872707051883e-36,0.0,True,,
shared|c40|shared|vacuum_f|RESET|A|p0006,PHASE9-FRESH-TWIN-ROUND-LEDGER-V1,shared,shared|vacuum_f|RESET,ab/c40/shared/vacuum_f/RESET,A,PHASE9-BACKEND-A-JOINT-FOCK-QUTRIT-GKSL-V1,40,rao_blackwell_expected_reset_repair,1803006,6,,0,True,RESET,,,vacuum_f,,NUMPY_SEEDSEQUENCE_ADDRESSED,repair_c40_shared_vacuum_f_RESET_A__33670dbe1a489af6,6,6,6,6,3ebf2d75af9968b2ab43df1bdfc5215062adc27fb386fbb57852f63ae180539f,0.0,0.0,0.0013118264709090083,0.007069461788035199,0.9916187117410559,4.713241886833873e-18,1.8758556362745298e-17,1.0,-0.0051346997259616445,1.0978171594763504,8.673617379884035e-19,0.0,-7.466554669428156,-7.466554669428156,2.050972622890178,4.713241886833873e-18,1.8758556362745298e-17,1.0,0.82,2.8137834544117967e-19,0.18000000000000002,0.0,True,False,failure,0.82,True,0.18000000000000002,1,0.004893990019557262,1.1403615185022142,0.03483152962877566,-0.005580917890236999,0.03979135339687055,-14.89115108648376,-1.86139388581047,-8.358810069154357,-2.514176377583822,5.844633691570535,0.0006367339865101522,-0.00043583669131785473,0.0014083771014727397,-0.0029478194858431053,0.0013993060935507898,,,,,,,,,,0.0,0.0,0.0,1.0115243593156655e-08,5.003951305505442e-08,2.7407770066827554e-07,0.0,0.0,8.551128953079327e-32,0.0,True,,
shared|c40|shared|vacuum_f|RESET|A|p0007,PHASE9-FRESH-TWIN-ROUND-LEDGER-V1,shared,shared|vacuum_f|RESET,ab/c40/shared/vacuum_f/RESET,A,PHASE9-BACKEND-A-JOINT-FOCK-QUTRIT-GKSL-V1,40,rao_blackwell_expected_reset_repair,1803007,7,,0,True,RESET,,,vacuum_f,,NUMPY_SEEDSEQUENCE_ADDRESSED,repair_c40_shared_vacuum_f_RESET_A__33670dbe1a489af6,7,7,7,7,2aa181f6ba52ac8c5c681d91a52d5476d05a6e2cdbe34c20e607c80a17ed2297,0.0,0.0,0.0013118264709090083,0.007069461788035199,0.9916187117410559,1.0436112970427941e-16,8.894025294807894e-19,0.9999999999999999,-0.10926087372863688,1.0972082777552954,0.0,2.220446049250313e-16,-12.592760206712965,-12.592760206712965,4.317324210638101,1.0436112970427941e-16,8.894025294807894e-19,0.9999999999999999,0.82,1.3341037942211853e-20,0.18000000000000005,0.0,True,True,success,0.82,False,0.18000000000000005,0,0.004893990019557262,1.1403615185022142,0.03483152962877566,-0.005580917890236999,0.03979135339687055,-7.708505038833706,-0.9635631298542132,-0.6216939048403107,-4.311297322251714,-3.689603417411403,-0.002637524449713437,-0.0009071467930042551,0.0025288766265826237,-0.0019517132636281895,0.0010798414790383964,,,,,,,,,,1.1102230246251565e-16,0.0,0.0,1.0115243514652034e-08,5.003951305505442e-08,2.7407770066827554e-07,0.0,0.0,1.1102230246251607e-16,0.0,True,,
shared|c40|shared|vacuum_f|RESET|A|p0008,PHASE9-FRESH-TWIN-ROUND-LEDGER-V1,shared,shared|vacuum_f|RESET,ab/c40/shared/vacuum_f/RESET,A,PHASE9-BACKEND-A-JOINT-FOCK-QUTRIT-GKSL-V1,40,rao_blackwell_expected_reset_repair,1803008,8,,0,True,RESET,,,vacuum_f,,NUMPY_SEEDSEQUENCE_ADDRESSED,repair_c40_shared_vacuum_f_RESET_A__33670dbe1a489af6,8,8,8,8,f1647b69bb1454f58cd399856de59b5dea440b5106ddc79663e78ae6b7e85e2e,0.0,0.0,0.0013118264709090083,0.007069461788035199,0.9916187117410559,9.468315312183695e-15,9.47024114487169e-13,0.9999999999990435,0.049485339627885205,0.8669819019293695,6.938893903907228e-18,0.0,-9.479501833735231,-9.479501833735231,2.340149646705625,9.468315312183695e-15,9.47024114487169e-13,0.9999999999990435,0.8200000000001579,1.4205361717307544e-14,0.17999999999982783,0.0,True,True,success,0.8200000000001579,False,0.17999999999982783,0,0.004893990019557262,1.1403615185022142,0.03483152962877566,-0.005580917890236999,0.03979135339687055,-15.896165801859544,-1.987020725232443,-7.800106707282733,-3.1394056120998366,4.660701095182897,-0.0036175604876372185,-0.0008278990240699415,0.000680523870956031,-0.0022368238042793677,0.003390908233464518,,,,,,,,,,0.0,0.0,0.0,1.0115477065910575e-08,5.0039513055054545e-08,2.740777006682762e-07,0.0,0.0,7.771561172419199e-16,0.0,True,,
shared|c40|shared|vacuum_f|RESET|A|p0009,PHASE9-FRESH-TWIN-ROUND-LEDGER-V1,shared,shared|vacuum_f|RESET,ab/c40/shared/vacuum_f/RESET,A,PHASE9-BACKEND-A-JOINT-FOCK-QUTRIT-GKSL-V1,40,rao_blackwell_expected_reset_repair,1803009,9,,0,True,RESET,,,vacuum_f,,NUMPY_SEEDSEQUENCE_ADDRESSED,repair_c40_shared_vacuum_f_RESET_A__33670dbe1a489af6,9,9,9,9,f060d4052b52491398a4fd20952bb9bd229d08dff17665a5b0b280c83448f041,0.0,0.0,0.0013118264709090083,0.007069461788035199,0.9916187117410559,3.7035495304977707e-16,1.778029288578798e-18,0.9999999999999997,-0.11898330692981814,1.07267423944301,1.3877787807814457e-17,0.0,-8.815362908435622,-8.815362908435622,2.5334083667265794,3.7035495304977707e-16,1.778029288578798e-18,0.9999999999999997,0.8200000000000001,2.6670439328681994e-20,0.17999999999999994,0.0,True,True,success,0.8200000000000001,False,0.17999999999999994,0,0.004893990019557262,1.1403615185022142,0.03483152962877566,-0.005580917890236999,0.03979135339687055,-13.365460825177632,-1.670682603147204,-6.483282195076331,-2.4484055072626045,4.0348766878137265,0.0019868710911119395,0.0012301931740180958,0.0012931582134393187,-0.002358422725547375,0.00276002517257019,,,,,,,,,,1.1102230246251565e-16,0.0,0.0,1.0115243671661278e-08,5.003951305505442e-08,2.7407770066827554e-07,0.0,0.0,3.3306690738754815e-16,0.0,True,,
shared|c40|shared|vacuum_f|RESET|A|p0010,PHASE9-FRESH-TWIN-ROUND-LEDGER-V1,shared,shared|vacuum_f|RESET,ab/c40/shared/vacuum_f/RESET,A,PHASE9-BACKEND-A-JOINT-FOCK-QUTRIT-GKSL-V1,40,rao_blackwell_expected_reset_repair,1803010,10,,0,True,RESET,,,vacuum_f,,NUMPY_SEEDSEQUENCE_ADDRESSED,repair_c40_shared_vacuum_f_RESET_A__33670dbe1a489af6,10,10,10,10,ebcb90aea01caae2268f205cefc180413a337d788c3b07fee06de37d6de87df7,0.0,0.0,0.0013118264709090083,0.007069461788035199,0.9916187117410559,2.2621280004237445e-20,2.1336050962078508e-14,0.9999999999999787,0.20452495756105704,1.0765644715215363,0.0,0.0,-12.252629951763417,-12.252629951763417,3.900605544015308,2.2621280004237445e-20,2.1336050962078508e-14,0.9999999999999787,0.8200000000000035,3.200407644311778e-16,0.17999999999999616,0.0,True,True,success,0.8200000000000035,False,0.17999999999999616,0,0.004893990019557262,1.1403615185022142,0.03483152962877566,-0.005580917890236999,0.03979135339687055,-11.271633914336613,-1.4089542392920766,-2.023788436297152,-5.136596826681547,-3.1128083903843953,-0.0013972755394045515,0.00017249777747359,0.0006746907309133406,-0.0002222241418660851,0.003104460133548809,,,,,,,,,,0.0,0.0,0.0,1.0115248833340239e-08,5.0039513055054425e-08,2.740777006682756e-07,0.0,0.0,8.519704697697665e-29,0.0,True,,
shared|c40|shared|vacuum_f|RESET|A|p0011,PHASE9-FRESH-TWIN-ROUND-LEDGER-V1,shared,shared|vacuum_f|RESET,ab/c40/shared/vacuum_f/RESET,A,PHASE9-BACKEND-A-JOINT-FOCK-QUTRIT-GKSL-V1,40,rao_blackwell_expected_reset_repair,1803011,11,,0,True,RESET,,,vacuum_f,,NUMPY_SEEDSEQUENCE_ADDRESSED,repair_c40_shared_vacuum_f_RESET_A__33670dbe1a489af6,11,11,11,11,b59581e185fba61cdd8e2566921cddf7e04e84755096f11ddf2c73face2724b6,0.0,0.0,0.0013118264709090083,0.007069461788035199,0.9916187117410559,2.75765035955645e-17,4.0393746999910087e-16,0.9999999999999996,0.016940025580351473,1.0372595469539627,1.3877787807814457e-17,0.0,-10.099067206425227,-10.099067206425227,3.182050718072058,2.75765035955645e-17,4.0393746999910087e-16,0.9999999999999996,0.8200000000000001,6.059062049986517e-18,0.1799999999999999,0.0,True,False,failure,0.8200000000000001,True,0.1799999999999999,1,0.004893990019557262,1.1403615185022142,0.03483152962877566,-0.005580917890236999,0.03979135339687055,-18.44075523067945,-2.3050944038349312,6.008856533185261,4.201433837675671,-1.8074226955095902,-0.000348043859088759,0.004390206311593739,0.0027070152803512788,0.0014226140030164348,0.002067883765729625,,,,,,,,,,0.0,0.0,0.0,1.0115243750165902e-08,5.003951305505442e-08,2.7407770066827554e-07,0.0,0.0,4.440892098500631e-16,0.0,True,,
shared|c40|shared|vacuum_f|RESET|A|p0012,PHASE9-FRESH-TWIN-ROUND-LEDGER-V1,shared,shared|vacuum_f|RESET,ab/c40/shared/vacuum_f/RESET,A,PHASE9-BACKEND-A-JOINT-FOCK-QUTRIT-GKSL-V1,40,rao_blackwell_expected_reset_repair,1803012,12,,0,True,RESET,,,vacuum_f,,NUMPY_SEEDSEQUENCE_ADDRESSED,repair_c40_shared_vacuum_f_RESET_A__33670dbe1a489af6,12,12,12,12,5de5339fa4114efef42a1f2497c5998fe0ccca4c8c0a24364495730778d7aa6e,0.0,0.0,0.0013118264709090083,0.007069461788035199,0.9916187117410559,1.877588654210469e-23,1.5926909794871532e-13,0.9999999999998407,0.35876200151621696,1.1402234391045336,5.551115123125783e-17,0.0,-9.355594838381185,-9.355594838381185,1.9129916056360279,1.877588654210469e-23,1.5926909794871532e-13,0.9999999999998407,0.8200000000000262,2.3890364692307333e-15,0.17999999999997146,0.0,True,True,success,0.8200000000000262,False,0.17999999999997146,0,0.004893990019557262,1.1403615185022142,0.03483152962877566,-0.005580917890236999,0.03979135339687055,-15.186554188528254,-1.8983192735660317,8.0082699733108,5.0307283398813505,-2.977541633429449,-0.00027895965907337645,0.0011996375708321644,0.004056158539478043,-0.004849636981384283,0.001472942771373987,,,,,,,,,,0.0,0.0,0.0,1.011528231556209e-08,5.003951305505444e-08,2.7407770066827564e-07,0.0,0.0,5.551115123131084e-16,0.0,True,,
shared|c40|shared|vacuum_f|RESET|A|p0013,PHASE9-FRESH-TWIN-ROUND-LEDGER-V1,shared,shared|vacuum_f|RESET,ab/c40/shared/vacuum_f/RESET,A,PHASE9-BACKEND-A-JOINT-FOCK-QUTRIT-GKSL-V1,40,rao_blackwell_expected_reset_repair,1803013,13,,0,True,RESET,,,vacuum_f,,NUMPY_SEEDSEQUENCE_ADDRESSED,repair_c40_shared_vacuum_f_RESET_A__33670dbe1a489af6,13,13,13,13,52f1dadde72d227e9acd202c221623a07de22d6d4054f09b6eaff7753dbb8b17,0.0,0.0,0.0013118264709090083,0.007069461788035199,0.9916187117410559,5.289091301086781e-18,1.0403884189259513e-13,0.999999999999896,0.13896015588677618,0.9884254923263638,0.0,1.1102230246251565e-16,-14.551768739777835,-14.551768739777835,4.974504606766057,5.289091301086781e-18,1.0403884189259513e-13,0.999999999999896,0.8200000000000172,1.5605826283889282e-15,0.1799999999999813,0.0,True,True,success,0.8200000000000172,False,0.1799999999999813,0,0.004893990019557262,1.1403615185022142,0.03483152962877566,-0.005580917890236999,0.03979135339687055,-4.913672391452045,-0.6142090489315056,-0.30135108056246906,-5.307689324097778,-5.006338243535309,0.00013467033373072303,0.0005106154172520486,0.0010250561520787457,-0.00034713565109263417,0.0006424647324748014,,,,,,,,,,0.0,0.0,0.0,1.0115268989402233e-08,5.003951305505443e-08,2.7407770066827564e-07,0.0,0.0,7.771561172385057e-16,0.0,True,,
shared|c40|shared|vacuum_f|RESET|A|p0014,PHASE9-FRESH-TWIN-ROUND-LEDGER-V1,shared,shared|vacuum_f|RESET,ab/c40/shared/vacuum_f/RESET,A,PHASE9-BACKEND-A-JOINT-FOCK-QUTRIT-GKSL-V1,40,rao_blackwell_expected_reset_repair,1803014,14,,0,True,RESET,,,vacuum_f,,NUMPY_SEEDSEQUENCE_ADDRESSED,repair_c40_shared_vacuum_f_RESET_A__33670dbe1a489af6,14,14,14,14,217d408967328ecbcdeca95f85cd9e0cadcccbc764eb0f5abf37613d3615a15f,0.0,0.0,0.0013118264709090083,0.007069461788035199,0.9916187117410559,4.489453522467673e-16,1.3721726052837534e-20,0.9999999999999996,-0.2046500887597813,1.1311738159157483,0.0,2.220446049250313e-16,-9.360455507813576,-9.360455507813576,2.6077887688168353,4.489453522467673e-16,1.3721726052837534e-20,0.9999999999999996,0.8200000000000001,2.0582589079256313e-22,0.1799999999999999,0.0,True,True,success,0.8200000000000001,False,0.1799999999999999,0,0.004893990019557262,1.1403615185022142,0.03483152962877566,-0.005580917890236999,0.03979135339687055,-13.959225733623617,-1.7449032167029521,-8.154510062252957,-1.604583720823884,6.549926341429073,-0.0014921462497351067,-0.0010928053732563502,0.002080186799920444,-0.0006211273115449987,0.0019115943277269738,,,,,,,,,,0.0,0.0,0.0,1.0115243750165902e-08,5.003951305505442e-08,2.7407770066827554e-07,0.0,0.0,4.44089209850064e-16,0.0,True,,
shared|c40|shared|vacuum_f|RESET|A|p0015,PHASE9-FRESH-TWIN-ROUND-LEDGER-V1,shared,shared|vacuum_f|RESET,ab/c40/shared/vacuum_f/RESET,A,PHASE9-BACKEND-A-JOINT-FOCK-QUTRIT-GKSL-V1,40,rao_blackwell_expected_reset_repair,1803015,15,,0,True,RESET,,,vacuum_f,,NUMPY_SEEDSEQUENCE_ADDRESSED,repair_c40_shared_vacuum_f_RESET_A__33670dbe1a489af6,15,15,15,15,8badf6f021d07cf58c03e8867d2cad80c3b0fb32addad42ae7e43b9a9a338d6c,0.0,0.0,0.0013118264709090083,0.007069461788035199,0.9916187117410559,3.732809147006968e-23,1.449934631127744e-19,1.0,0.11147859682877176,1.3057889337022264,0.0,0.0,-17.2237649414659,-17.2237649414659,6.2755090728164005,3.732809147006968e-23,1.449934631127744e-19,1.0,0.82,2.1749019466916174e-21,0.18000000000000002,0.0,True,True,success,0.82,False,0.18000000000000002,0,0.004893990019557262,1.1403615185022142,0.03483152962877566,-0.005580917890236999,0.03979135339687055,-8.117009628587681,-1.0146262035734601,-1.34526268221647,-4.730468372707627,-3.3852056904911567,0.0020574881775253496,-0.002002580427786811,0.0028433273492192747,-0.0035731938012678083,0.002292582711157601,,,,,,,,,,0.0,0.0,0.0,1.0115243593156655e-08,5.003951305505442e-08,2.7407770066827554e-07,0.0,0.0,1.6371521246924786e-33,0.0,True,,
shared|c40|shared|vacuum_f|RESET|A|p0016,PHASE9-FRESH-TWIN-ROUND-LEDGER-V1,shared,shared|vacuum_f|RESET,ab/c40/shared/vacuum_f/RESET,A,PHASE9-BACKEND-A-JOINT-FOCK-QUTRIT-GKSL-V1,40,rao_blackwell_expected_reset_repair,1803016,16,,0,True,RESET,,,vacuum_f,,NUMPY_SEEDSEQUENCE_ADDRESSED,repair_c40_shared_vacuum_f_RESET_A__33670dbe1a489af6,16,16,16,16,fa334b4722c1294c82040e35b3cd1ac257237c7eb5fb4e053879fa25ea79255e,0.0,0.0,0.0013118264709090083,0.007069461788035199,0.9916187117410559,1.0773357195355365e-19,4.9902206243200163e-23,1.0,-0.15859847009908565,1.3058729340008073,0.0,2.220446049250313e-16,-9.839818104428868,-9.83981810442887,2.7709689554553214,1.0773357195355365e-19,4.9902206243200163e-23,1.0,0.82,7.485330936480031e-25,0.18000000000000002,0.0,True,True,success,0.82,False,0.18000000000000002,0,0.004893990019557262,1.1403615185022142,0.03483152962877566,-0.005580917890236999,0.03979135339687055,-10.12685153359363,-1.2658564416992037,0.5871258888542812,-4.48321856507511,-5.070344453929391,-0.0003755633482615911,-0.0020357178700235,0.00013518323815672967,-0.0012345364584440627,0.0009975776538173047,,,,,,,,,,0.0,0.0,0.0,1.0115243593156655e-08,5.003951305505442e-08,2.7407770066827554e-07,0.0,0.0,4.3352819405501374e-34,1.7763568394002505e-15,True,,
shared|c40|shared|vacuum_f|RESET|A|p0017,PHASE9-FRESH-TWIN-ROUND-LEDGER-V1,shared,shared|vacuum_f|RESET,ab/c40/shared/vacuum_f/RESET,A,PHASE9-BACKEND-A-JOINT-FOCK-QUTRIT-GKSL-V1,40,rao_blackwell_expected_reset_repair,1803017,17,,0,True,RESET,,,vacuum_f,,NUMPY_SEEDSEQUENCE_ADDRESSED,repair_c40_shared_vacuum_f_RESET_A__33670dbe1a489af6,17,17,17,17,3f08598738f181894c79159b16f833bd6287d75830c36dda16402c6125d12214,0.0,0.0,0.0013118264709090083,0.007069461788035199,0.9916187117410559,1.109555756680384e-22,6.090996426870722e-15,0.9999999999999939,0.2733727118921563,1.1588461081294306,0.0,0.0,-11.456789055662805,-11.456789055662805,3.31318079406777,1.109555756680384e-22,6.090996426870722e-15,0.9999999999999939,0.820000000000001,9.136494640306092e-17,0.17999999999999897,0.0,True,True,success,0.820000000000001,False,0.17999999999999897,0,0.004893990019557262,1.1403615185022142,0.03483152962877566,-0.005580917890236999,0.03979135339687055,-18.07658139726117,-2.259572674657646,4.717403335815631,3.9867189641485936,-0.7306843716670377,0.002341682797198351,-0.0014462469545822427,0.0022568618993802744,0.0015126715622679919,0.0021343357797553916,,,,,,,,,,0.0,0.0,0.0,1.011524504549218e-08,5.003951305505442e-08,2.7407770066827554e-07,0.0,0.0,7.771561172376277e-16,0.0,True,,
shared|c40|shared|vacuum_f|RESET|A|p0018,PHASE9-FRESH-TWIN-ROUND-LEDGER-V1,shared,shared|vacuum_f|RESET,ab/c40/shared/vacuum_f/RESET,A,PHASE9-BACKEND-A-JOINT-FOCK-QUTRIT-GKSL-V1,40,rao_blackwell_expected_reset_repair,1803018,18,,0,True,RESET,,,vacuum_f,,NUMPY_SEEDSEQUENCE_ADDRESSED,repair_c40_shared_vacuum_f_RESET_A__33670dbe1a489af6,18,18,18,18,6a318dbb284f5d90390870486226f068eb73571b561f2a6ab85a5475702dc8ac,0.0,0.0,0.0013118264709090083,0.007069461788035199,0.9916187117410559,1.9317949044490854e-20,6.519202713231483e-27,1.0,-0.28098901390671716,1.4393758974252004,0.0,0.0,-12.412731636025184,-12.412731636025184,3.0506203934139515,1.9317949044490854e-20,6.519202713231483e-27,1.0,0.82,9.778804069847232e-29,0.18000000000000002,0.0,True,True,success,0.82,False,0.18000000000000002,0,0.004893990019557262,1.1403615185022142,0.03483152962877566,-0.005580917890236999,0.03979135339687055,-15.019410119039874,-1.8774262648799842,-5.73028718591259,-1.6771171587587395,4.05317002715385,0.00044456415776679637,-0.0009264745761051878,0.001819791473886594,-0.0012217775231360944,0.0009395772815561478,,,,,,,,,,0.0,0.0,0.0,1.0115243593156655e-08,5.003951305505442e-08,2.7407770066827554e-07,0.0,0.0,5.71760681828701e-35,0.0,True,,
shared|c40|shared|vacuum_f|RESET|A|p0019,PHASE9-FRESH-TWIN-ROUND-LEDGER-V1,shared,shared|vacuum_f|RESET,ab/c40/shared/vacuum_f/RESET,A,PHASE9-BACKEND-A-JOINT-FOCK-QUTRIT-GKSL-V1,40,rao_blackwell_expected_reset_repair,1803019,19,,0,True,RESET,,,vacuum_f,,NUMPY_SEEDSEQUENCE_ADDRESSED,repair_c40_shared_vacuum_f_RESET_A__33670dbe1a489af6,19,19,19,19,12f0e50ce99639c07d339083e5e131d0361b31371f1edef00e8530d51ff7f4d9,0.0,0.0,0.0013118264709090083,0.007069461788035199,0.9916187117410559,3.8050300544894926e-24,2.1006940038112254e-22,1.0,0.03941788459019713,1.4162360353930405,1.3877787807814457e-17,2.220446049250313e-16,-11.279021640964121,-11.279021640964121,3.250269545926125,3.8050300544894926e-24,2.1006940038112254e-22,1.0,0.82,3.151041005716841e-24,0.18000000000000002,0.0,True,True,success,0.82,False,0.18000000000000002,0,0.004893990019557262,1.1403615185022142,0.03483152962877566,-0.005580917890236999,0.03979135339687055,-11.874514488953341,-1.4843143111191677,1.3882113709618817,-4.602323434644015,-5.990534805605897,-0.0009161553935695589,0.001093898024472792,0.0012843617861661891,-0.004405816691193113,0.00232300008751049,,,,,,,,,,0.0,0.0,0.0,1.0115243593156655e-08,5.003951305505442e-08,2.7407770066827554e-07,0.0,0.0,8.933757066249385e-37,0.0,True,,
shared|c40|shared|vacuum_f|RESET|A|p0020,PHASE9-FRESH-TWIN-ROUND-LEDGER-V1,shared,shared|vacuum_f|RESET,ab/c40/shared/vacuum_f/RESET,A,PHASE9-BACKEND-A-JOINT-FOCK-QUTRIT-GKSL-V1,40,rao_blackwell_expected_reset_repair,1803020,20,,0,True,RESET,,,vacuum_f,,NUMPY_SEEDSEQUENCE_ADDRESSED,repair_c40_shared_vacuum_f_RESET_A__33670dbe1a489af6,20,20,20,20,d722e00f007956fa03b7f33d0585cc00c61ab827207fe5ee1c9cd247a155093c,0.0,0.0,0.0013118264709090083,0.007069461788035199,0.9916187117410559,6.775407736512811e-13,1.310614102098294e-15,0.9999999999993211,-0.13438313547598663,0.8959360446623559,0.0,1.1102230246251565e-16,-9.817003780069358,-9.817003780069358,2.49519632094777,6.775407736512811e-13,1.310614102098294e-15,0.9999999999993211,0.8200000000001221,1.9659211531474432e-17,0.1799999999998779,0.0,True,True,success,0.8200000000001221,False,0.1799999999998779,0,0.004893990019557262,1.1403615185022142,0.03483152962877566,-0.005580917890236999,0.03979135339687055,-8.052701259628664,-1.006587657453583,1.047882580595771,-4.000369258532135,-5.048251839127905,0.0007544242233587094,0.00039746600077005196,0.003806907443074873,-0.0012104027226651156,0.0009951788681637822,,,,,,,,,,0.0,0.0,0.0,1.011541630332711e-08,5.003951305505442e-08,2.7407770066827554e-07,0.0,0.0,3.330669073877495e-16,0.0,True,,
shared|c40|shared|vacuum_f|RESET|A|p0021,PHASE9-FRESH-TWIN-ROUND-LEDGER-V1,shared,shared|vacuum_f|RESET,ab/c40/shared/vacuum_f/RESET,A,PHASE9-BACKEND-A-JOINT-FOCK-QUTRIT-GKSL-V1,40,rao_blackwell_expected_reset_repair,1803021,21,,0,True,RESET,,,vacuum_f,,NUMPY_SEEDSEQUENCE_ADDRESSED,repair_c40_shared_vacuum_f_RESET_A__33670dbe1a489af6,21,21,21,21,1b963fb2a659e9ed006c4db839cd52d6d0cf735d8d0f77257b4a0d78ef9ed438,0.0,0.0,0.0013118264709090083,0.007069461788035199,0.9916187117410559,3.4300466801442215e-20,1.2081451192854616e-15,0.9999999999999988,0.14882948701951482,1.107305892596538,2.7755575615628914e-17,0.0,-7.900794415663252,-7.900794415663252,2.081281585738688,3.4300466801442215e-20,1.2081451192854616e-15,0.9999999999999988,0.8200000000000002,1.8122176789281935e-17,0.1799999999999998,0.0,True,True,success,0.8200000000000002,False,0.1799999999999998,0,0.004893990019557262,1.1403615185022142,0.03483152962877566,-0.005580917890236999,0.03979135339687055,-14.223703821128233,-1.777962977641029,-6.238391036226954,-0.9682162009361477,5.270174835290806,0.0013179924743464573,-0.0003133703735234559,0.005882088757782615,-0.0027244237591987266,0.0029430718359274885,,,,,,,,,,0.0,0.0,0.0,1.0115243907175147e-08,5.003951305505442e-08,2.7407770066827554e-07,0.0,0.0,3.330669073875531e-16,0.0,True,,
shared|c40|shared|vacuum_f|RESET|A|p0022,PHASE9-FRESH-TWIN-ROUND-LEDGER-V1,shared,shared|vacuum_f|RESET,ab/c40/shared/vacuum_f/RESET,A,PHASE9-BACKEND-A-JOINT-FOCK-QUTRIT-GKSL-V1,40,rao_blackwell_expected_reset_repair,1803022,22,,0,True,RESET,,,vacuum_f,,NUMPY_SEEDSEQUENCE_ADDRESSED,repair_c40_shared_vacuum_f_RESET_A__33670dbe1a489af6,22,22,22,22,df244db5cf9338b98c1d2374b145b1d74945668a7d28e376c4b9a8b201086e31,0.0,0.0,0.0013118264709090083,0.007069461788035199,0.9916187117410559,4.810857032958032e-12,3.897137907146368e-18,0.9999999999951892,-0.2661544769824844,0.944243009442011,0.0,1.1102230246251565e-16,-8.919753295056735,-8.919753295056735,1.837208703222782,4.810857032958032e-12,3.897137907146368e-18,0.9999999999951892,0.8200000000008659,5.845706860719557e-20,0.17999999999913407,0.0,True,True,success,0.8200000000008659,False,0.17999999999913407,0,0.004893990019557262,1.1403615185022142,0.03483152962877566,-0.005580917890236999,0.03979135339687055,-16.722996062905167,-2.090374507863146,5.1099589399704195,3.3168910695188716,-1.793067870451548,-0.0018721988696924678,0.002034385605211976,0.0015973913990582856,-0.005474316636970254,0.0024504844678198633,,,,,,,,,,0.0,0.0,0.0,1.0116468245648273e-08,5.003951305505442e-08,2.7407770066827554e-07,0.0,0.0,4.440892098831822e-16,0.0,True,,
shared|c40|shared|vacuum_f|RESET|A|p0023,PHASE9-FRESH-TWIN-ROUND-LEDGER-V1,shared,shared|vacuum_f|RESET,ab/c40/shared/vacuum_f/RESET,A,PHASE9-BACKEND-A-JOINT-FOCK-QUTRIT-GKSL-V1,40,rao_blackwell_expected_reset_repair,1803023,23,,0,True,RESET,,,vacuum_f,,NUMPY_SEEDSEQUENCE_ADDRESSED,repair_c40_shared_vacuum_f_RESET_A__33670dbe1a489af6,23,23,23,23,7088bbf21142ea4399ade2fccc754690a22f77a691e3ba9d6c14e8c76164aa16,0.0,0.0,0.0013118264709090083,0.007069461788035199,0.9916187117410559,2.3051230078169595e-21,1.0608412702165608e-18,1.0,0.07534282532961045,1.229240136259536,0.0,0.0,-7.783772959919929,-7.783772959919929,2.1234977988553023,2.3051230078169595e-21,1.0608412702165608e-18,1.0,0.82,1.5912619053248424e-20,0.18000000000000002,0.0,True,True,success,0.82,False,0.18000000000000002,0,0.004893990019557262,1.1403615185022142,0.03483152962877566,-0.005580917890236999,0.03979135339687055,-10.563210008603654,-1.3204012510754568,0.6889897238560643,-5.123274469585422,-5.812264193441487,0.0017962157433435875,4.884548523950689e-05,-0.0014342956378123424,0.0011321931372225073,0.000938607279525541,,,,,,,,,,0.0,0.0,0.0,1.0115243593156655e-08,5.003951305505442e-08,2.7407770066827554e-07,0.0,0.0,4.243816725112655e-33,0.0,True,,
shared|c40|shared|vacuum_f|RESET|A|p0024,PHASE9-FRESH-TWIN-ROUND-LEDGER-V1,shared,shared|vacuum_f|RESET,ab/c40/shared/vacuum_f/RESET,A,PHASE9-BACKEND-A-JOINT-FOCK-QUTRIT-GKSL-V1,40,rao_blackwell_expected_reset_repair,1803024,24,,0,True,RESET,,,vacuum_f,,NUMPY_SEEDSEQUENCE_ADDRESSED,repair_c40_shared_vacuum_f_RESET_A__33670dbe1a489af6,24,24,24,24,98e833f5a18299fc873ba23ad290e7cf6ec9e60f40391ee11fca59473b191904,0.0,0.0,0.0013118264709090083,0.007069461788035199,0.9916187117410559,2.8898718166149646e-18,2.8641274028515557e-19,1.0,-0.0676952036856589,1.1563078955336532,0.0,0.0,-5.965370038185465,-5.965370038185464,1.3442426155198344,2.8898718166149646e-18,2.8641274028515557e-19,1.0,0.82,4.296191104277337e-21,0.18000000000000002,0.0,True,True,success,0.82,False,0.18000000000000002,0,0.004893990019557262,1.1403615185022142,0.03483152962877566,-0.005580917890236999,0.03979135339687055,-15.740832841398353,-1.9676041051747941,4.9327329264542685,4.391745625778718,-0.5409873006755506,0.0005689177128306286,-0.0031213484131304794,0.0036680628521969564,0.0006682339959590039,0.002925681619683378,,,,,,,,,,0.0,0.0,0.0,1.0115243593156655e-08,5.003951305505442e-08,2.7407770066827554e-07,0.0,0.0,1.28555823787848e-32,8.881784197001252e-16,True,,
shared|c40|shared|vacuum_f|RESET|A|p0025,PHASE9-FRESH-TWIN-ROUND-LEDGER-V1,shared,shared|vacuum_f|RESET,ab/c40/shared/vacuum_f/RESET,A,PHASE9-BACKEND-A-JOINT-FOCK-QUTRIT-GKSL-V1,40,rao_blackwell_expected_reset_repair,1803025,25,,0,True,RESET,,,vacuum_f,,NUMPY_SEEDSEQUENCE_ADDRESSED,repair_c40_shared_vacuum_f_RESET_A__33670dbe1a489af6,25,25,25,25,b99cb24f005e9da78c4ed04ac3b00f67270c3eef0d66d13300565935d2407a8e,0.0,0.0,0.0013118264709090083,0.007069461788035199,0.9916187117410559,2.6984014139151473e-13,7.843288410265347e-11,0.9999999999212973,0.06755810673847006,0.7697311547967421,0.0,1.1102230246251565e-16,-11.886825799499084,-11.886825799499084,2.916480932207821,2.6984014139151473e-13,7.843288410265347e-11,0.9999999999212973,0.8200000000129899,1.1764932615398035e-12,0.17999999998583363,0.0,True,False,failure,0.8200000000129899,True,0.17999999998583363,1,0.004893990019557262,1.1403615185022142,0.03483152962877566,-0.005580917890236999,0.03979135339687055,-16.206171048203487,-2.025771381025436,-7.627116285830432,-2.6405473343005346,4.986568951529898,0.0028224193113231683,-8.421241170170413e-05,0.003993541959533443,-0.005345852289482405,0.0009258332424782888,,,,,,,,,,1.1102230246251565e-16,0.0,0.0,1.0134445995460838e-08,5.003951305506442e-08,2.7407770066833033e-07,0.0,0.0,5.551115123519582e-16,0.0,True,,
shared|c40|shared|vacuum_f|RESET|A|p0026,PHASE9-FRESH-TWIN-ROUND-LEDGER-V1,shared,shared|vacuum_f|RESET,ab/c40/shared/vacuum_f/RESET,A,PHASE9-BACKEND-A-JOINT-FOCK-QUTRIT-GKSL-V1,40,rao_blackwell_expected_reset_repair,1803026,26,,0,True,RESET,,,vacuum_f,,NUMPY_SEEDSEQUENCE_ADDRESSED,repair_c40_shared_vacuum_f_RESET_A__33670dbe1a489af6,26,26,26,26,d790c3d0b7bc6dd8fe73d33bc5b84785f5ae0ffecf421179ce73817f4b2b0afc,0.0,0.0,0.0013118264709090083,0.007069461788035199,0.9916187117410559,4.649649539240431e-18,2.0833442662033174e-15,0.9999999999999979,0.07488972289476196,1.0390088668328428,0.0,0.0,-9.798085332747112,-9.798085332747112,3.003917246542823,4.649649539240431e-18,2.0833442662033174e-15,0.9999999999999979,0.8200000000000003,3.125016399304979e-17,0.1799999999999997,0.0,True,True,success,0.8200000000000003,False,0.1799999999999997,0,0.004893990019557262,1.1403615185022142,0.03483152962877566,-0.005580917890236999,0.03979135339687055,-16.61791620077906,-2.0772395250973825,5.7310390974207275,4.145592599326322,-1.5854464980944059,0.0007950130083345246,0.0002441117607939057,0.004992062307497443,0.0004885108020911829,0.0019806315977226137,,,,,,,,,,0.0,0.0,0.0,1.0115244064184393e-08,5.003951305505442e-08,2.7407770066827554e-07,0.0,0.0,3.330669073875596e-16,0.0,True,,
shared|c40|shared|vacuum_f|RESET|A|p0027,PHASE9-FRESH-TWIN-ROUND-LEDGER-V1,shared,shared|vacuum_f|RESET,ab/c40/shared/vacuum_f/RESET,A,PHASE9-BACKEND-A-JOINT-FOCK-QUTRIT-GKSL-V1,40,rao_blackwell_expected_reset_repair,1803027,27,,0,True,RESET,,,vacuum_f,,NUMPY_SEEDSEQUENCE_ADDRESSED,repair_c40_shared_vacuum_f_RESET_A__33670dbe1a489af6,27,27,27,27,5cff9cd5b20070abd95bf4d58c82989e582a05f15f626a70f3366749672ee77d,0.0,0.0,0.0013118264709090083,0.007069461788035199,0.9916187117410559,8.138475358682878e-21,8.27618939465003e-20,1.0,0.01075766307199258,1.2453854283634531,1.0408340855860843e-17,0.0,-7.799181194905994,-7.799181194905994,2.1525293796507055,8.138475358682878e-21,8.27618939465003e-20,1.0,0.82,1.2414284091975054e-21,0.18000000000000002,0.0,True,True,success,0.82,False,0.18000000000000002,0,0.004893990019557262,1.1403615185022142,0.03483152962877566,-0.005580917890236999,0.03979135339687055,-13.953879598634517,-1.7442349498293146,6.44930730345778,5.021069153493198,-1.4282381499645815,0.0012807811052131363,-0.0013280192640408393,0.002667882600958181,-0.00012466769310200414,0.002053079083567876,,,,,,,,,,0.0,0.0,0.0,1.0115243593156655e-08,5.003951305505442e-08,2.7407770066827554e-07,0.0,0.0,3.490748024201865e-34,0.0,True,,
shared|c40|shared|vacuum_f|RESET|A|p0028,PHASE9-FRESH-TWIN-ROUND-LEDGER-V1,shared,shared|vacuum_f|RESET,ab/c40/shared/vacuum_f/RESET,A,PHASE9-BACKEND-A-JOINT-FOCK-QUTRIT-GKSL-V1,40,rao_blackwell_expected_reset_repair,1803028,28,,0,True,RESET,,,vacuum_f,,NUMPY_SEEDSEQUENCE_ADDRESSED,repair_c40_shared_vacuum_f_RESET_A__33670dbe1a489af6,28,28,28,28,881677bdf17e00b7903e954da4bcb6c611eb84750bef5a40e9969f59735b1d06,0.0,0.0,0.0013118264709090083,0.007069461788035199,0.9916187117410559,2.2155302402062694e-17,5.544097614789612e-21,1.0,-0.1690299477911582,1.1801973119950446,0.0,0.0,-15.60683528870207,-15.60683528870207,5.5881452369266755,2.2155302402062694e-17,5.544097614789612e-21,1.0,0.82,8.316146422184423e-23,0.18000000000000002,0.0,True,True,success,0.82,False,0.18000000000000002,0,0.004893990019557262,1.1403615185022142,0.03483152962877566,-0.005580917890236999,0.03979135339687055,-14.808658960619278,-1.8510823700774097,5.8116093845615255,2.7669962701787956,-3.04461311438273,-0.0025067332151112753,-0.003455763631350753,0.001989262714030247,-0.001929731558582414,-0.0001723144506958138,,,,,,,,,,0.0,0.0,0.0,1.0115243593156655e-08,5.003951305505442e-08,2.7407770066827554e-07,0.0,0.0,6.473381562294691e-32,0.0,True,,
shared|c40|shared|vacuum_f|RESET|A|p0029,PHASE9-FRESH-TWIN-ROUND-LEDGER-V1,shared,shared|vacuum_f|RESET,ab/c40/shared/vacuum_f/RESET,A,PHASE9-BACKEND-A-JOINT-FOCK-QUTRIT-GKSL-V1,40,rao_blackwell_expected_reset_repair,1803029,29,,0,True,RESET,,,vacuum_f,,NUMPY_SEEDSEQUENCE_ADDRESSED,repair_c40_shared_vacuum_f_RESET_A__33670dbe1a489af6,29,29,29,29,942755dcb1624b4ceff6d95af514dc91c79baff8dbd4b49c752cd69f6a4bf6ed,0.0,0.0,0.0013118264709090083,0.007069461788035199,0.9916187117410559,3.274734311366537e-13,5.2413290367050216e-15,0.9999999999996673,-0.09858402226084541,0.8876840121725085,0.0,1.1102230246251565e-16,-11.708993460122478,-11.708993460122477,3.3996558342130982,3.274734311366537e-13,5.2413290367050216e-15,0.9999999999996673,0.8200000000000597,7.861993555057542e-17,0.17999999999994024,0.0,True,True,success,0.8200000000000597,False,0.17999999999994024,0,0.004893990019557262,1.1403615185022142,0.03483152962877566,-0.005580917890236999,0.03979135339687055,-16.12421809402411,-2.0155272617530136,-5.447429376034872,-0.25976552836068834,5.187663847674184,-0.0009742102053238162,-0.001317846611934827,0.00517416875911101,-0.0019912975852149615,0.0012384396895464952,,,,,,,,,,0.0,0.0,0.0,1.0115328103383243e-08,5.003951305505442e-08,2.7407770066827554e-07,0.0,0.0,5.551115123130966e-16,1.7763568394002505e-15,True,,
shared|c40|shared|vacuum_f|RESET|A|p0030,PHASE9-FRESH-TWIN-ROUND-LEDGER-V1,shared,shared|vacuum_f|RESET,ab/c40/shared/vacuum_f/RESET,A,PHASE9-BACKEND-A-JOINT-FOCK-QUTRIT-GKSL-V1,40,rao_blackwell_expected_reset_repair,1803030,30,,0,True,RESET,,,vacuum_f,,NUMPY_SEEDSEQUENCE_ADDRESSED,repair_c40_shared_vacuum_f_RESET_A__33670dbe1a489af6,30,30,30,30,0ebdb3a99a41d1c007c2c7b0ed3270d56b534d2327f678902ccef60531cb4737,0.0,0.0,0.0013118264709090083,0.007069461788035199,0.9916187117410559,4.4687328035865455e-20,1.7568328206007384e-15,0.9999999999999982,0.15069124474321655,1.0993050342313582,2.7755575615628914e-17,0.0,-9.647851815535278,-9.647851815535278,2.87588701333513,4.4687328035865455e-20,1.7568328206007384e-15,0.9999999999999982,0.8200000000000003,2.6352492309011093e-17,0.1799999999999997,0.0,True,True,success,0.8200000000000003,False,0.1799999999999997,0,0.004893990019557262,1.1403615185022142,0.03483152962877566,-0.005580917890236999,0.03979135339687055,-16.653326387375824,-2.081665798421978,-6.225439366580879,-2.9253546689254177,3.3000846976554614,-0.0009160395374115155,-0.002622952323474761,0.004696351507189982,-0.001013302991555441,0.0020212014249648756,,,,,,,,,,0.0,0.0,0.0,1.0115244064184393e-08,5.003951305505442e-08,2.7407770066827554e-07,0.0,0.0,2.56390627552766e-30,0.0,True,,
shared|c40|shared|vacuum_f|RESET|A|p0031,PHASE9-FRESH-TWIN-ROUND-LEDGER-V1,shared,shared|vacuum_f|RESET,ab/c40/shared/vacuum_f/RESET,A,PHASE9-BACKEND-A-JOINT-FOCK-QUTRIT-GKSL-V1,40,rao_blackwell_expected_reset_repair,1803031,31,,0,True,RESET,,,vacuum_f,,NUMPY_SEEDSEQUENCE_ADDRESSED,repair_c40_shared_vacuum_f_RESET_A__33670dbe1a489af6,31,31,31,31,23b1ed8f62bcbfe1835018fbbc4f5463f49eb131b5b2de4ed922e7149e55910b,0.0,0.0,0.0013118264709090083,0.007069461788035199,0.9916187117410559,1.4058225071577503e-21,6.618558998560017e-21,1.0,-0.0022889021188213093,1.299004396591877,5.204170427930421e-18,0.0,-13.576067685419213,-13.576067685419213,4.710571138337045,1.4058225071577503e-21,6.618558998560017e-21,1.0,0.82,9.927838497840033e-23,0.18000000000000002,0.0,True,True,success,0.82,False,0.18000000000000002,0,0.004893990019557262,1.1403615185022142,0.03483152962877566,-0.005580917890236999,0.03979135339687055,-15.179127026917438,-1.8973908783646798,6.918802746013576,5.556708638300947,-1.362094107712628,-0.00017950596156026313,8.728256110464773e-05,-0.0017961768614968687,-0.00466109383811094,0.0020248244540154456,,,,,,,,,,0.0,0.0,0.0,1.0115243593156655e-08,5.003951305505442e-08,2.7407770066827554e-07,0.0,0.0,2.4262203400972014e-35,0.0,True,,
shared|c40|shared|vacuum_f|RESET|A|p0032,PHASE9-FRESH-TWIN-ROUND-LEDGER-V1,shared,shared|vacuum_f|RESET,ab/c40/shared/vacuum_f/RESET,A,PHASE9-BACKEND-A-JOINT-FOCK-QUTRIT-GKSL-V1,40,rao_blackwell_expected_reset_repair,1803032,32,,0,True,RESET,,,vacuum_f,,NUMPY_SEEDSEQUENCE_ADDRESSED,repair_c40_shared_vacuum_f_RESET_A__33670dbe1a489af6,32,32,32,32,99223c3e45589c712f7de6d9b7f95d696339fbb0456d62546575daa9cc904e9c,0.0,0.0,0.0013118264709090083,0.007069461788035199,0.9916187117410559,1.9150082123368033e-18,2.209760010342912e-21,1.0,-0.1431352750041344,1.2223730950265903,2.7755575615628914e-17,0.0,-13.967743581817082,-13.967743581817082,4.862911210936238,1.9150082123368033e-18,2.209760010342912e-21,1.0,0.82,3.314640015514371e-23,0.18000000000000002,0.0,True,True,success,0.82,False,0.18000000000000002,0,0.004893990019557262,1.1403615185022142,0.03483152962877566,-0.005580917890236999,0.03979135339687055,-20.040417245596505,-2.505052155699563,7.904211733835456,4.862908750499754,-3.0413029833357017,7.72097809120435e-05,-0.002134237960088117,0.0013963146040403998,-0.004374750369765898,0.0021848416013633366,,,,,,,,,,0.0,0.0,0.0,1.0115243593156655e-08,5.003951305505442e-08,2.7407770066827554e-07,0.0,0.0,5.015693335636602e-33,0.0,True,,
shared|c40|shared|vacuum_f|RESET|A|p0033,PHASE9-FRESH-TWIN-ROUND-LEDGER-V1,shared,shared|vacuum_f|RESET,ab/c40/shared/vacuum_f/RESET,A,PHASE9-BACKEND-A-JOINT-FOCK-QUTRIT-GKSL-V1,40,rao_blackwell_expected_reset_repair,1803033,33,,0,True,RESET,,,vacuum_f,,NUMPY_SEEDSEQUENCE_ADDRESSED,repair_c40_shared_vacuum_f_RESET_A__33670dbe1a489af6,33,33,33,33,c2e1c1b3563c354fc6cfa00ea0218f43175869b628d7e9047ebb69b0de1b47f6,0.0,0.0,0.0013118264709090083,0.007069461788035199,0.9916187117410559,1.5856277732570915e-20,5.78356481017905e-15,0.9999999999999942,0.18842995269298152,1.0973593674800797,2.7755575615628914e-17,2.220446049250313e-16,-15.059254147118093,-15.059254147118093,5.265468787989031,1.5856277732570915e-20,5.78356481017905e-15,0.9999999999999942,0.8200000000000008,8.675347215268584e-17,0.17999999999999905,0.0,True,True,success,0.8200000000000008,False,0.17999999999999905,0,0.004893990019557262,1.1403615185022142,0.03483152962877566,-0.005580917890236999,0.03979135339687055,-11.977529791905148,-1.4971912239881435,1.1021342974232935,-3.5253521549080133,-4.627486452331307,-0.0009288726291409972,-0.0019525385543124843,0.004219662254589724,-0.0012393255848409637,0.0005331106404754006,,,,,,,,,,0.0,0.0,0.0,1.011524490810909e-08,5.003951305505442e-08,2.7407770066827554e-07,0.0,0.0,4.440892098501391e-16,0.0,True,,
shared|c40|shared|vacuum_f|RESET|A|p0034,PHASE9-FRESH-TWIN-ROUND-LEDGER-V1,shared,shared|vacuum_f|RESET,ab/c40/shared/vacuum_f/RESET,A,PHASE9-BACKEND-A-JOINT-FOCK-QUTRIT-GKSL-V1,40,rao_blackwell_expected_reset_repair,1803034,34,,0,True,RESET,,,vacuum_f,,NUMPY_SEEDSEQUENCE_ADDRESSED,repair_c40_shared_vacuum_f_RESET_A__33670dbe1a489af6,34,34,34,34,1f2761a88c8f351a5b333604d141fab25bd96dbf8e512afc7288067147395406,0.0,0.0,0.0013118264709090083,0.007069461788035199,0.9916187117410559,4.3995785863263643e-16,5.879966853380701e-17,0.9999999999999996,-0.06262994813731472,1.0267088424548623,0.0,0.0,-9.489224584395378,-9.489224584395378,2.852028472138192,4.3995785863263643e-16,5.879966853380701e-17,0.9999999999999996,0.8200000000000001,8.819950280071057e-19,0.1799999999999999,0.0,True,True,success,0.8200000000000001,False,0.1799999999999999,0,0.004893990019557262,1.1403615185022142,0.03483152962877566,-0.005580917890236999,0.03979135339687055,-16.199068629621753,-2.024883578702719,4.294847377312783,3.1461600254444493,-1.1486873518683334,-0.0011629908164754248,-0.002295237209710457,0.0059967945058799835,-0.007170774871300871,0.001227424546004962,,,,,,,,,,0.0,0.0,0.0,1.0115243750165902e-08,5.003951305505442e-08,2.7407770066827554e-07,0.0,0.0,4.440892098500648e-16,0.0,True,,
shared|c40|shared|vacuum_f|RESET|A|p0035,PHASE9-FRESH-TWIN-ROUND-LEDGER-V1,shared,shared|vacuum_f|RESET,ab/c40/shared/vacuum_f/RESET,A,PHASE9-BACKEND-A-JOINT-FOCK-QUTRIT-GKSL-V1,40,rao_blackwell_expected_reset_repair,1803035,35,,0,True,RESET,,,vacuum_f,,NUMPY_SEEDSEQUENCE_ADDRESSED,repair_c40_shared_vacuum_f_RESET_A__33670dbe1a489af6,35,35,35,35,08baeb85e0eddb9b1b7c751c276efb7c787d17a3a26df225c8f9c01963aaffc8,0.0,0.0,0.0013118264709090083,0.007069461788035199,0.9916187117410559,5.731678553381974e-25,3.086177330074345e-14,0.9999999999999691,0.3900705353246342,1.2044628030690663,0.0,0.0,-15.23688491147036,-15.236884911470359,4.412566354741685,5.731678553381974e-25,3.086177330074345e-14,0.9999999999999691,0.8200000000000051,4.62926599511152e-16,0.17999999999999447,0.0,True,True,success,0.8200000000000051,False,0.17999999999999447,0,0.004893990019557262,1.1403615185022142,0.03483152962877566,-0.005580917890236999,0.03979135339687055,-19.674622593260775,-2.459327824157597,5.925100060200654,4.515833291277827,-1.4092667689228264,0.0023286451512580957,-0.0015999646743794789,0.0036611480245976927,-0.0015762192049998062,0.002153245054120153,,,,,,,,,,0.0,0.0,0.0,1.0115251129600464e-08,5.0039513055054425e-08,2.740777006682756e-07,0.0,0.0,6.661338147751697e-16,1.7763568394002505e-15,True,,
shared|c40|shared|vacuum_f|RESET|A|p0036,PHASE9-FRESH-TWIN-ROUND-LEDGER-V1,shared,shared|vacuum_f|RESET,ab/c40/shared/vacuum_f/RESET,A,PHASE9-BACKEND-A-JOINT-FOCK-QUTRIT-GKSL-V1,40,rao_blackwell_expected_reset_repair,1803036,36,,0,True,RESET,,,vacuum_f,,NUMPY_SEEDSEQUENCE_ADDRESSED,repair_c40_shared_vacuum_f_RESET_A__33670dbe1a489af6,36,36,36,36,29b296017431ca5a4d6224fd552dd563698446011dee5080e6a2043f031ea9ce,0.0,0.0,0.0013118264709090083,0.007069461788035199,0.9916187117410559,1.3706764676723319e-17,1.396889951488296e-24,1.0,-0.3012736772459681,1.2899682392297354,0.0,0.0,-11.261149911274021,-11.261149911274021,2.938661929468851,1.3706764676723319e-17,1.396889951488296e-24,1.0,0.82,2.0953349272324456e-26,0.18000000000000002,0.0,True,True,success,0.82,False,0.18000000000000002,0,0.004893990019557262,1.1403615185022142,0.03483152962877566,-0.005580917890236999,0.03979135339687055,-7.020142573326373,-0.8775178216657966,0.03696520184726193,-5.059288923911831,-5.096254125759093,0.0010645899612012587,-0.0007768060916600503,0.004853042293863517,-0.001906350657773588,0.0007686529532140319,,,,,,,,,,0.0,0.0,0.0,1.0115243593156655e-08,5.003951305505442e-08,2.7407770066827554e-07,0.0,0.0,5.854828463570937e-32,0.0,True,,
shared|c40|shared|vacuum_f|RESET|A|p0037,PHASE9-FRESH-TWIN-ROUND-LEDGER-V1,shared,shared|vacuum_f|RESET,ab/c40/shared/vacuum_f/RESET,A,PHASE9-BACKEND-A-JOINT-FOCK-QUTRIT-GKSL-V1,40,rao_blackwell_expected_reset_repair,1803037,37,,0,True,RESET,,,vacuum_f,,NUMPY_SEEDSEQUENCE_ADDRESSED,repair_c40_shared_vacuum_f_RESET_A__33670dbe1a489af6,37,37,37,37,0718f83e2b7a390d996fe22aca44187a3fdfb950e183f8129f82ff17b4596180,0.0,0.0,0.0013118264709090083,0.007069461788035199,0.9916187117410559,8.920263729814704e-22,2.0725992919019475e-24,1.0,-0.1312781271119336,1.4057360891911015,0.0,0.0,-8.508001496312785,-8.508001496312785,1.8917874808275459,8.920263729814704e-22,2.0725992919019475e-24,1.0,0.82,3.1088989378529235e-26,0.18000000000000002,0.0,True,True,success,0.82,False,0.18000000000000002,0,0.004893990019557262,1.1403615185022142,0.03483152962877566,-0.005580917890236999,0.03979135339687055,-11.89345799880586,-1.4866822498507326,-5.916306940789866,-2.0380747014452716,3.878232239344595,-0.0002239641118642542,-0.001141610789532251,0.0014323073822995545,-0.0009523293945494695,0.0018429191176445208,,,,,,,,,,0.0,0.0,0.0,1.0115243593156655e-08,5.003951305505442e-08,2.7407770066827554e-07,0.0,0.0,2.4534771153568932e-36,0.0,True,,
shared|c40|shared|vacuum_f|RESET|A|p0038,PHASE9-FRESH-TWIN-ROUND-LEDGER-V1,shared,shared|vacuum_f|RESET,ab/c40/shared/vacuum_f/RESET,A,PHASE9-BACKEND-A-JOINT-FOCK-QUTRIT-GKSL-V1,40,rao_blackwell_expected_reset_repair,1803038,38,,0,True,RESET,,,vacuum_f,,NUMPY_SEEDSEQUENCE_ADDRESSED,repair_c40_shared_vacuum_f_RESET_A__33670dbe1a489af6,38,38,38,38,5c9790ec9aa2f9bc3a2eeeb5d1862c62ec69cab77fb79a1bfc77c42e46484e93,0.0,0.0,0.0013118264709090083,0.007069461788035199,0.9916187117410559,4.368604999429691e-25,7.515441529888662e-23,1.0,0.058672754131167446,1.4562099136550106,6.938893903907228e-18,0.0,-14.224687725147207,-14.224687725147207,4.4094596204730925,4.368604999429691e-25,7.515441529888662e-23,1.0,0.82,1.1273162294833003e-24,0.18000000000000002,0.0,True,True,success,0.82,False,0.18000000000000002,0,0.004893990019557262,1.1403615185022142,0.03483152962877566,-0.005580917890236999,0.03979135339687055,-14.082303389530596,-1.7602879236913245,0.14940203164033505,-4.765800743187405,-4.9152027748277405,-0.001437603324987789,0.0013656190826745916,0.003692535559621596,0.0001792946946273322,0.002559698260656361,,,,,,,,,,0.0,0.0,0.0,1.0115243593156655e-08,5.003951305505442e-08,2.7407770066827554e-07,0.0,0.0,2.840471896166668e-37,0.0,True,,
shared|c40|shared|vacuum_f|RESET|A|p0039,PHASE9-FRESH-TWIN-ROUND-LEDGER-V1,shared,shared|vacuum_f|RESET,ab/c40/shared/vacuum_f/RESET,A,PHASE9-BACKEND-A-JOINT-FOCK-QUTRIT-GKSL-V1,40,rao_blackwell_expected_reset_repair,1803039,39,,0,True,RESET,,,vacuum_f,,NUMPY_SEEDSEQUENCE_ADDRESSED,repair_c40_shared_vacuum_f_RESET_A__33670dbe1a489af6,39,39,39,39,c16b3879b0a4a89a4ecddf26fdca83a50a7961c9be558c893e910c9764eee3f9,0.0,0.0,0.0013118264709090083,0.007069461788035199,0.9916187117410559,3.5173521912040497e-22,1.2036007437603758e-16,0.9999999999999999,0.1873483339161489,1.1935354617312592,0.0,2.220446049250313e-16,-8.286091375250283,-8.286091375250283,2.154652571629667,3.5173521912040497e-22,1.2036007437603758e-16,0.9999999999999999,0.82,1.8054011156405656e-18,0.18000000000000005,0.0,True,True,success,0.82,False,0.18000000000000005,0,0.004893990019557262,1.1403615185022142,0.03483152962877566,-0.005580917890236999,0.03979135339687055,-12.369872093155049,-1.5462340116443811,-0.3380884552972532,-5.020027431480195,-4.681938976182942,-0.0019407011103894664,-0.0007352949899075318,0.0005293919254192279,-0.001367881334644883,0.0017135772409995194,,,,,,,,,,1.1102230246251565e-16,0.0,0.0,1.0115243514652034e-08,5.003951305505442e-08,2.7407770066827554e-07,0.0,0.0,1.1102230246251686e-16,0.0,True,,
shared|c40|shared|vacuum_f|RESET|A|p0040,PHASE9-FRESH-TWIN-ROUND-LEDGER-V1,shared,shared|vacuum_f|RESET,ab/c40/shared/vacuum_f/RESET,A,PHASE9-BACKEND-A-JOINT-FOCK-QUTRIT-GKSL-V1,40,rao_blackwell_expected_reset_repair,1803040,40,,0,True,RESET,,,vacuum_f,,NUMPY_SEEDSEQUENCE_ADDRESSED,repair_c40_shared_vacuum_f_RESET_A__33670dbe1a489af6,40,40,40,40,eed2193c3684112e07dfbf40e0687d664296b9b66f1c1219326bcf02d6433a96,0.0,0.0,0.0013118264709090083,0.007069461788035199,0.9916187117410559,7.854030295299731e-25,5.497398296904392e-17,1.0,0.27748910019031153,1.2797860121074647,0.0,0.0,-7.348205762180324,-7.348205762180326,1.2676758810160147,7.854030295299731e-25,5.497398296904392e-17,1.0,0.82,8.246097445356594e-19,0.18000000000000002,0.0,True,True,success,0.82,False,0.18000000000000002,0,0.004893990019557262,1.1403615185022142,0.03483152962877566,-0.005580917890236999,0.03979135339687055,-20.751783269542834,-2.5939729086928542,3.5669905797223547,4.073614950798525,0.5066243710761702,-0.001825870575495365,0.0012329638850616077,-0.001061422483240947,-0.0021339013805072933,0.0016003847235221069,,,,,,,,,,0.0,0.0,0.0,1.0115243593156655e-08,5.003951305505442e-08,2.7407770066827554e-07,0.0,0.0,2.2186713188929697e-31,1.7763568394002505e-15,True,,
shared|c40|shared|vacuum_f|RESET|A|p0041,PHASE9-FRESH-TWIN-ROUND-LEDGER-V1,shared,shared|vacuum_f|RESET,ab/c40/shared/vacuum_f/RESET,A,PHASE9-BACKEND-A-JOINT-FOCK-QUTRIT-GKSL-V1,40,rao_blackwell_expected_reset_repair,1803041,41,,0,True,RESET,,,vacuum_f,,NUMPY_SEEDSEQUENCE_ADDRESSED,repair_c40_shared_vacuum_f_RESET_A__33670dbe1a489af6,41,41,41,41,e92c728854b38556e3b772fab48223eb23031a525aa49abe569aed040f612275,0.0,0.0,0.0013118264709090083,0.007069461788035199,0.9916187117410559,2.4510029566516968e-14,2.0935678524620302e-19,0.9999999999999755,-0.22624800549379165,1.046965170408388,2.7755575615628914e-17,0.0,-9.684070571936127,-9.684070571936127,2.6003645738658707,2.4510029566516968e-14,2.0935678524620302e-19,0.9999999999999755,0.8200000000000044,3.1403517786930485e-21,0.1799999999999956,0.0,True,True,success,0.8200000000000044,False,0.1799999999999956,0,0.004893990019557262,1.1403615185022142,0.03483152962877566,-0.005580917890236999,0.03979135339687055,-10.371954520367247,-1.2964943150459058,0.5264516338995868,-4.851926558977852,-5.378378192877439,0.0002373142461633812,0.0007940987957830729,0.0037134911204356083,-0.0005098999798404311,0.0023366780542908167,,,,,,,,,,0.0,0.0,0.0,1.0115249853900335e-08,5.003951305505442e-08,2.7407770066827554e-07,0.0,0.0,3.330669073875659e-16,0.0,True,,
shared|c40|shared|vacuum_f|RESET|A|p0042,PHASE9-FRESH-TWIN-ROUND-LEDGER-V1,shared,shared|vacuum_f|RESET,ab/c40/shared/vacuum_f/RESET,A,PHASE9-BACKEND-A-JOINT-FOCK-QUTRIT-GKSL-V1,40,rao_blackwell_expected_reset_repair,1803042,42,,0,True,RESET,,,vacuum_f,,NUMPY_SEEDSEQUENCE_ADDRESSED,repair_c40_shared_vacuum_f_RESET_A__33670dbe1a489af6,42,42,42,42,6104d4ac961e4cd2e569072f372c75fe28db96203748bf91eefa389cc47cf581,0.0,0.0,0.0013118264709090083,0.007069461788035199,0.9916187117410559,8.390955224946024e-18,5.089520635944513e-12,0.9999999999949105,0.19704580361082902,0.9339348588976664,0.0,0.0,-9.60683644404952,-9.60683644404952,2.3751202251675174,8.390955224946024e-18,5.089520635944513e-12,0.9999999999949105,0.8200000000008398,7.63428095391677e-14,0.17999999999908384,0.0,True,True,success,0.8200000000008398,False,0.17999999999908384,0,0.004893990019557262,1.1403615185022142,0.03483152962877566,-0.005580917890236999,0.03979135339687055,-13.941267208543008,-1.742658401067876,-5.154252622616863,-0.9341997838556075,4.220052838761255,-0.0010038599938125294,0.0009061497914090974,0.002225989190362677,0.001393424003603051,0.0019688149046198766,,,,,,,,,,0.0,0.0,0.0,1.011648532054777e-08,5.0039513055055074e-08,2.7407770066827914e-07,0.0,0.0,2.2204460495491977e-16,0.0,True,,
shared|c40|shared|vacuum_f|RESET|A|p0043,PHASE9-FRESH-TWIN-ROUND-LEDGER-V1,shared,shared|vacuum_f|RESET,ab/c40/shared/vacuum_f/RESET,A,PHASE9-BACKEND-A-JOINT-FOCK-QUTRIT-GKSL-V1,40,rao_blackwell_expected_reset_repair,1803043,43,,0,True,RESET,,,vacuum_f,,NUMPY_SEEDSEQUENCE_ADDRESSED,repair_c40_shared_vacuum_f_RESET_A__33670dbe1a489af6,43,43,43,43,782749afbe4ad5aa4af1a151cd0b535863acd5e8f2ae964c33d520cd6763816a,0.0,0.0,0.0013118264709090083,0.007069461788035199,0.9916187117410559,4.013033614921297e-18,1.0835229925603486e-14,0.9999999999999891,0.10531730938489356,1.020206423058052,1.3877787807814457e-17,0.0,-14.317390819989072,-14.317390819989072,5.006328366788122,4.013033614921297e-18,1.0835229925603486e-14,0.9999999999999891,0.8200000000000017,1.6252844888405242e-16,0.1799999999999981,0.0,True,True,success,0.8200000000000017,False,0.1799999999999981,0,0.004893990019557262,1.1403615185022142,0.03483152962877566,-0.005580917890236999,0.03979135339687055,-18.276827047840776,-2.284603380980097,5.6949215957204675,3.8716693888098073,-1.8232522069106603,0.0014911011170991408,0.00011128992204559486,0.005568577583758463,-0.0020767943576822157,-0.0008564427982307998,,,,,,,,,,0.0,0.0,0.0,1.011524620343537e-08,5.003951305505442e-08,2.7407770066827554e-07,0.0,0.0,2.220446049251023e-16,0.0,True,,
shared|c40|shared|vacuum_f|RESET|A|p0044,PHASE9-FRESH-TWIN-ROUND-LEDGER-V1,shared,shared|vacuum_f|RESET,ab/c40/shared/vacuum_f/RESET,A,PHASE9-BACKEND-A-JOINT-FOCK-QUTRIT-GKSL-V1,40,rao_blackwell_expected_reset_repair,1803044,44,,0,True,RESET,,,vacuum_f,,NUMPY_SEEDSEQUENCE_ADDRESSED,repair_c40_shared_vacuum_f_RESET_A__33670dbe1a489af6,44,44,44,44,51429edf5368969c45c82334031723ea575d22761f827e77e6e9c2719d5d113d,0.0,0.0,0.0013118264709090083,0.007069461788035199,0.9916187117410559,1.8941448645526558e-19,3.782494267259819e-22,1.0,-0.1338438161710555,1.273444571848802,0.0,2.220446049250313e-16,-11.166400794762872,-11.166400794762872,3.512635193766232,1.8941448645526558e-19,3.782494267259819e-22,1.0,0.82,5.673741400889733e-24,0.18000000000000002,0.0,True,True,success,0.82,False,0.18000000000000002,0,0.004893990019557262,1.1403615185022142,0.03483152962877566,-0.005580917890236999,0.03979135339687055,-14.612721851923506,-1.8265902314904383,6.525420022620491,4.814035510029243,-1.7113845125912475,0.0012580254592692893,0.003529782146418626,-0.0011373923043683058,-0.0022088295494836806,0.0009410231710624388,,,,,,,,,,0.0,0.0,0.0,1.0115243593156655e-08,5.003951305505442e-08,2.7407770066827554e-07,0.0,0.0,5.792365963111904e-34,0.0,True,,
shared|c40|shared|vacuum_f|RESET|A|p0045,PHASE9-FRESH-TWIN-ROUND-LEDGER-V1,shared,shared|vacuum_f|RESET,ab/c40/shared/vacuum_f/RESET,A,PHASE9-BACKEND-A-JOINT-FOCK-QUTRIT-GKSL-V1,40,rao_blackwell_expected_reset_repair,1803045,45,,0,True,RESET,,,vacuum_f,,NUMPY_SEEDSEQUENCE_ADDRESSED,repair_c40_shared_vacuum_f_RESET_A__33670dbe1a489af6,45,45,45,45,18f4ea61632a974b410676dd30e6306b2d6d17f5fb73054d0cb206a1f790a487,0.0,0.0,0.0013118264709090083,0.007069461788035199,0.9916187117410559,4.7220055846325076e-21,4.822546588764333e-22,1.0,-0.06718668175029038,1.3166293650373573,0.0,0.0,-8.056349963901418,-8.056349963901416,2.0865104424956544,4.7220055846325076e-21,4.822546588764333e-22,1.0,0.82,7.233819883146504e-24,0.18000000000000002,0.0,True,True,success,0.82,False,0.18000000000000002,0,0.004893990019557262,1.1403615185022142,0.03483152962877566,-0.005580917890236999,0.03979135339687055,-14.665048608377713,-1.8331310760472141,-5.739754692248558,-2.0772082291185168,3.662546463130041,-0.0023448895842407363,-0.0006873672303348569,0.0005940634643528137,0.0005715615170007208,0.0010783440394387404,,,,,,,,,,0.0,0.0,0.0,1.0115243593156655e-08,5.003951305505442e-08,2.7407770066827554e-07,0.0,0.0,1.4670169498262148e-35,1.7763568394002505e-15,True,,
shared|c40|shared|vacuum_f|RESET|A|p0046,PHASE9-FRESH-TWIN-ROUND-LEDGER-V1,shared,shared|vacuum_f|RESET,ab/c40/shared/vacuum_f/RESET,A,PHASE9-BACKEND-A-JOINT-FOCK-QUTRIT-GKSL-V1,40,rao_blackwell_expected_reset_repair,1803046,46,,0,True,RESET,,,vacuum_f,,NUMPY_SEEDSEQUENCE_ADDRESSED,repair_c40_shared_vacuum_f_RESET_A__33670dbe1a489af6,46,46,46,46,fcab2e62b6d998785c54f2e054aadfaa77da395e6124f19b347e25d639815347,0.0,0.0,0.0013118264709090083,0.007069461788035199,0.9916187117410559,1.586426977427598e-17,3.8412619226410005e-20,1.0,-0.1305792436455323,1.1601419348212851,0.0,0.0,-6.266936981018651,-6.266936981018651,1.382953722258549,1.586426977427598e-17,3.8412619226410005e-20,1.0,0.82,5.761892883961506e-22,0.18000000000000002,0.0,True,True,success,0.82,False,0.18000000000000002,0,0.004893990019557262,1.1403615185022142,0.03483152962877566,-0.005580917890236999,0.03979135339687055,-8.472512755442862,-1.0590640944303578,-2.2818806563304403,-5.113657504783513,-2.8317768484530728,0.0009073050361813199,-0.00012891851267554349,0.0030731534409338284,-0.000750006556533309,0.002074657535757535,,,,,,,,,,0.0,0.0,0.0,1.0115243593156655e-08,5.003951305505442e-08,2.7407770066827554e-07,0.0,0.0,4.3297312562255546e-32,0.0,True,,
shared|c40|shared|vacuum_f|RESET|A|p0047,PHASE9-FRESH-TWIN-ROUND-LEDGER-V1,shared,shared|vacuum_f|RESET,ab/c40/shared/vacuum_f/RESET,A,PHASE9-BACKEND-A-JOINT-FOCK-QUTRIT-GKSL-V1,40,rao_blackwell_expected_reset_repair,1803047,47,,0,True,RESET,,,vacuum_f,,NUMPY_SEEDSEQUENCE_ADDRESSED,repair_c40_shared_vacuum_f_RESET_A__33670dbe1a489af6,47,47,47,47,edf0bacfe0a415b219617da2f101a1bebcb17441498d8f98307bcd266b167b73,0.0,0.0,0.0013118264709090083,0.007069461788035199,0.9916187117410559,7.35358905941413e-16,6.286814538234986e-20,0.9999999999999992,-0.1872243664230172,1.105936041588523,2.7755575615628914e-17,0.0,-6.166739396689461,-6.166739396689461,1.1780562905962182,7.35358905941413e-16,6.286814538234986e-20,0.9999999999999992,0.8200000000000001,9.430221807352486e-22,0.1799999999999999,0.0,True,True,success,0.8200000000000001,False,0.1799999999999999,0,0.004893990019557262,1.1403615185022142,0.03483152962877566,-0.005580917890236999,0.03979135339687055,-11.402256828189389,-1.4252821035236736,-2.0095965678801067,-4.619872548690854,-2.6102759808107465,0.0004809531625048805,-0.00047646835631711776,0.001005380617607269,-0.004154578552149229,0.002834399132003577,,,,,,,,,,0.0,0.0,0.0,1.0115243750165902e-08,5.003951305505442e-08,2.7407770066827554e-07,0.0,0.0,1.1102230246251812e-16,0.0,True,,
shared|c40|shared|vacuum_f|RESET|A|p0048,PHASE9-FRESH-TWIN-ROUND-LEDGER-V1,shared,shared|vacuum_f|RESET,ab/c40/shared/vacuum_f/RESET,A,PHASE9-BACKEND-A-JOINT-FOCK-QUTRIT-GKSL-V1,40,rao_blackwell_expected_reset_repair,1803048,48,,0,True,RESET,,,vacuum_f,,NUMPY_SEEDSEQUENCE_ADDRESSED,repair_c40_shared_vacuum_f_RESET_A__33670dbe1a489af6,48,48,48,48,61d836cde23223ae448e34a4211e7a6377f0d28b81d66303d31346b1b3ce32f0,0.0,0.0,0.0013118264709090083,0.007069461788035199,0.9916187117410559,9.559257480490519e-15,3.1903533247710167e-19,0.9999999999999905,-0.20315998906627453,1.0534803614463109,0.0,0.0,-12.553179476077966,-12.553179476077966,4.012164471414006,9.559257480490519e-15,3.1903533247710167e-19,0.9999999999999905,0.8200000000000016,4.78552998715653e-21,0.17999999999999838,0.0,True,False,failure,0.8200000000000016,True,0.17999999999999838,1,0.004893990019557262,1.1403615185022142,0.03483152962877566,-0.005580917890236999,0.03979135339687055,-13.450017356001245,-1.6812521695001557,-6.490062688488932,-1.3619081292724955,5.128154559216437,-0.0005754606016076269,-0.00010610639954390294,0.003730474134593917,-0.0015961448682882617,0.002593315172831649,,,,,,,,,,0.0,0.0,0.0,1.0115245928669187e-08,5.003951305505442e-08,2.7407770066827554e-07,0.0,0.0,6.661338147751081e-16,0.0,True,,
shared|c40|shared|vacuum_f|RESET|A|p0049,PHASE9-FRESH-TWIN-ROUND-LEDGER-V1,shared,shared|vacuum_f|RESET,ab/c40/shared/vacuum_f/RESET,A,PHASE9-BACKEND-A-JOINT-FOCK-QUTRIT-GKSL-V1,40,rao_blackwell_expected_reset_repair,1803049,49,,0,True,RESET,,,vacuum_f,,NUMPY_SEEDSEQUENCE_ADDRESSED,repair_c40_shared_vacuum_f_RESET_A__33670dbe1a489af6,49,49,49,49,57b2f085cf2d5d0e893638ceddff54b6e4b22094862ab40c77232d8c530715ae,0.0,0.0,0.0013118264709090083,0.007069461788035199,0.9916187117410559,5.908167207328062e-19,2.2150113750161125e-14,0.9999999999999779,0.14988677769626196,1.0352419904499996,0.0,0.0,-12.911050544564397,-12.911050544564395,4.296708058971733,5.908167207328062e-19,2.2150113750161125e-14,0.9999999999999779,0.8200000000000037,3.32251706252417e-16,0.17999999999999594,0.0,True,False,failure,0.8200000000000037,True,0.17999999999999594,1,0.004893990019557262,1.1403615185022142,0.03483152962877566,-0.005580917890236999,0.03979135339687055,-15.610879022971424,-1.951359877871428,5.772650748169516,3.309236988851425,-2.463413759318091,0.0010347373929625976,0.002242297322683282,0.0034039073572047214,-0.003038147858275832,0.002835818991775535,,,,,,,,,,0.0,0.0,0.0,1.011524914735873e-08,5.0039513055054425e-08,2.740777006682756e-07,0.0,0.0,7.771561172377169e-16,1.7763568394002505e-15,True,,
shared|c40|shared|vacuum_f|RESET|A|p0050,PHASE9-FRESH-TWIN-ROUND-LEDGER-V1,shared,shared|vacuum_f|RESET,ab/c40/shared/vacuum_f/RESET,A,PHASE9-BACKEND-A-JOINT-FOCK-QUTRIT-GKSL-V1,40,rao_blackwell_expected_reset_repair,1803050,50,,0,True,RESET,,,vacuum_f,,NUMPY_SEEDSEQUENCE_ADDRESSED,repair_c40_shared_vacuum_f_RESET_A__33670dbe1a489af6,50,50,50,50,e5ff5e6628a7d9be5b7b4b0c5482f98349e67b4e78361574be142fdee6ffcab3,0.0,0.0,0.0013118264709090083,0.007069461788035199,0.9916187117410559,7.733488609915751e-18,1.044981143723054e-20,1.0,-0.1404609093875077,1.1854397474495304,0.0,2.220446049250313e-16,-9.119659223258655,-9.119659223258655,2.666836571064394,7.733488609915751e-18,1.044981143723054e-20,1.0,0.82,1.5674717155845821e-22,0.18000000000000002,0.0,True,True,success,0.82,False,0.18000000000000002,0,0.004893990019557262,1.1403615185022142,0.03483152962877566,-0.005580917890236999,0.03979135339687055,-9.591934292648766,-1.1989917865810957,0.23467114594078264,-3.2175503480310153,-3.452221493971798,0.0012023796464058064,0.001661047596283481,0.0017678460941779645,-0.0025916912514119704,0.001722005804023044,,,,,,,,,,0.0,0.0,0.0,1.0115243593156655e-08,5.003951305505442e-08,2.7407770066827554e-07,0.0,0.0,2.1603517298056197e-32,0.0,True,,
shared|c40|shared|vacuum_f|RESET|A|p0051,PHASE9-FRESH-TWIN-ROUND-LEDGER-V1,shared,shared|vacuum_f|RESET,ab/c40/shared/vacuum_f/RESET,A,PHASE9-BACKEND-A-JOINT-FOCK-QUTRIT-GKSL-V1,40,rao_blackwell_expected_reset_repair,1803051,51,,0,True,RESET,,,vacuum_f,,NUMPY_SEEDSEQUENCE_ADDRESSED,repair_c40_shared_vacuum_f_RESET_A__33670dbe1a489af6,51,51,51,51,8cf2f1e62ae29250c3fd29de28c2655b6a6ac2f3d45aeed4daea5893d83324ea,0.0,0.0,0.0013118264709090083,0.007069461788035199,0.9916187117410559,2.130834960757595e-21,1.4775475412568396e-13,0.9999999999998522,0.27733021928793056,1.0819140276445331,0.0,0.0,-7.617682181093702,-7.617682181093702,1.4902254908618209,2.130834960757595e-21,1.4775475412568396e-13,0.9999999999998522,0.8200000000000244,2.2163213118852607e-15,0.17999999999997338,0.0,True,False,failure,0.8200000000000244,True,0.17999999999997338,1,0.004893990019557262,1.1403615185022142,0.03483152962877566,-0.005580917890236999,0.03979135339687055,-10.05656379967303,-1.2570704749591288,-0.0016474313566829935,-4.651366299082348,-4.649718867725664,0.001313259350078176,-7.834244583967521e-05,0.0036402013544576607,-0.003814749874101199,0.0033632821035683024,,,,,,,,,,0.0,0.0,0.0,1.0115279705283333e-08,5.003951305505444e-08,2.7407770066827564e-07,0.0,0.0,3.3306690738790037e-16,0.0,True,,
shared|c40|shared|vacuum_f|RESET|A|p0052,PHASE9-FRESH-TWIN-ROUND-LEDGER-V1,shared,shared|vacuum_f|RESET,ab/c40/shared/vacuum_f/RESET,A,PHASE9-BACKEND-A-JOINT-FOCK-QUTRIT-GKSL-V1,40,rao_blackwell_expected_reset_repair,1803052,52,,0,True,RESET,,,vacuum_f,,NUMPY_SEEDSEQUENCE_ADDRESSED,repair_c40_shared_vacuum_f_RESET_A__33670dbe1a489af6,52,52,52,52,6bce6278bfd895181ce930c19723ad64d1f2d1dac097fafa8771f2eea74e2530,0.0,0.0,0.0013118264709090083,0.007069461788035199,0.9916187117410559,3.0101201336263755e-19,3.881393579876651e-17,1.0,0.053788582988711246,1.1231593026143,0.0,0.0,-9.161258022452198,-9.161258022452198,2.824978162286123,3.0101201336263755e-19,3.881393579876651e-17,1.0,0.82,5.822090369814981e-19,0.18000000000000002,0.0,True,False,failure,0.82,True,0.18000000000000002,1,0.004893990019557262,1.1403615185022142,0.03483152962877566,-0.005580917890236999,0.03979135339687055,-24.524244527682118,-3.0655305659602647,3.5929959383570256,1.6908123105200317,-1.902183627836994,0.0011568811485874377,0.0011139762688006632,0.00268324134507768,-0.0024386007268054895,0.00034616158410866855,,,,,,,,,,0.0,0.0,0.0,1.0115243593156655e-08,5.003951305505442e-08,2.7407770066827554e-07,0.0,0.0,1.2446322265602512e-31,0.0,True,,
shared|c40|shared|vacuum_f|RESET|A|p0053,PHASE9-FRESH-TWIN-ROUND-LEDGER-V1,shared,shared|vacuum_f|RESET,ab/c40/shared/vacuum_f/RESET,A,PHASE9-BACKEND-A-JOINT-FOCK-QUTRIT-GKSL-V1,40,rao_blackwell_expected_reset_repair,1803053,53,,0,True,RESET,,,vacuum_f,,NUMPY_SEEDSEQUENCE_ADDRESSED,repair_c40_shared_vacuum_f_RESET_A__33670dbe1a489af6,53,53,53,53,41df482f7b618795867545661504113347b6f732140777e40000952e8e6a0102,0.0,0.0,0.0013118264709090083,0.007069461788035199,0.9916187117410559,6.218917889080074e-16,2.705085525531097e-21,0.9999999999999993,-0.2376805008536556,1.147426807367854,0.0,0.0,-13.854081199708636,-13.854081199708636,4.564351025483629,6.218917889080074e-16,2.705085525531097e-21,0.9999999999999993,0.8200000000000001,4.0576282882966496e-23,0.17999999999999994,0.0,True,True,success,0.8200000000000001,False,0.17999999999999994,0,0.004893990019557262,1.1403615185022142,0.03483152962877566,-0.005580917890236999,0.03979135339687055,-21.800944703456963,-2.7251180879321204,4.383067611671908,3.6719912587359858,-0.7110763529359225,-0.001289925061207761,-0.0011497191944729289,0.00017200368677009435,-0.0024136778245914415,0.0014816060708107706,,,,,,,,,,1.1102230246251565e-16,0.0,0.0,1.0115243671661278e-08,5.003951305505442e-08,2.7407770066827554e-07,0.0,0.0,6.661338147750961e-16,0.0,True,,
shared|c40|shared|vacuum_f|RESET|A|p0054,PHASE9-FRESH-TWIN-ROUND-LEDGER-V1,shared,shared|vacuum_f|RESET,ab/c40/shared/vacuum_f/RESET,A,PHASE9-BACKEND-A-JOINT-FOCK-QUTRIT-GKSL-V1,40,rao_blackwell_expected_reset_repair,1803054,54,,0,True,RESET,,,vacuum_f,,NUMPY_SEEDSEQUENCE_ADDRESSED,repair_c40_shared_vacuum_f_RESET_A__33670dbe1a489af6,54,54,54,54,b1ece252ec958c0750c93b63dca7d5350a074a680a65af67357a3c7ce897e7c4,0.0,0.0,0.0013118264709090083,0.007069461788035199,0.9916187117410559,3.795195949832122e-21,1.6240276361457125e-25,1.0,-0.19894923255558444,1.4194910158505265,2.7755575615628914e-17,2.220446049250313e-16,-13.245678328625718,-13.24567832862572,3.838338478870717,3.795195949832122e-21,1.6240276361457125e-25,1.0,0.82,2.4360414542185702e-27,0.18000000000000002,0.0,True,True,success,0.82,False,0.18000000000000002,0,0.004893990019557262,1.1403615185022142,0.03483152962877566,-0.005580917890236999,0.03979135339687055,-18.64740656756038,-2.3309258209450476,-8.02323550957105,-1.5216679029704814,6.5015676066005685,-0.0013621296603138957,-0.0027825836631144144,0.0001250921007044316,-0.003930363428043929,0.0018006414555845247,,,,,,,,,,0.0,0.0,0.0,1.0115243593156655e-08,5.003951305505442e-08,2.7407770066827554e-07,0.0,0.0,9.780755847314538e-36,1.7763568394002505e-15,True,,
shared|c40|shared|vacuum_f|RESET|A|p0055,PHASE9-FRESH-TWIN-ROUND-LEDGER-V1,shared,shared|vacuum_f|RESET,ab/c40/shared/vacuum_f/RESET,A,PHASE9-BACKEND-A-JOINT-FOCK-QUTRIT-GKSL-V1,40,rao_blackwell_expected_reset_repair,1803055,55,,0,True,RESET,,,vacuum_f,,NUMPY_SEEDSEQUENCE_ADDRESSED,repair_c40_shared_vacuum_f_RESET_A__33670dbe1a489af6,55,55,55,55,e96db267885430785e71a8735d9c20c812f3578ea274169b268d258c751a3a10,0.0,0.0,0.0013118264709090083,0.007069461788035199,0.9916187117410559,0.9999999998749362,1.4545331023574884e-25,1.2506384891877825e-10,-0.9974000126041592,0.26104582574346474,0.0,0.0,-16.704363730752704,-16.704363730752707,2.5566321251819892,0.9999999998749362,1.4545331023574884e-25,1.2506384891877825e-10,0.9999999999774886,2.1817942603060266e-27,2.2511437158811983e-11,0.0,True,True,success,0.9999999999774886,False,2.2511437158811983e-11,0,0.004893990019557262,1.1403615185022142,0.03483152962877566,-0.005580917890236999,0.03979135339687055,-15.82990766825027,-1.9787384585312837,-0.8627119556578005,-2.695917411215216,-1.833205455557416,-0.0018972894122682741,0.0007011936227614147,0.00042673498078758245,0.0008810549068667055,0.0011178780720758948,,,,,,,,,,0.0,0.0,0.0,2.2511437158811987e-11,5.960464832810452e-08,3.264681042146543e-07,0.0,0.0,1.2212453272944673e-15,3.552713678800501e-15,True,,
shared|c40|shared|vacuum_f|RESET|A|p0056,PHASE9-FRESH-TWIN-ROUND-LEDGER-V1,shared,shared|vacuum_f|RESET,ab/c40/shared/vacuum_f/RESET,A,PHASE9-BACKEND-A-JOINT-FOCK-QUTRIT-GKSL-V1,40,rao_blackwell_expected_reset_repair,1803056,56,,0,True,RESET,,,vacuum_f,,NUMPY_SEEDSEQUENCE_ADDRESSED,repair_c40_shared_vacuum_f_RESET_A__33670dbe1a489af6,56,56,56,56,566ece09cbd562be3642538635ea69dafc22d018d0bb567e0095eedc9737a35d,0.0,0.0,0.0013118264709090083,0.007069461788035199,0.9916187117410559,2.0842695058986136e-21,7.30881286936855e-24,1.0,-0.12430515025116534,1.379328300285656,1.3877787807814457e-17,0.0,-13.266260638876563,-13.266260638876563,4.20112652797616,2.0842695058986136e-21,7.30881286936855e-24,1.0,0.82,1.0963219304052833e-25,0.18000000000000002,0.0,True,True,success,0.82,False,0.18000000000000002,0,0.004893990019557262,1.1403615185022142,0.03483152962877566,-0.005580917890236999,0.03979135339687055,-21.11333353016873,-2.6391666912710914,5.298095387896971,4.375599768024749,-0.9224956198722225,5.5403892259779826e-05,-0.0008483398318667861,0.0034519175463274066,0.0014149722035964123,0.0037514232314602206,,,,,,,,,,0.0,0.0,0.0,1.0115243593156655e-08,5.003951305505442e-08,2.7407770066827554e-07,0.0,0.0,8.675148309068482e-36,0.0,True,,
shared|c40|shared|vacuum_f|RESET|A|p0057,PHASE9-FRESH-TWIN-ROUND-LEDGER-V1,shared,shared|vacuum_f|RESET,ab/c40/shared/vacuum_f/RESET,A,PHASE9-BACKEND-A-JOINT-FOCK-QUTRIT-GKSL-V1,40,rao_blackwell_expected_reset_repair,1803057,57,,0,True,RESET,,,vacuum_f,,NUMPY_SEEDSEQUENCE_ADDRESSED,repair_c40_shared_vacuum_f_RESET_A__33670dbe1a489af6,57,57,57,57,dcbff7abc00b236648ccd65c33591d8c868a880a59c40244a3821b99755bd6ad,0.0,0.0,0.0013118264709090083,0.007069461788035199,0.9916187117410559,2.640690620680701e-12,4.645626740078503e-18,0.9999999999973593,-0.25301627882589367,0.9495541161958224,0.0,0.0,-10.36400893057533,-10.36400893057533,2.574548540839631,2.640690620680701e-12,4.645626740078503e-18,0.9999999999973593,0.8200000000004752,6.968440110117761e-20,0.17999999999952476,0.0,True,True,success,0.8200000000004752,False,0.17999999999952476,0,0.004893990019557262,1.1403615185022142,0.03483152962877566,-0.005580917890236999,0.03979135339687055,-12.596456790148208,-1.574557098768526,-0.09637143698462936,-4.402374018446492,-4.306002581461863,0.0016094695764244948,-0.0017639917857821647,0.0004468840028604773,0.0012681177228887853,0.0018365686529422658,,,,,,,,,,0.0,0.0,0.0,1.0115915730112062e-08,5.003951305505442e-08,2.7407770066827554e-07,0.0,0.0,7.771561172456875e-16,0.0,True,,
shared|c40|shared|vacuum_f|RESET|A|p0058,PHASE9-FRESH-TWIN-ROUND-LEDGER-V1,shared,shared|vacuum_f|RESET,ab/c40/shared/vacuum_f/RESET,A,PHASE9-BACKEND-A-JOINT-FOCK-QUTRIT-GKSL-V1,40,rao_blackwell_expected_reset_repair,1803058,58,,0,True,RESET,,,vacuum_f,,NUMPY_SEEDSEQUENCE_ADDRESSED,repair_c40_shared_vacuum_f_RESET_A__33670dbe1a489af6,58,58,58,58,bc26ee25c025384cb17fb5d51a5358c89f6a03ba2683f428cd2eb5018626c11e,0.0,0.0,0.0013118264709090083,0.007069461788035199,0.9916187117410559,1.2946959225427789e-22,9.384288168786329e-23,1.0,-0.03398718603259662,1.3821605501516816,6.938893903907228e-18,0.0,-10.803021309790257,-10.803021309790257,3.169982563771007,1.2946959225427789e-22,9.384288168786329e-23,1.0,0.82,1.4076432253179502e-24,0.18000000000000002,0.0,True,True,success,0.82,False,0.18000000000000002,0,0.004893990019557262,1.1403615185022142,0.03483152962877566,-0.005580917890236999,0.03979135339687055,-17.69557367141636,-2.211946708927045,-3.20519766375756,-5.861201698720503,-2.656004034962943,0.0014301613415202846,0.0005001597160343449,0.002143022579498873,-0.0017766212407072538,0.001376894442328521,,,,,,,,,,0.0,0.0,0.0,1.0115243593156655e-08,5.003951305505442e-08,2.7407770066827554e-07,0.0,0.0,7.405614410180411e-37,0.0,True,,
shared|c40|shared|vacuum_f|RESET|A|p0059,PHASE9-FRESH-TWIN-ROUND-LEDGER-V1,shared,shared|vacuum_f|RESET,ab/c40/shared/vacuum_f/RESET,A,PHASE9-BACKEND-A-JOINT-FOCK-QUTRIT-GKSL-V1,40,rao_blackwell_expected_reset_repair,1803059,59,,0,True,RESET,,,vacuum_f,,NUMPY_SEEDSEQUENCE_ADDRESSED,repair_c40_shared_vacuum_f_RESET_A__33670dbe1a489af6,59,59,59,59,b712179148110bd44e0f0fe101af189f901998bc975b91f3b767dbe3d828778c,0.0,0.0,0.0013118264709090083,0.007069461788035199,0.9916187117410559,2.2105551003761116e-19,6.091557383494548e-16,0.9999999999999994,0.10566298949548175,1.0925491815184378,0.0,0.0,-11.297899376918744,-11.297899376918744,3.7227294648463913,2.2105551003761116e-19,6.091557383494548e-16,0.9999999999999994,0.8200000000000001,9.137336075241831e-18,0.17999999999999994,0.0,True,True,success,0.8200000000000001,False,0.17999999999999994,0,0.004893990019557262,1.1403615185022142,0.03483152962877566,-0.005580917890236999,0.03979135339687055,-14.238789478612967,-1.7798486848266208,6.008546136233305,4.29803739837971,-1.710508737853595,0.0022964841000214296,2.0984055053678085e-05,0.00352757696474272,-0.003497876572818265,0.0020366398745580473,,,,,,,,,,1.1102230246251565e-16,0.0,0.0,1.0115243671661278e-08,5.003951305505442e-08,2.7407770066827554e-07,0.0,0.0,5.551115123125788e-16,0.0,True,,
shared|c40|shared|vacuum_f|RESET|A|p0060,PHASE9-FRESH-TWIN-ROUND-LEDGER-V1,shared,shared|vacuum_f|RESET,ab/c40/shared/vacuum_f/RESET,A,PHASE9-BACKEND-A-JOINT-FOCK-QUTRIT-GKSL-V1,40,rao_blackwell_expected_reset_repair,1803060,60,,0,True,RESET,,,vacuum_f,,NUMPY_SEEDSEQUENCE_ADDRESSED,repair_c40_shared_vacuum_f_RESET_A__33670dbe1a489af6,60,60,60,60,8cee5f245a15cb568cbadedcf39a083c278688db44cf20754b2b40cf637a931b,0.0,0.0,0.0013118264709090083,0.007069461788035199,0.9916187117410559,6.15784684590014e-15,4.415199412127792e-12,0.9999999999955786,0.08285450261823105,0.8530920387529866,0.0,0.0,-7.7794153296146735,-7.7794153296146735,1.4569804785495226,6.15784684590014e-15,4.415199412127792e-12,0.9999999999955786,0.8200000000007296,6.622799118191693e-14,0.17999999999920419,0.0,True,True,success,0.8200000000007296,False,0.17999999999920419,0,0.004893990019557262,1.1403615185022142,0.03483152962877566,-0.005580917890236999,0.03979135339687055,-15.518467413598692,-1.9398084266998366,5.820955865976849,4.8508559111332,-0.9700999548436497,0.00027575752085540634,0.000711284265250928,0.0007697782397714894,0.0006793064943141757,0.002313947032359078,,,,,,,,,,1.1102230246251565e-16,0.0,0.0,1.0116322207532324e-08,5.003951305505499e-08,2.7407770066827866e-07,0.0,0.0,5.685320543927832e-27,0.0,True,,
shared|c40|shared|vacuum_f|RESET|A|p0061,PHASE9-FRESH-TWIN-ROUND-LEDGER-V1,shared,shared|vacuum_f|RESET,ab/c40/shared/vacuum_f/RESET,A,PHASE9-BACKEND-A-JOINT-FOCK-QUTRIT-GKSL-V1,40,rao_blackwell_expected_reset_repair,1803061,61,,0,True,RESET,,,vacuum_f,,NUMPY_SEEDSEQUENCE_ADDRESSED,repair_c40_shared_vacuum_f_RESET_A__33670dbe1a489af6,61,61,61,61,191c2ea48ec39add18a546b25b7ccbad0875dcac769e4988cee923e2b8f91ae9,0.0,0.0,0.0013118264709090083,0.007069461788035199,0.9916187117410559,4.0225141879541665e-17,1.0024911763032749e-19,1.0,-0.13009050070557213,1.1364796662856063,0.0,0.0,-14.312027628842346,-14.312027628842346,5.090511172098776,4.0225141879541665e-17,1.0024911763032749e-19,1.0,0.82,1.5037367644549135e-21,0.18000000000000002,0.0,True,True,success,0.82,False,0.18000000000000002,0,0.004893990019557262,1.1403615185022142,0.03483152962877566,-0.005580917890236999,0.03979135339687055,-16.57910731662077,-2.0723884145775964,-7.141587452022593,-2.252468955954022,4.889118496068571,-0.0008222521142619872,0.0015591833809342113,-0.0014702068540324333,-0.001351847928147794,0.0009195821013324395,,,,,,,,,,0.0,0.0,0.0,1.0115243593156655e-08,5.003951305505442e-08,2.7407770066827554e-07,0.0,0.0,2.5061163401338907e-32,0.0,True,,
shared|c40|shared|vacuum_f|RESET|A|p0062,PHASE9-FRESH-TWIN-ROUND-LEDGER-V1,shared,shared|vacuum_f|RESET,ab/c40/shared/vacuum_f/RESET,A,PHASE9-BACKEND-A-JOINT-FOCK-QUTRIT-GKSL-V1,40,rao_blackwell_expected_reset_repair,1803062,62,,0,True,RESET,,,vacuum_f,,NUMPY_SEEDSEQUENCE_ADDRESSED,repair_c40_shared_vacuum_f_RESET_A__33670dbe1a489af6,62,62,62,62,e9dd96c71760ff785e08a8ceaa9fc407ab2f8f76f29ed82c91faf4652903369a,0.0,0.0,0.0013118264709090083,0.007069461788035199,0.9916187117410559,1.199901258812251e-20,1.6798601679939805e-24,1.0,-0.17886888875093804,1.3758217673133923,0.0,0.0,-15.283899838226528,-15.283899838226528,5.011284188919291,1.199901258812251e-20,1.6798601679939805e-24,1.0,0.82,2.5197902519909725e-26,0.18000000000000002,0.0,True,True,success,0.82,False,0.18000000000000002,0,0.004893990019557262,1.1403615185022142,0.03483152962877566,-0.005580917890236999,0.03979135339687055,-11.161641186774727,-1.3952051483468408,0.35752908338769185,-3.141831249616218,-3.49936033300391,-0.0014305368836253442,0.00023998838642539855,-0.0001939026573607298,-0.0008286016529579058,0.004102394830289674,,,,,,,,,,0.0,0.0,0.0,1.0115243593156655e-08,5.003951305505442e-08,2.7407770066827554e-07,0.0,0.0,3.611779861298405e-35,0.0,True,,
shared|c40|shared|vacuum_f|RESET|A|p0063,PHASE9-FRESH-TWIN-ROUND-LEDGER-V1,shared,shared|vacuum_f|RESET,ab/c40/shared/vacuum_f/RESET,A,PHASE9-BACKEND-A-JOINT-FOCK-QUTRIT-GKSL-V1,40,rao_blackwell_expected_reset_repair,1803063,63,,0,True,RESET,,,vacuum_f,,NUMPY_SEEDSEQUENCE_ADDRESSED,repair_c40_shared_vacuum_f_RESET_A__33670dbe1a489af6,63,63,63,63,817b11cbe3f9a59ff430a73476c5d4b10e907c57b2080869d8b03a16f79119e7,0.0,0.0,0.0013118264709090083,0.007069461788035199,0.9916187117410559,3.769537668729315e-14,1.4303857708781497e-20,0.9999999999999623,-0.27900224761943393,1.0751773446704127,0.0,0.0,-10.855382007497417,-10.855382007497417,2.967014100745521,3.769537668729315e-14,1.4303857708781497e-20,0.9999999999999623,0.8200000000000067,2.145578656317227e-22,0.17999999999999328,0.0,True,True,success,0.8200000000000067,False,0.17999999999999328,0,0.004893990019557262,1.1403615185022142,0.03483152962877566,-0.005580917890236999,0.03979135339687055,-23.408277138790833,-2.926034642348854,6.437041757336775,7.466755266134131,1.0297135087973555,0.001291424256546665,0.0004443468838508703,0.0057641575426407715,-0.00017010672941568405,0.0021357010743393093,,,,,,,,,,0.0,0.0,0.0,1.0115253151094498e-08,5.003951305505442e-08,2.7407770066827554e-07,0.0,0.0,4.44089209850517e-16,0.0,True,,
shared|c40|shared|vacuum_f|RESET|A|p0064,PHASE9-FRESH-TWIN-ROUND-LEDGER-V1,shared,shared|vacuum_f|RESET,ab/c40/shared/vacuum_f/RESET,A,PHASE9-BACKEND-A-JOINT-FOCK-QUTRIT-GKSL-V1,40,rao_blackwell_expected_reset_repair,1803064,64,,0,True,RESET,,,vacuum_f,,NUMPY_SEEDSEQUENCE_ADDRESSED,repair_c40_shared_vacuum_f_RESET_A__33670dbe1a489af6,64,64,64,64,0fe0fcec52c575b113cec71f715c9f52de3b2814d442b45d4b1777b028fbeca0,0.0,0.0,0.0013118264709090083,0.007069461788035199,0.9916187117410559,1.4601888836949648e-19,7.12678203558073e-16,0.9999999999999993,0.11534714008558572,1.0957763070766038,0.0,0.0,-10.298949243871656,-10.298949243871654,3.248173981883485,1.4601888836949648e-19,7.12678203558073e-16,0.9999999999999993,0.8200000000000001,1.0690173053371104e-17,0.17999999999999994,0.0,True,True,success,0.8200000000000001,False,0.17999999999999994,0,0.004893990019557262,1.1403615185022142,0.03483152962877566,-0.005580917890236999,0.03979135339687055,-18.72700666922142,-2.3408758336526776,6.106275906641931,3.8767721256353767,-2.2295037810065548,0.000620548335022406,-0.0029912635677400747,0.003627610595001843,-0.002250336516099477,0.0014683687006501957,,,,,,,,,,1.1102230246251565e-16,0.0,0.0,1.0115243671661278e-08,5.003951305505442e-08,2.7407770066827554e-07,0.0,0.0,6.661338147750948e-16,1.7763568394002505e-15,True,,
shared|c40|shared|vacuum_f|RESET|A|p0065,PHASE9-FRESH-TWIN-ROUND-LEDGER-V1,shared,shared|vacuum_f|RESET,ab/c40/shared/vacuum_f/RESET,A,PHASE9-BACKEND-A-JOINT-FOCK-QUTRIT-GKSL-V1,40,rao_blackwell_expected_reset_repair,1803065,65,,0,True,RESET,,,vacuum_f,,NUMPY_SEEDSEQUENCE_ADDRESSED,repair_c40_shared_vacuum_f_RESET_A__33670dbe1a489af6,65,65,65,65,ecb6977c1a567a32a46558f4aaaec16a79ff2a1653e770a6b476f315a5447a2a,0.0,0.0,0.0013118264709090083,0.007069461788035199,0.9916187117410559,1.4257183109826232e-26,1.1858587053320277e-22,1.0,0.12437818446975892,1.49335265493165,0.0,0.0,-15.382850162933119,-15.382850162933119,4.6539090708235555,1.4257183109826232e-26,1.1858587053320277e-22,1.0,0.82,1.7787880579980426e-24,0.18000000000000002,0.0,True,True,success,0.82,False,0.18000000000000002,0,0.004893990019557262,1.1403615185022142,0.03483152962877566,-0.005580917890236999,0.03979135339687055,-8.786227294084561,-1.0982784117605702,-0.8924609072700695,-4.758989007963058,-3.866528100692989,-0.0012375256545949494,-0.0005407357553440493,0.004689475397848692,-0.0015303581144019552,0.0013026601133957832,,,,,,,,,,0.0,0.0,0.0,1.0115243593156655e-08,5.003951305505442e-08,2.7407770066827554e-07,0.0,0.0,3.998316612571092e-37,0.0,True,,
shared|c40|shared|vacuum_f|RESET|A|p0066,PHASE9-FRESH-TWIN-ROUND-LEDGER-V1,shared,shared|vacuum_f|RESET,ab/c40/shared/vacuum_f/RESET,A,PHASE9-BACKEND-A-JOINT-FOCK-QUTRIT-GKSL-V1,40,rao_blackwell_expected_reset_repair,1803066,66,,0,True,RESET,,,vacuum_f,,NUMPY_SEEDSEQUENCE_ADDRESSED,repair_c40_shared_vacuum_f_RESET_A__33670dbe1a489af6,66,66,66,66,b9bd2c2cde2e09267d228e8db74c66ab2d190906cd9946112bfef831f62b03d9,0.0,0.0,0.0013118264709090083,0.007069461788035199,0.9916187117410559,4.422026981455014e-17,3.620422118615641e-20,1.0,-0.14894897114115263,1.1480471423097427,0.0,0.0,-11.682057893229922,-11.68205789322992,3.8379549430518405,4.422026981455014e-17,3.620422118615641e-20,1.0,0.82,5.430633177923464e-22,0.18000000000000002,0.0,True,False,failure,0.82,True,0.18000000000000002,1,0.004893990019557262,1.1403615185022142,0.03483152962877566,-0.005580917890236999,0.03979135339687055,-9.857546289567685,-1.2321932861959606,-0.7365000298976998,-3.7845816629828075,-3.0480816330851077,0.0009796638070793215,0.0010889253427684067,0.0011672374937657139,0.001101865002823829,1.866901725410832e-05,,,,,,,,,,0.0,0.0,0.0,1.0115243593156655e-08,5.003951305505442e-08,2.7407770066827554e-07,0.0,0.0,1.2340396118661214e-31,1.7763568394002505e-15,True,,
shared|c40|shared|vacuum_f|RESET|A|p0067,PHASE9-FRESH-TWIN-ROUND-LEDGER-V1,shared,shared|vacuum_f|RESET,ab/c40/shared/vacuum_f/RESET,A,PHASE9-BACKEND-A-JOINT-FOCK-QUTRIT-GKSL-V1,40,rao_blackwell_expected_reset_repair,1803067,67,,0,True,RESET,,,vacuum_f,,NUMPY_SEEDSEQUENCE_ADDRESSED,repair_c40_shared_vacuum_f_RESET_A__33670dbe1a489af6,67,67,67,67,a46cba019a7ebeb293d6f7f250f2df13aeb6d595ef22bb5263766050b83e3d7e,0.0,0.0,0.0013118264709090083,0.007069461788035199,0.9916187117410559,6.746003437126305e-18,1.060496701142552e-14,0.9999999999999893,0.09615411238168046,1.013971568653821,0.0,2.220446049250313e-16,-10.743338403501909,-10.743338403501909,3.36091509974322,6.746003437126305e-18,1.060496701142552e-14,0.9999999999999893,0.8200000000000016,1.59074505171383e-16,0.17999999999999822,0.0,True,True,success,0.8200000000000016,False,0.17999999999999822,0,0.004893990019557262,1.1403615185022142,0.03483152962877566,-0.005580917890236999,0.03979135339687055,-16.088863142632988,-2.0111078928291235,5.937089689488268,3.3963050840113675,-2.5407846054769,0.00042283866280442976,-0.0005961446895884917,0.004124614312905553,-0.002202723810754981,0.001964666234318863,,,,,,,,,,0.0,0.0,0.0,1.0115246046426126e-08,5.003951305505442e-08,2.7407770066827554e-07,0.0,0.0,3.1600658527505766e-30,0.0,True,,
shared|c40|shared|vacuum_f|RESET|A|p0068,PHASE9-FRESH-TWIN-ROUND-LEDGER-V1,shared,shared|vacuum_f|RESET,ab/c40/shared/vacuum_f/RESET,A,PHASE9-BACKEND-A-JOINT-FOCK-QUTRIT-GKSL-V1,40,rao_blackwell_expected_reset_repair,1803068,68,,0,True,RESET,,,vacuum_f,,NUMPY_SEEDSEQUENCE_ADDRESSED,repair_c40_shared_vacuum_f_RESET_A__33670dbe1a489af6,68,68,68,68,2485b05602eda69b23ef3bc5982c04784c104c8f70b4f0d0fb537b2232e41b28,0.0,0.0,0.0013118264709090083,0.007069461788035199,0.9916187117410559,6.069107432573037e-17,4.285547025488748e-15,0.9999999999999957,0.04358698576588384,0.9978088568588722,1.3877787807814457e-17,0.0,-14.700005323736443,-14.700005323736443,5.205646241256509,6.069107432573037e-17,4.285547025488748e-15,0.9999999999999957,0.8200000000000007,6.428320538233127e-17,0.17999999999999924,0.0,True,True,success,0.8200000000000007,False,0.17999999999999924,0,0.004893990019557262,1.1403615185022142,0.03483152962877566,-0.005580917890236999,0.03979135339687055,-15.254352846263192,-1.906794105782899,1.0596066364272216,-4.031862203512119,-5.091468839939341,-0.0015333466367105871,0.00014717084056066368,0.0034124203746738148,-0.0022835298398563558,0.0007812584245162873,,,,,,,,,,0.0,0.0,0.0,1.0115244692221377e-08,5.003951305505442e-08,2.7407770066827554e-07,0.0,0.0,7.771561172376135e-16,0.0,True,,
shared|c40|shared|vacuum_f|RESET|A|p0069,PHASE9-FRESH-TWIN-ROUND-LEDGER-V1,shared,shared|vacuum_f|RESET,ab/c40/shared/vacuum_f/RESET,A,PHASE9-BACKEND-A-JOINT-FOCK-QUTRIT-GKSL-V1,40,rao_blackwell_expected_reset_repair,1803069,69,,0,True,RESET,,,vacuum_f,,NUMPY_SEEDSEQUENCE_ADDRESSED,repair_c40_shared_vacuum_f_RESET_A__33670dbe1a489af6,69,69,69,69,ed775fc97cc4ec22c3028ff1ee50cd2f297575e9cd76ef01be646dd14fcdc02c,0.0,0.0,0.0013118264709090083,0.007069461788035199,0.9916187117410559,2.6029640963650162e-14,3.7368414927423533e-16,0.9999999999999736,-0.10042634908580592,0.9524601013846524,0.0,0.0,-10.101047744895942,-10.10104774489594,2.894082638871557,2.6029640963650162e-14,3.7368414927423533e-16,0.9999999999999736,0.8200000000000047,5.605262239113534e-18,0.17999999999999525,0.0,True,True,success,0.8200000000000047,False,0.17999999999999525,0,0.004893990019557262,1.1403615185022142,0.03483152962877566,-0.005580917890236999,0.03979135339687055,-16.482565801523567,-2.060320725190446,-5.505056887230209,-3.0814913124402317,2.4235655747899774,7.119606337041974e-05,0.0024795901828081114,0.0017453672276421114,-0.002655772774113484,0.0012537932073199587,,,,,,,,,,0.0,0.0,0.0,1.0115250344554228e-08,5.003951305505442e-08,2.7407770066827554e-07,0.0,0.0,2.2204460492510147e-16,1.7763568394002505e-15,True,,
shared|c40|shared|vacuum_f|RESET|A|p0070,PHASE9-FRESH-TWIN-ROUND-LEDGER-V1,shared,shared|vacuum_f|RESET,ab/c40/shared/vacuum_f/RESET,A,PHASE9-BACKEND-A-JOINT-FOCK-QUTRIT-GKSL-V1,40,rao_blackwell_expected_reset_repair,1803070,70,,0,True,RESET,,,vacuum_f,,NUMPY_SEEDSEQUENCE_ADDRESSED,repair_c40_shared_vacuum_f_RESET_A__33670dbe1a489af6,70,70,70,70,d7c2624290e8a7fd4174ab8b52e63212b2140807c30e76c9f0f1f95f401ccd89,0.0,0.0,0.0013118264709090083,0.007069461788035199,0.9916187117410559,4.2563330033261765e-24,3.538983002156134e-18,1.0,0.20238908665919098,1.2929720841720127,0.0,0.0,-12.178963138732843,-12.178963138732845,3.7532268834270734,4.2563330033261765e-24,3.538983002156134e-18,1.0,0.82,5.308474503234204e-20,0.18000000000000002,0.0,True,True,success,0.82,False,0.18000000000000002,0,0.004893990019557262,1.1403615185022142,0.03483152962877566,-0.005580917890236999,0.03979135339687055,-13.638703477073967,-1.704837934634246,-5.191220368410733,-1.021869750727209,4.169350617683524,0.0006689020399369321,0.00025071115397293513,0.004810163586957822,0.0012065529828471223,0.001251377119177986,,,,,,,,,,0.0,0.0,0.0,1.0115243593156655e-08,5.003951305505442e-08,2.7407770066827554e-07,0.0,0.0,1.386671396668733e-32,1.7763568394002505e-15,True,,
shared|c40|shared|vacuum_f|RESET|A|p0071,PHASE9-FRESH-TWIN-ROUND-LEDGER-V1,shared,shared|vacuum_f|RESET,ab/c40/shared/vacuum_f/RESET,A,PHASE9-BACKEND-A-JOINT-FOCK-QUTRIT-GKSL-V1,40,rao_blackwell_expected_reset_repair,1803071,71,,0,True,RESET,,,vacuum_f,,NUMPY_SEEDSEQUENCE_ADDRESSED,repair_c40_shared_vacuum_f_RESET_A__33670dbe1a489af6,71,71,71,71,3dcd98cf13b2e6ebbd116ad04c2ca5f582aa91d9db789f9362d0a90a8d975f4a,0.0,0.0,0.0013118264709090083,0.007069461788035199,0.9916187117410559,7.704647958702313e-17,2.4011802813179114e-19,0.9999999999999999,-0.12630320462942562,1.1174041869764724,2.7755575615628914e-17,0.0,-6.909215043179644,-6.909215043179644,1.6800259427953848,7.704647958702313e-17,2.4011802813179114e-19,0.9999999999999999,0.82,3.60177042197687e-21,0.18000000000000005,0.0,True,True,success,0.82,False,0.18000000000000005,0,0.004893990019557262,1.1403615185022142,0.03483152962877566,-0.005580917890236999,0.03979135339687055,-19.130769942967927,-2.391346242870991,5.4551658623441925,4.565084079951003,-0.8900817823931897,0.0009328933517635503,-0.0005089831381754383,0.00038336555940892466,-0.00026341208521606075,0.0014951931968516228,,,,,,,,,,1.1102230246251565e-16,0.0,0.0,1.0115243514652034e-08,5.003951305505442e-08,2.7407770066827554e-07,0.0,0.0,1.110223024625157e-16,0.0,True,,
