scenario_id,base_evaluation_seed,effective_seed,cycles,trace_sha256,truth_normal_cycles,truth_x_recovery_cycles,truth_z_recovery_cycles,truth_leakage_cycles,truth_health_fallback_cycles,fsm_final_bank_version,fsm_bank_conflicts,fsm_local_safe_cycles,fsm_corrections_finite,static_safe_normal_event_cost,static_safe_normal_event_plus_write_cost,static_safe_normal_action_accuracy,static_safe_normal_unsafe_miss_rate,static_safe_normal_false_intervention_rate,static_safe_normal_mean_event_detection_delay_cycles,static_safe_normal_transitions,static_safe_normal_bank_writes,static_safe_normal_fallback_cycles,memoryless_event_event_cost,memoryless_event_event_plus_write_cost,memoryless_event_action_accuracy,memoryless_event_unsafe_miss_rate,memoryless_event_false_intervention_rate,memoryless_event_mean_event_detection_delay_cycles,memoryless_event_transitions,memoryless_event_bank_writes,memoryless_event_fallback_cycles,run_length_fsm_event_cost,run_length_fsm_event_plus_write_cost,run_length_fsm_action_accuracy,run_length_fsm_unsafe_miss_rate,run_length_fsm_false_intervention_rate,run_length_fsm_mean_event_detection_delay_cycles,run_length_fsm_transitions,run_length_fsm_bank_writes,run_length_fsm_fallback_cycles,truth_oracle_event_cost,truth_oracle_event_plus_write_cost,truth_oracle_action_accuracy,truth_oracle_unsafe_miss_rate,truth_oracle_false_intervention_rate,truth_oracle_mean_event_detection_delay_cycles,truth_oracle_transitions,truth_oracle_bank_writes,truth_oracle_fallback_cycles
persistent_recovery,20261121,20261121,1024,4141bed1039b4e2b29b44f91664fead9e0286f0ff10374e9e0e943f9dbd8df93,135,469,420,0,0,361,0,0,True,0.8681640625,0.8681640625,0.1318359375,0.0,0.0,3.831896551724138,0,0,0,0.01287109375,0.013509765625,0.986328125,0.0,0.007407407407407408,0.017241379310344827,327,327,0,0.244140625,0.244845703125,0.755859375,0.0,0.0,1.0172413793103448,361,361,0,0.0,0.0006015625,1.0,0.0,0.0,0.0,308,308,0
persistent_recovery,20261122,20261122,1024,7e9017447f3bfe9dcb624d0acfc7b5dc3f6dd890888fe747daa49f6ae456aaf0,130,462,432,0,0,295,0,0,True,0.873046875,0.873046875,0.126953125,0.0,0.0,4.680628272251309,0,0,0,0.014892578125,0.015431640625,0.9853515625,0.0,0.0,0.010471204188481676,276,276,0,0.2080078125,0.208583984375,0.7919921875,0.0,0.0,1.0418848167539267,295,295,0,0.0,0.000494140625,1.0,0.0,0.0,0.0,253,253,0
persistent_recovery,20261123,20261123,1024,0331ba9d36ca6ea2e3eca95f04e70e9707aa7bd73e7fbb2597627b122d98313f,112,474,437,1,0,331,0,0,True,0.8908203125,0.8908203125,0.109375,1.0,0.0,4.676923076923077,0,0,0,0.02001953125,0.020580078125,0.98046875,0.0,0.0,0.035897435897435895,287,287,0,0.21767578125,0.218322265625,0.7822265625,0.0,0.0,1.0256410256410255,331,331,0,0.0,0.00050390625,1.0,0.0,0.0,0.0,258,258,0
persistent_recovery,20261124,20261124,1024,b75248751dc312e367b2643eb54d5ba9559380db43a9a4ce63de49e551a0e44f,143,457,423,1,0,334,0,0,True,0.860546875,0.860546875,0.1396484375,1.0,0.0,4.215311004784689,0,0,0,0.009765625,0.010369140625,0.990234375,0.0,0.0,0.014354066985645933,309,309,0,0.21669921875,0.2173515625,0.783203125,0.0,0.0,1.0334928229665072,334,334,0,0.0,0.000578125,1.0,0.0,0.0,0.0,296,296,0
persistent_recovery,20261125,20261125,1024,b77435c2ddce6a116e66b5ea95bcb0d3300e514efede7707908cfa025ec6432f,139,468,411,6,0,352,0,0,True,0.8654296875,0.8654296875,0.1357421875,1.0,0.0,4.23444976076555,0,0,0,0.01611328125,0.01669140625,0.984375,0.0,0.0,0.028708133971291867,296,296,0,0.220751953125,0.22143945312500002,0.779296875,0.0,0.0,1.0,352,352,0,0.0,0.000544921875,1.0,0.0,0.0,0.0,279,279,0
persistent_recovery,20261126,20261126,1024,0cbfba921cd543b23a0787e55aa8acecef96c0249c561613d777e2d8a15722ef,131,476,417,0,0,323,0,0,True,0.8720703125,0.8720703125,0.1279296875,0.0,0.0,4.603092783505154,0,0,0,0.01384765625,0.01438671875,0.9853515625,0.0,0.007633587786259542,0.030927835051546393,276,276,0,0.20703125,0.207662109375,0.79296875,0.0,0.0,1.0257731958762886,323,323,0,0.0,0.000505859375,1.0,0.0,0.0,0.0,259,259,0
persistent_recovery,20261127,20261127,1024,9158e5ac5266e6b30c8b123fbf4fce2bcab5e0c9834614b3bb7367c5013b9b29,157,422,440,5,0,325,0,0,True,0.84765625,0.84765625,0.1533203125,1.0,0.0,4.168269230769231,0,0,0,0.0123828125,0.0129765625,0.9873046875,0.0,0.006369426751592357,0.009615384615384616,304,304,0,0.216943359375,0.217578125,0.783203125,0.0,0.0,1.0336538461538463,325,325,0,0.0,0.0005566406250000001,1.0,0.0,0.0,0.0,285,285,0
persistent_recovery,20261128,20261128,1024,66ab05dd5f4aba074b44d9167f1bd133392a34d759b121a1ad75cdad230a06a3,130,490,398,6,0,340,0,0,True,0.87421875,0.87421875,0.126953125,1.0,0.0,4.403940886699507,0,0,0,0.017265625,0.01784375,0.982421875,0.0,0.007692307692307693,0.019704433497536946,296,296,0,0.21748046875,0.21814453125,0.7822265625,0.0,0.0,1.0246305418719213,340,340,0,0.0,0.00053125,1.0,0.0,0.0,0.0,272,272,0
readout_false_positive,20261121,20361121,1024,cf810980ffa291664731977c9d9ad40ea5ed7aa294b8e8748c0874e79b2a125b,794,127,102,1,0,132,0,0,True,0.2248046875,0.2248046875,0.775390625,1.0,0.0,1.619718309859155,0,0,0,0.020634765624999996,0.021328124999999996,0.927734375,0.0,0.08312342569269521,0.04929577464788732,355,355,0,0.1346484375,0.13490625,0.8564453125,0.0,0.013853904282115869,0.9436619718309859,132,132,0,0.0,0.00052734375,1.0,0.0,0.0,0.0,270,270,0
readout_false_positive,20261122,20361122,1024,6adc76445c4806005793625aac3b9d919719f2932d998d404b31d212b4c8a2cf,804,126,94,0,0,140,0,0,True,0.21484375,0.21484375,0.78515625,0.0,0.0,1.5277777777777777,0,0,0,0.029736328124999996,0.030574218749999996,0.8798828125,0.0,0.14303482587064675,0.04861111111111111,429,429,0,0.135380859375,0.135654296875,0.8525390625,0.0,0.01990049751243781,0.9375,140,140,0,0.0,0.000541015625,1.0,0.0,0.0,0.0,277,277,0
readout_false_positive,20261123,20361123,1024,64e11efba76f807ac314f6abaeafa3943248e75c4891b324e4c69fbbd77bb331,816,112,96,0,0,105,0,0,True,0.203125,0.203125,0.796875,0.0,0.0,1.5522388059701493,0,0,0,0.024042968749999998,0.024794921874999997,0.91015625,0.0,0.10294117647058823,0.05223880597014925,385,385,0,0.13080078125,0.131005859375,0.86328125,0.0,0.00980392156862745,0.9850746268656716,105,105,0,0.0,0.000501953125,1.0,0.0,0.0,0.0,257,257,0
readout_false_positive,20261124,20361124,1024,f61fb15ac3dfdfe770e4af3826c19756f70bee718b1cee24d9fc2c7e92a5f58d,803,116,105,0,0,105,0,0,True,0.2158203125,0.2158203125,0.7841796875,0.0,0.0,1.4635761589403973,0,0,0,0.0294921875,0.030205078125,0.9208984375,0.0,0.08094645080946451,0.07947019867549669,365,365,0,0.1446484375,0.144853515625,0.849609375,0.0,0.0112079701120797,0.9470198675496688,105,105,0,0.0,0.000548828125,1.0,0.0,0.0,0.0,281,281,0
readout_false_positive,20261125,20361125,1024,42760d8d00dc3804bd0e0910d094ed1664a39951b5d600d6eed513fe5753f938,819,87,118,0,0,121,0,0,True,0.2001953125,0.2001953125,0.7998046875,0.0,0.0,1.443661971830986,0,0,0,0.028623046875,0.02941796875,0.8994140625,0.0,0.11233211233211234,0.056338028169014086,407,407,0,0.136767578125,0.13700390625,0.85546875,0.0,0.01221001221001221,0.971830985915493,121,121,0,0.0,0.00053125,1.0,0.0,0.0,0.0,272,272,0
readout_false_positive,20261126,20361126,1024,8bb0e2d18fa4f5e30f28b05910e791df1a0aa7443a57d1920cb09f8dc48752c3,796,120,106,2,0,134,0,0,True,0.223046875,0.223046875,0.77734375,1.0,0.0,1.7014925373134329,0,0,0,0.021220703124999997,0.021964843749999997,0.9111328125,0.0,0.10804020100502512,0.022388059701492536,381,381,0,0.12721679687499998,0.12747851562499998,0.8662109375,0.0,0.011306532663316583,0.9552238805970149,134,134,0,0.0,0.00050390625,1.0,0.0,0.0,0.0,258,258,0
readout_false_positive,20261127,20361127,1024,fedbff520690bdfb6c4a91fc1a3cf7a90960abd799a2daa19323857cbcfec6ad,842,87,95,0,0,104,0,0,True,0.177734375,0.177734375,0.822265625,0.0,0.0,1.5041322314049588,0,0,0,0.028583984375,0.029291015625,0.9013671875,0.0,0.10570071258907364,0.049586776859504134,362,362,0,0.12208984374999998,0.12229296874999998,0.8671875,0.0,0.0166270783847981,1.0,104,104,0,0.0,0.000455078125,1.0,0.0,0.0,0.0,233,233,0
readout_false_positive,20261128,20361128,1024,31c02ed60ffec033f244868717ff358ea9012ffb73b5470fe1bf3f40c72e65a1,819,121,84,0,0,121,0,0,True,0.2001953125,0.2001953125,0.7998046875,0.0,0.0,1.4963503649635037,0,0,0,0.026513671875,0.027322265624999998,0.890625,0.0,0.1282051282051282,0.0364963503649635,414,414,0,0.12846679687499998,0.12870312499999997,0.8642578125,0.0,0.01221001221001221,0.9343065693430657,121,121,0,0.0,0.000517578125,1.0,0.0,0.0,0.0,265,265,0
leakage_bursts,20261121,20461121,1024,49f5b19fec4236b199cf6ba915e3309c74d59f68080c6daf8cdc2db5e24cc5ef,379,305,241,99,0,251,0,0,True,0.64921875,0.64921875,0.3701171875,1.0,0.0,2.7682403433476397,0,0,0,0.012841796874999999,0.013603515624999998,0.9833984375,0.0,0.013192612137203167,0.008583690987124463,390,390,0,0.228642578125,0.2291328125,0.76953125,0.0,0.002638522427440633,0.9828326180257511,251,251,0,0.0,0.000724609375,1.0,0.0,0.0,0.0,371,371,0
leakage_bursts,20261122,20461122,1024,05cba86a7efa55bb006b0de7ea7406b6cc2de3a45145c3c90f16843473f12e1f,416,284,262,62,0,252,0,0,True,0.605859375,0.605859375,0.40625,1.0,0.0,2.751131221719457,0,0,0,0.020830078125,0.021615234374999997,0.9755859375,0.0,0.014423076923076924,0.03619909502262444,402,402,0,0.223173828125,0.223666015625,0.775390625,0.0,0.002403846153846154,1.0,252,252,0,0.0,0.000736328125,1.0,0.0,0.0,0.0,377,377,0
leakage_bursts,20261123,20461123,1024,f1ec39f9a6aea2829f1e9b0ed3a5691f0427b12f68fb126cfdb8b68f684c8163,355,287,279,103,0,309,0,0,True,0.6734375,0.6734375,0.3466796875,1.0,0.0,3.0135135135135136,0,0,0,0.009873046875,0.010599609375,0.9892578125,0.0,0.005633802816901409,0.013513513513513514,372,372,0,0.20888671875,0.209490234375,0.7900390625,0.0,0.0,0.9279279279279279,309,309,0,0.0,0.00070703125,1.0,0.0,0.0,0.0,362,362,0
leakage_bursts,20261124,20461124,1024,f57bb0e9ac8b35d13e3e6ecb969b1041198c5b506fc9ca3e582ca508fdd4cab9,450,274,276,24,0,261,0,0,True,0.565234375,0.565234375,0.439453125,1.0,0.0,2.463519313304721,0,0,0,0.013505859374999998,0.014298828124999998,0.982421875,0.0,0.013333333333333334,0.012875536480686695,406,406,0,0.2293359375,0.229845703125,0.767578125,0.0,0.006666666666666667,0.9785407725321889,261,261,0,0.0,0.000759765625,1.0,0.0,0.0,0.0,389,389,0
leakage_bursts,20261125,20461125,1024,92285994a3432eca6ec3eda71c987e6100cba7265f462ad02983fd7db8593fce,401,282,304,37,0,280,0,0,True,0.6156250000000001,0.6156250000000001,0.3916015625,1.0,0.0,2.7937219730941703,0,0,0,0.016230468749999998,0.0169921875,0.9775390625,0.0,0.022443890274314215,0.03587443946188341,390,390,0,0.216064453125,0.216611328125,0.783203125,0.0,0.0,0.968609865470852,280,280,0,0.0,0.00071875,1.0,0.0,0.0,0.0,368,368,0
leakage_bursts,20261126,20461126,1024,1a41d5d99248a9372e6e89b99f6f82e5f56714fd015eb3a31d0bbd78c792ae41,367,260,306,91,0,268,0,0,True,0.6593749999999999,0.6593749999999999,0.3583984375,1.0,0.0,2.9594594594594597,0,0,0,0.012666015624999999,0.013388671874999999,0.984375,0.0,0.010899182561307902,0.009009009009009009,370,370,0,0.21621093749999998,0.21673437499999998,0.7822265625,0.0,0.0,0.9684684684684685,268,268,0,0.0,0.0006816406250000001,1.0,0.0,0.0,0.0,349,349,0
leakage_bursts,20261127,20461127,1024,ddaf0bdc975074be9f21fe41e7b0e042df80294cc517f98a63f9a0c5f06492df,318,286,307,113,0,271,0,0,True,0.7115234375,0.7115234375,0.310546875,1.0,0.0,3.477832512315271,0,0,0,0.013330078124999999,0.013999999999999999,0.9833984375,0.0,0.015723270440251572,0.0049261083743842365,343,343,0,0.196171875,0.196701171875,0.8017578125,0.0,0.0031446540880503146,0.9211822660098522,271,271,0,0.0,0.0006328125,1.0,0.0,0.0,0.0,324,324,0
leakage_bursts,20261128,20461128,1024,ebf20d8b2832974c51d4aaf5f401a9ba01a2df3c6d52719446a38601d256ef97,433,311,252,28,0,285,0,0,True,0.5826171875,0.5826171875,0.4228515625,1.0,0.0,2.536480686695279,0,0,0,0.017246093749999997,0.018072265624999997,0.9736328125,0.0,0.02771362586605081,0.012875536480686695,423,423,0,0.235771484375,0.236328125,0.7626953125,0.0,0.0023094688221709007,0.9914163090128756,285,285,0,0.0,0.000765625,1.0,0.0,0.0,0.0,392,392,0
mixed_burst_health,20261121,20561121,1024,40857b73cd55f84a8d16e10c635ad025e04b8b0358225cc127aae5b093816ac9,311,330,338,33,12,318,0,0,True,0.6910156249999999,0.691046875,0.3154296875,0.7333333333333333,0.0,2.957805907172996,16,16,12,0.026220703125,0.0270546875,0.9599609375,0.0,0.06430868167202572,0.02109704641350211,427,427,12,0.23607421875,0.2366953125,0.755859375,0.0,0.02572347266881029,0.9915611814345991,318,318,20,0.0,0.000759765625,1.0,0.0,0.0,0.0,389,389,12
mixed_burst_health,20261122,20561122,1024,742533396a28b2d8d9b2136b10580696d65dddf8d517c0d27711a1355b9cf20f,299,354,346,13,12,336,0,0,True,0.6988281249999999,0.698859375,0.3037109375,0.52,0.0,2.995798319327731,16,16,12,0.027265625,0.02808203125,0.9599609375,0.0,0.06354515050167224,0.025210084033613446,418,418,12,0.23714843750000003,0.23780468750000003,0.755859375,0.0,0.020066889632107024,0.9747899159663865,336,336,20,0.0,0.000748046875,1.0,0.0,0.0,0.0,383,383,12
mixed_burst_health,20261123,20561123,1024,5978973e2e49cc53c3ab08ae769b1aa6253925293febbf374f1d53b9bf5c262f,300,305,349,58,12,310,0,0,True,0.7066406249999999,0.706671875,0.3046875,0.8285714285714286,0.0,3.2363636363636363,16,16,12,0.022275390625,0.02305078125,0.9658203125,0.0,0.056666666666666664,0.02727272727272727,397,397,12,0.21009765625,0.210703125,0.78515625,0.0,0.006666666666666667,0.9590909090909091,310,310,19,0.0,0.00069921875,1.0,0.0,0.0,0.0,358,358,12
mixed_burst_health,20261124,20561124,1024,cd89a1905b63214008cf53cfb1e26a91d2f101e09db3007e198e50e53a5b7549,313,304,371,24,12,330,0,0,True,0.6873046875,0.6873359375,0.3173828125,0.6666666666666666,0.0,2.974468085106383,16,16,12,0.031904296875,0.0327265625,0.955078125,0.0,0.06070287539936102,0.029787234042553193,421,421,12,0.23474609375,0.235390625,0.7568359375,0.0,0.022364217252396165,0.9744680851063829,330,330,20,0.0,0.000748046875,1.0,0.0,0.0,0.0,383,383,12
mixed_burst_health,20261125,20561125,1024,6ab04b11ee741dbd3280815f898fbc85a572018cbc8f324f21716174f9c3a12d,324,317,356,15,12,321,0,0,True,0.6748046875,0.6748359375,0.328125,0.5555555555555556,0.0,2.9401709401709404,16,16,12,0.033710937499999996,0.034539062499999995,0.9580078125,0.0,0.043209876543209874,0.038461538461538464,424,424,12,0.23939453125000001,0.240021484375,0.75390625,0.0,0.015432098765432098,1.0128205128205128,321,321,20,0.0,0.00075390625,1.0,0.0,0.0,0.0,386,386,12
mixed_burst_health,20261126,20561126,1024,24e93d2718b0d3f2804b868ac38e184436c29991ca2a80e924f820562148b9be,274,332,387,19,12,349,0,0,True,0.7244140625,0.7244453125,0.279296875,0.6129032258064516,0.0,3.100840336134454,16,16,12,0.029628906249999996,0.030412109374999996,0.9619140625,0.0,0.04744525547445255,0.04201680672268908,401,401,12,0.23779296874999997,0.23847460937499998,0.755859375,0.0,0.014598540145985401,1.004201680672269,349,349,20,0.0,0.000724609375,1.0,0.0,0.0,0.0,371,371,12
mixed_burst_health,20261127,20561127,1024,65321dd657d13a77cefc2e8b057d7baf8a7de65c96758c9b1100a0ee69f25a66,304,346,341,21,12,338,0,0,True,0.6955078125,0.6955390625000001,0.30859375,0.6363636363636364,0.0,3.1607142857142856,16,16,12,0.025859374999999997,0.026623046874999997,0.966796875,0.0,0.03618421052631579,0.03571428571428571,391,391,12,0.23117187500000003,0.23183203125000001,0.76171875,0.0,0.013157894736842105,1.0401785714285714,338,338,20,0.0,0.000705078125,1.0,0.0,0.0,0.0,361,361,12
mixed_burst_health,20261128,20561128,1024,161015811672d93dbc5ce0cc668f8e42254b90636da578d8f621a682ca56f7a4,297,322,379,14,12,331,0,0,True,0.7009765625,0.7010078125,0.3017578125,0.5384615384615384,0.0,3.1359649122807016,16,16,12,0.036962890624999994,0.037757812499999995,0.94921875,0.0,0.06734006734006734,0.043859649122807015,407,407,12,0.23624023437500002,0.23688671875000003,0.755859375,0.0,0.020202020202020204,1.0087719298245614,331,331,20,0.0,0.00069921875,1.0,0.0,0.0,0.0,358,358,12
