point_id,device,cutoff,batch_size,full_cycles,half_cycles,status,feasible,preferred,runtime_median_seconds,runtime_p90_seconds,cuda_peak_allocated_bytes,cuda_peak_reserved_bytes,peak_rss_bytes,rss_delta_bytes,observed_memory_fraction,mean_reward,mean_ground_outcome_fraction,minimum_trajectory_probability,minimum_gradient_norm,maximum_gradient_norm,maximum_trace_error,maximum_hermiticity_error,minimum_final_eigenvalue,policy_parameter_count,real_dtype,warmup_steps,repeats,grid_points,score_baseline,seed,runtime_repeat_1_seconds,runtime_repeat_2_seconds,runtime_repeat_3_seconds
cuda-c8-b8-h2-float64,cuda,8,8,2,4,pass,True,True,0.19517130000167526,0.19926353999762797,27030016,31457280,1630679040,1066377216,0.0031484375,0.3362083677008599,0.6666666666666666,0.018185206601578234,0.3276548737941952,0.6039811300764244,2.220446049250313e-16,0.0,0.0,72913,float64,1,3,2049,0.35,314159,0.18736520000675227,0.19517130000167526,0.20028659999661613
cuda-c12-b8-h2-float64,cuda,12,8,2,4,pass,True,True,0.20516070000303444,0.2053903799940599,39814656,44040192,1627963392,1063657472,0.004637583492366412,0.37083749124330617,0.75,0.02618981569219373,0.4670303321687629,0.6259139862372795,2.220446049250313e-16,0.0,0.0,72913,float64,1,3,2049,0.35,314159,0.20516070000303444,0.20544779999181628,0.20236759999534115
cuda-c16-b1-h2-float64,cuda,16,1,2,4,pass,True,True,0.19480539999494795,0.20938420000311453,42694656,46137344,1645731840,1081937920,0.004973043893129771,0.7469404124149076,1.0,0.5317463202398841,0.7514987399120364,0.8625767669207799,1.1102230246251565e-16,0.0,-7.60441493254104e-17,72913,float64,1,3,2049,0.35,314159,0.21302890000515617,0.19103139999788254,0.19480539999494795
cuda-c16-b4-h2-float64,cuda,16,4,2,4,pass,True,True,0.19812060000549536,0.19826803999894765,49879552,54525952,1645330432,1081012224,0.0058099355916030535,0.5770671312140628,0.875,0.07249373602864302,0.4793497632073885,0.6013463195612015,2.220446049250313e-16,0.0,0.0,72913,float64,1,3,2049,0.35,314159,0.19812060000549536,0.1983048999973107,0.19668019999517128
cuda-c16-b8-h2-float64,cuda,16,8,2,4,pass,True,True,0.19885260000592098,0.20019507999531924,60989952,83886080,1635299328,1071198208,0.007104067270992366,0.4850547801975343,0.7708333333333334,0.011033245916005185,0.7383184658125864,0.7858896390864956,2.220446049250313e-16,0.0,0.0,72913,float64,1,3,2049,0.35,314159,0.19306889998551924,0.19885260000592098,0.20053069999266881
cuda-c16-b8-h3-float64,cuda,16,8,3,6,pass,True,True,0.30229059999692254,0.3106171599996742,79274496,102760448,1636724736,1072484352,0.009233838263358779,0.49129279826849387,0.7916666666666666,0.0028215850343724395,0.5483020606441964,0.8549855941338765,2.220446049250313e-16,0.0,0.0,72913,float64,1,3,2049,0.35,314159,0.30229059999692254,0.3126988000003621,0.285373199993046
cuda-c16-b8-h4-float64,cuda,16,8,4,8,pass,True,True,0.40897709999990184,0.42000261999492067,97595904,119537664,1635487744,1071083520,0.011367903148854962,0.4992335393396991,0.8020833333333334,0.0009048034743293446,0.7239791186182194,0.9646219868577814,2.220446049250313e-16,0.0,0.0,72913,float64,1,3,2049,0.35,314159,0.40897709999990184,0.4227589999936754,0.3860577000014018
cuda-c16-b8-h5-float64,cuda,16,8,5,10,pass,True,True,0.5136731000093278,0.5159603799984325,115954688,138412032,1639755776,1075449856,0.013506321564885496,0.48957936193912327,0.8041666666666667,0.00030829538426536084,0.8602147791458622,1.1552282728911474,4.440892098500626e-16,0.0,0.0,72913,float64,1,3,2049,0.35,314159,0.5136731000093278,0.49706599999626633,0.5165321999957087
cuda-c16-b8-h6-float64,cuda,16,8,6,12,pass,True,True,0.6172819999919739,0.6529764799925033,134349824,157286400,1642139648,1077870592,0.01564897423664122,0.4555728312459972,0.7951388888888888,5.908198937299441e-05,1.084838526877467,1.2578009020709608,4.440892098500626e-16,0.0,0.0,72913,float64,1,3,2049,0.35,314159,0.5918337000039173,0.6619000999926357,0.6172819999919739
cuda-c16-b8-h7-float64,cuda,16,8,7,14,pass,True,True,0.7185968999983743,0.7477665000013076,152781824,176160768,1649618944,1085222912,0.017795920801526716,0.40902309766358563,0.8005952380952381,1.4201926987589218e-05,0.9568530357822064,1.1815095787925998,3.3306690738754696e-16,0.0,0.0,72913,float64,1,3,2049,0.35,314159,0.7050023999909172,0.7185968999983743,0.7550589000020409
cuda-c16-b8-h8-float64,cuda,16,8,8,16,pass,True,True,0.8279938000050606,0.8456706800061511,171250688,192937984,1652510720,1088606208,0.019947161259541983,0.43925568078432403,0.7890625,1.264566031467887e-06,1.1426458864886653,1.7800983796523842,4.440892098500626e-16,0.0,0.0,72913,float64,1,3,2049,0.35,314159,0.8279938000050606,0.8500899000064237,0.8210702999931527
cuda-c16-b8-h9-float64,cuda,16,8,9,18,pass,True,True,0.9309618999977829,0.9554218199948081,189756928,211812352,1650917376,1087139840,0.022102755248091605,0.3771950692815183,0.7777777777777777,2.9296888195718987e-07,1.1265557617200994,1.9802518885891554,4.440892098500626e-16,0.0,0.0,72913,float64,1,3,2049,0.35,314159,0.9309618999977829,0.927424699999392,0.9615367999940645
cuda-c16-b8-h10-float64,cuda,16,8,10,20,pass,True,True,1.0627668000088306,1.0643180000042776,208299520,230686720,1660641280,1096298496,0.024262583492366412,0.3282093114499572,0.7645833333333334,7.722026613919391e-08,0.873184086673125,1.8893620164844203,5.551115123125783e-16,0.0,0.0,72913,float64,1,3,2049,0.35,314159,1.0606527000054484,1.0627668000088306,1.0647058000031393
cuda-c16-b16-h2-float64,cuda,16,16,2,4,pass,True,True,0.2077988999953959,0.2191205799987074,83205632,102760448,1629466624,1065762816,0.009691734255725191,0.5824206058795599,0.8697916666666666,0.011012429554614433,0.5281509200663566,0.773186959069471,2.220446049250313e-16,0.0,0.0,72913,float64,1,3,2049,0.35,314159,0.20329140000103507,0.2077988999953959,0.22195099999953527
cuda-c16-b16-h3-float64,cuda,16,16,3,6,pass,True,True,0.29849749999993946,0.3154588600009447,110547456,130023424,1636741120,1073041408,0.012876490935114504,0.4862016722238481,0.8506944444444443,0.002545930154889274,0.6958518197469906,0.8449298825348076,4.440892098500626e-16,0.0,0.0,72913,float64,1,3,2049,0.35,314159,0.29198430001270026,0.29849749999993946,0.319699200001196
cuda-c16-b16-h4-float64,cuda,16,16,4,8,pass,True,True,0.39893019999726675,0.40386651999433526,137956352,157286400,1639325696,1075310592,0.016069060114503816,0.47060306288705966,0.8255208333333334,0.0005257306034135748,0.6929858667055852,0.9672384080237287,2.220446049250313e-16,0.0,0.0,72913,float64,1,3,2049,0.35,314159,0.3779233999957796,0.4051005999936024,0.39893019999726675
cuda-c16-b16-h5-float64,cuda,16,16,5,10,pass,True,True,0.5122056999971392,0.5149443400005111,165433344,184549376,1638301696,1074049024,0.01926956106870229,0.43300895875184403,0.8083333333333332,0.00012248114876594525,0.8703130315208172,0.9713547179183555,4.440892098500626e-16,0.0,0.0,72913,float64,1,3,2049,0.35,314159,0.5156290000013541,0.5122056999971392,0.5066961999982595
cuda-c16-b16-h6-float64,cuda,16,16,6,12,pass,True,True,0.6054730000032578,0.6079816400015261,192977408,211812352,1645268992,1081212928,0.022477874522900763,0.4318088259869805,0.8003472222222222,3.255226779530719e-05,0.8585714365367181,1.100057821765747,4.440892098500626e-16,0.0,0.0,72913,float64,1,3,2049,0.35,314159,0.5841295999998692,0.6054730000032578,0.6086088000010932
cuda-c16-b16-h7-float64,cuda,16,16,7,14,pass,True,True,0.7125266999937594,0.7168705399963073,220589568,241172480,1644363776,1080201216,0.025694119751908398,0.40568074868963594,0.7946428571428571,6.37565685722949e-06,0.7899753736677143,1.1187439559052548,4.440892098500626e-16,0.0,0.0,72913,float64,1,3,2049,0.35,314159,0.6948358000081498,0.7179564999969443,0.7125266999937594
cuda-c16-b16-h8-float64,cuda,16,16,8,16,pass,True,True,0.8138091000000713,0.8248515000072075,248268800,268435456,1647484928,1083977728,0.02891817748091603,0.37979751304012604,0.7864583333333334,1.5738173014487359e-06,0.7631759206666358,0.992652229397341,4.440892098500626e-16,0.0,0.0,72913,float64,1,3,2049,0.35,314159,0.8276121000089915,0.8095229000027757,0.8138091000000713
cuda-c16-b16-h9-float64,cuda,16,16,9,18,pass,True,True,0.914073100007954,0.9355018199974439,276016128,295698432,1655803904,1091248128,0.032150166984732824,0.36883789085209423,0.7800925925925926,2.9209251618781964e-07,0.9359177147179476,1.0794134431234534,4.440892098500626e-16,0.0,0.0,72913,float64,1,3,2049,0.35,314159,0.9408589999948163,0.914073100007954,0.8960999999981141
cuda-c16-b16-h10-float64,cuda,16,16,10,20,pass,True,True,1.0498466999997618,1.0513832600001478,303830528,322961408,1659953152,1096372224,0.03538996898854962,0.3958435072717525,0.7843750000000002,8.2066334379722e-08,0.8650879023951248,0.9848471315496312,4.440892098500626e-16,0.0,0.0,72913,float64,1,3,2049,0.35,314159,1.0517674000002444,1.0498466999997618,1.036589700001059
cuda-c16-b32-h2-float64,cuda,16,32,2,4,pass,True,True,0.213972500001546,0.22121922000078484,127634432,140509184,1622343680,1058476032,0.014866770038167939,0.5610503655784437,0.8567708333333334,0.002933893023167977,0.5101148063935939,0.6215510315843525,2.220446049250313e-16,0.0,0.0,72913,float64,1,3,2049,0.35,314159,0.22303090000059456,0.213972500001546,0.20689090000814758
cuda-c16-b32-h4-float64,cuda,16,32,4,8,pass,True,True,0.44167790000210516,0.4451852600031998,218662912,230686720,1632854016,1068810240,0.025469704198473282,0.4546934713790411,0.8111979166666666,0.00016331079052332286,0.7387743408237681,0.832093529836044,4.440892098500626e-16,0.0,0.0,72913,float64,1,3,2049,0.35,314159,0.44606210000347346,0.44167790000210516,0.43612800000119023
cuda-c16-b32-h6-float64,cuda,16,32,6,12,pass,True,True,0.6751779000042006,0.6814858999918215,310199296,322961408,1639923712,1075634176,0.03613179866412214,0.42587393226724557,0.796875,1.026019781005748e-05,0.8564404138755788,0.8978346518559993,4.440892098500626e-16,0.0,0.0,72913,float64,1,3,2049,0.35,314159,0.6751779000042006,0.6500260000029812,0.6830628999887267
cuda-c16-b32-h8-float64,cuda,16,32,8,16,pass,True,True,0.9028796999918995,0.9104488200013293,402243584,415236096,1642352640,1078169600,0.046853053435114506,0.3778541255294059,0.7727864583333334,7.414647628376796e-07,0.8901693477362398,0.9847308218057613,4.440892098500626e-16,0.0,0.0,72913,float64,1,3,2049,0.35,314159,0.9123411000036867,0.885227600010694,0.9028796999918995
cuda-c16-b32-h10-float64,cuda,16,32,10,20,pass,True,True,1.1640445000084583,1.1748260999971536,494795776,507510784,1651417088,1087598592,0.05763346851145038,0.34694482991491354,0.7630208333333334,1.0643578423469842e-07,0.8625158708809223,1.1027464653734331,4.440892098500626e-16,0.0,0.0,72913,float64,1,3,2049,0.35,314159,1.1640445000084583,1.1372994999983348,1.1775214999943273
cuda-c16-b64-h2-float64,cuda,16,64,2,4,pass,True,True,0.30476119999366347,0.305392959996243,216542720,228589568,1626099712,1061826560,0.02522274570610687,0.5451242121686642,0.84375,0.0021952797071898692,0.5247319248724425,0.5813784279673112,2.220446049250313e-16,0.0,0.0,72913,float64,1,3,2049,0.35,314159,0.3055508999968879,0.29801560001214966,0.30476119999366347
cuda-c16-b64-h10-float64,cuda,16,64,10,20,pass,True,True,1.6101161999977194,1.6203911599935963,877231616,889192448,1653764096,1089404928,0.10217932967557251,0.3380136483301086,0.7473958333333334,4.0747942025464434e-08,0.888421152353074,1.076872886023886,4.440892098500626e-16,0.0,0.0,72913,float64,1,3,2049,0.35,314159,1.6101161999977194,1.6229598999925656,1.5983416000090074
cuda-c16-b128-h2-float64,cuda,16,128,2,4,pass,True,True,0.5053154000052018,0.5082816399954027,394394624,411041792,1623506944,1059426304,0.04593881202290076,0.5503871313960355,0.8489583333333334,0.0022087712974747245,0.532364823560994,0.5815791897441493,3.3306690738754696e-16,0.0,0.0,72913,float64,1,3,2049,0.35,314159,0.5028143000090495,0.5090231999929529,0.5053154000052018
cuda-c16-b128-h10-float64,cuda,16,128,10,20,pass,True,False,2.5752431000000797,2.577807020000182,1642355712,1658847232,1653215232,1089114112,0.1913004532442748,0.34007202415266075,0.7490885416666667,2.516277058702749e-09,0.9745180120847803,1.0381692646518965,4.440892098500626e-16,0.0,0.0,72913,float64,1,3,2049,0.35,314159,2.5752431000000797,2.5784480000002077,2.5693356999981916
cuda-c16-b256-h2-float64,cuda,16,256,2,4,pass,True,True,0.8995761000114726,0.9030586599983508,750098432,834666496,1627750400,1063927808,0.08737094465648855,0.5461489902392666,0.8489583333333334,0.0021986470632588233,0.5458678996529237,0.5857728645314777,4.440892098500626e-16,0.0,0.0,72913,float64,1,3,2049,0.35,314159,0.9039292999950703,0.8994974000088405,0.8995761000114726
cuda-c16-b256-h10-float64,cuda,16,256,10,20,pass,True,False,4.533687299990561,4.544603940006345,3172603904,3252682752,1653723136,1089536000,0.3695427003816794,0.36217934702085547,0.7635416666666668,8.378607946774034e-09,0.8796733571691098,0.9807382477737556,6.661338147750939e-16,0.0,0.0,72913,float64,1,3,2049,0.35,314159,4.547333100010292,4.529982899999595,4.533687299990561
cuda-c16-b512-h2-float64,cuda,16,512,2,4,pass,True,True,1.7191974000015762,1.7199670799949671,1461506048,1616904192,1639632896,1075453952,0.17023520992366412,0.5398654493666996,0.8444010416666666,0.002180298942228541,0.539866327039223,0.6085751528656124,2.220446049250313e-16,0.0,0.0,72913,float64,1,3,2049,0.35,314159,1.720159499993315,1.7122616999986349,1.7191974000015762
cuda-c16-b512-h10-float64,cuda,16,512,10,20,pass,True,False,8.623588500006008,8.623602579996804,6233100288,6373244928,1665175552,1101910016,0.7260271946564886,0.3411176295286671,0.7578450520833333,5.59089207722086e-09,0.9271517735842209,1.0163159182558068,5.551115123125783e-16,0.0,0.0,72913,float64,1,3,2049,0.35,314159,8.623588500006008,8.623606099994504,8.616758599993773
cuda-c16-b576-h10-float64,cuda,16,576,10,20,memory_exceeded,False,False,9.514473799994448,9.54354971999419,7015394816,7086276608,1665159168,1101168640,0.8171483182251909,0.3531820679666904,0.7599247685185185,6.273981385591824e-09,0.9454316669092131,0.96993283384178,4.440892098500626e-16,0.0,0.0,72913,float64,1,3,2049,0.35,314159,9.550818699994124,9.514473799994448,9.500778400004492
cuda-c18-b4-h6-float64,cuda,18,4,6,12,pass,True,True,0.6596648999984609,0.6654957799968543,136180224,138412032,1683329024,1119248384,0.015862177958015266,0.5581893922317834,0.8194444444444443,8.985079677272655e-05,0.8219583328441027,1.5600843269459974,4.440892098500626e-16,0.0,-3.682806147729089e-17,72913,float64,1,3,2049,0.35,314159,0.6669534999964526,0.6533229000051506,0.6596648999984609
cuda-c18-b4-h10-float64,cuda,18,4,10,20,pass,True,True,1.1295269999973243,1.1320126800070285,210785280,211812352,1702109184,1138036736,0.024552123091603054,0.5222768221843239,0.8208333333333334,1.5299693120636218e-07,1.4828948823961803,2.0620634646005076,4.440892098500626e-16,0.0,-4.2204089647444476e-17,72913,float64,1,3,2049,0.35,314159,1.1326341000094544,1.093368100002408,1.1295269999973243
cuda-c18-b8-h2-float64,cuda,18,8,2,4,pass,True,True,0.2391704000037862,0.2397194400051376,76265984,96468992,1653825536,1089232896,0.008883408874045802,0.6567083699493393,0.875,0.005420916445638743,0.5458147461399139,0.7080504049751781,2.220446049250313e-16,0.0,-5.690738986543839e-17,72913,float64,1,3,2049,0.35,314159,0.23985670000547543,0.2391704000037862,0.23796959999890532
cuda-c24-b4-h6-float64,cuda,24,4,6,12,pass,True,True,0.6865486000024248,0.6904785200080369,265576960,287309824,1681387520,1117523968,0.03093421994274809,0.5713822907681094,0.8194444444444443,0.00012286352001788373,0.9777916774575387,2.0880344884912914,2.220446049250313e-16,0.0,-9.185911425075607e-17,72913,float64,1,3,2049,0.35,314159,0.6633412999944994,0.6914610000094399,0.6865486000024248
cuda-c24-b4-h10-float64,cuda,24,4,10,20,pass,True,True,1.155719999995199,1.1676940800069133,422233088,446693376,1695780864,1131134976,0.04918141698473282,0.5778292323258495,0.8416666666666668,1.104075451088633e-06,1.7350047739083663,1.9631476523093951,4.440892098500626e-16,0.0,-9.360048805836304e-17,72913,float64,1,3,2049,0.35,314159,1.155719999995199,1.1706876000098418,1.1493671999924118
cuda-c24-b8-h2-float64,cuda,24,8,2,4,pass,True,True,0.283832800007076,0.2839495200110832,136090112,150994944,1649520640,1085091840,0.01585168177480916,0.6666885319931174,0.8541666666666666,0.005916522223621796,0.5776434289925245,0.8402966048435864,4.440892098500626e-16,0.0,-5.861631539490175e-17,72913,float64,1,3,2049,0.35,314159,0.28277279999747407,0.28397870001208503,0.283832800007076
cuda-c24-b8-h10-float64,cuda,24,8,10,20,pass,True,True,1.4507369000057224,1.4536156200047117,530355712,549453824,1676865536,1112879104,0.06177546517175572,0.4912602293996448,0.8333333333333334,1.2182823646736795e-08,1.3320938092324894,2.281015376941484,4.440892098500626e-16,0.0,-1.0946887020146893e-16,72913,float64,1,3,2049,0.35,314159,1.4428899000049569,1.454335300004459,1.4507369000057224
cuda-c24-b16-h10-float64,cuda,24,16,10,20,pass,True,False,2.1740392000065185,2.182664320000913,748328448,763363328,1691447296,1126952960,0.08716477814885497,0.571011660484505,0.853125,4.0518731196103087e-08,1.5555297290226353,1.6150370346193088,5.551115123125783e-16,0.0,-1.5109707973224768e-16,72913,float64,1,3,2049,0.35,314159,2.1740392000065185,2.1848205999995116,2.1685189999989234
cuda-c24-b32-h10-float64,cuda,24,32,10,20,pass,True,False,3.6862800999952015,3.6920448200020473,1212226560,1220542464,1667792896,1104355328,0.14119930820610688,0.5206575690667276,0.8453125,1.3540139465785024e-07,1.3931508593781323,1.6043478344556048,4.440892098500626e-16,0.0,-2.32770521104783e-16,72913,float64,1,3,2049,0.35,314159,3.693486000003759,3.6799354999966454,3.6862800999952015
cuda-c24-b64-h10-float64,cuda,24,64,10,20,pass,True,False,6.78843020000204,6.792175159996259,2050612736,2097152000,1667923968,1104613376,0.2388539479961832,0.5351236060932302,0.8351562500000002,1.2756545235725458e-08,1.3065306512927188,2.0267168926688353,4.440892098500626e-16,0.0,-3.7815175721302667e-16,72913,float64,1,3,2049,0.35,314159,6.78843020000204,6.78809000000183,6.793111399994814
cuda-c32-b4-h10-float64,cuda,32,4,10,20,pass,True,True,1.5724178999953438,1.5824693400005345,887589888,910163968,1678217216,1114165248,0.10338585400763359,0.6030575596738275,0.8750000000000001,1.382716049557862e-06,1.6753490143057848,2.7757927558421374,4.440892098500626e-16,0.0,-7.071529283964773e-17,72913,float64,1,3,2049,0.35,314159,1.5724178999953438,1.54472020000685,1.584982200001832
cuda-c32-b8-h2-float64,cuda,32,8,2,4,pass,True,True,0.4713535999908345,0.475081439994392,267469312,287309824,1648369664,1084514304,0.031154639790076336,0.7304177889232282,0.875,0.005507264576822309,0.8057044615955388,1.3572827799219322,4.440892098500626e-16,0.0,-1.2638007007049888e-16,72913,float64,1,3,2049,0.35,314159,0.47601339999528136,0.46531400000094436,0.4713535999908345
cuda-c32-b8-h10-float64,cuda,32,8,10,20,pass,True,False,2.3715311999985715,2.376155839997227,1083803136,1103101952,1675599872,1111457792,0.12624063692748091,0.5351132717844799,0.8562500000000001,4.242889624341976e-09,1.8401846048548398,2.8880152510418564,4.440892098500626e-16,0.0,-8.032177329161294e-16,72913,float64,1,3,2049,0.35,314159,2.3773119999968912,2.3715311999985715,2.368080399988685
cuda-c32-b16-h10-float64,cuda,32,16,10,20,pass,True,False,4.06415969999216,4.069142259992077,1476122112,1516240896,1675739136,1111396352,0.17193767891221373,0.6055098691933837,0.8666666666666667,1.7947335676256643e-07,1.6427663425495833,2.627702656714783,4.440892098500626e-16,0.0,-5.754326375446004e-16,72913,float64,1,3,2049,0.35,314159,4.070387899992056,4.058447300005355,4.06415969999216
cuda-c32-b32-h10-float64,cuda,32,32,10,20,pass,True,False,7.431199899991043,7.440431899996474,2260663296,2329935872,1669554176,1106161664,0.26332049141221375,0.5734436326522884,0.8640625000000001,9.599814850076935e-08,1.7868256787557377,2.0394586372003842,4.440892098500626e-16,0.0,-9.369018316140571e-16,72913,float64,1,3,2049,0.35,314159,7.42514909998863,7.431199899991043,7.442739899997832
cuda-c48-b2-h10-float64,cuda,48,2,10,20,pass,True,False,2.4182290000026114,2.4206111600040456,2506650624,2554331136,1685848064,1121984512,0.2919729246183206,0.5961769429537774,0.8833333333333334,9.754669590483449e-06,2.0905206385817365,3.2167020352433227,3.3306690738754696e-16,0.0,-4.625487546836216e-17,72913,float64,1,3,2049,0.35,314159,2.4123507000040263,2.4182290000026114,2.4212067000044044
cuda-c48-b4-h10-float64,cuda,48,4,10,20,pass,True,False,4.0869153999956325,4.100562439998612,2736086528,2803892224,1683984384,1119571968,0.3186974594465649,0.6033107750775697,0.8708333333333335,1.2906349357897769e-06,1.7386353263746945,3.024828374851719,4.440892098500626e-16,0.0,-4.8841533998917204e-17,72913,float64,1,3,2049,0.35,314159,4.103974199999357,4.086094699989189,4.0869153999956325
cuda-c48-b8-h2-float64,cuda,48,8,2,4,pass,True,True,1.487909999996191,1.4929328800004442,764863488,773849088,1659940864,1095577600,0.08909076812977099,0.7363177652114263,0.875,0.00557970942477027,0.9068423090382481,1.5265320316152733,2.220446049250313e-16,0.0,-3.338925755031815e-17,72913,float64,1,3,2049,0.35,314159,1.4941886000015074,1.487909999996191,1.4807881000015186
cuda-c48-b8-h10-float64,cuda,48,8,10,20,pass,True,False,7.480127499991795,7.705948140000691,3128666112,3177185280,1682817024,1119141888,0.364424856870229,0.5437027143863998,0.8583333333333334,3.4651663281892606e-09,1.7873732950442103,3.014392662170425,4.440892098500626e-16,0.0,-1.0463870875867361e-16,72913,float64,1,3,2049,0.35,314159,7.472161100013182,7.480127499991795,7.762403300002916
cuda-c48-b16-h10-float64,cuda,48,16,10,20,runtime_exceeded,False,False,13.954200899999705,13.978870419997838,4040202240,4110417920,1686278144,1121492992,0.47059995229007634,0.5969929200673886,0.8677083333333334,1.7246079834715508e-07,1.9145017136852651,2.7086381338875145,4.440892098500626e-16,0.0,-9.052734188733088e-17,72913,float64,1,3,2049,0.35,314159,13.954200899999705,13.929023999997298,13.985037799997372
cpu-c8-b1-h2-float64,cpu,8,1,2,4,pass,True,True,0.09603870000864845,0.09657213999598753,,,575352832,118792192,0.016883391770003076,0.3141655144427504,0.8333333333333334,0.017879623388050162,0.4736374987361152,1.2204899075098377,1.1102230246251565e-16,0.0,-3.053443465810155e-17,72913,float64,1,3,2049,0.35,314159,0.0967054999928223,0.09603870000864845,0.09179190000577364
cpu-c8-b2-h2-float64,cpu,8,2,2,4,pass,True,True,0.18343770000501536,0.20015010000788608,,,576106496,120254464,0.016905507598529924,0.42683579729970705,0.7916666666666666,0.01782566800741874,0.5274368346469471,0.9319510786022421,2.220446049250313e-16,0.0,-3.953432631361523e-17,72913,float64,1,3,2049,0.35,314159,0.18343770000501536,0.20432820000860374,0.16071150000789203
cpu-c8-b4-h2-float64,cpu,8,4,2,4,pass,True,True,0.23176360000798013,0.24077271999267397,,,577728512,121831424,0.016953104707750744,0.42582733978675974,0.7291666666666666,0.01840823349599788,0.3606194071816327,0.572076336407115,3.3306690738754696e-16,0.0,-5.109956019468454e-17,72913,float64,1,3,2049,0.35,314159,0.20015560000319965,0.2430249999888474,0.23176360000798013
cpu-c8-b4-h6-float64,cpu,8,4,6,12,pass,True,True,0.45307129999855533,0.5126592200016603,,,597893120,141713408,0.017544823315564145,0.23106049657331926,0.6180555555555555,0.0001721556565360378,0.4798353216837826,0.6866145174123377,4.440892098500626e-16,0.0,-4.9911253654474635e-17,72913,float64,1,3,2049,0.35,314159,0.5275562000024365,0.45307129999855533,0.43405429999984335
cpu-c8-b4-h10-float64,cpu,8,4,10,20,pass,True,True,0.7636516000056872,0.7749360000045271,,,622002176,165343232,0.01825228943898273,0.17949745511133144,0.6166666666666667,7.433317239600798e-07,0.49590419780932427,0.6097106399847617,4.440892098500626e-16,0.0,-3.287777638916137e-17,72913,float64,1,3,2049,0.35,314159,0.7233666000101948,0.7777571000042371,0.7636516000056872
cpu-c8-b8-h2-float64,cpu,8,8,2,4,pass,True,True,0.15988799999468029,0.1753234399948269,,,580956160,124424192,0.01704781814731137,0.3362083677008599,0.6666666666666666,0.01818520660157822,0.3276548737941956,0.6039811300764254,4.440892098500626e-16,0.0,-6.111067762582389e-17,72913,float64,1,3,2049,0.35,314159,0.145073699997738,0.15988799999468029,0.17918229999486357
cpu-c12-b2-h2-float64,cpu,12,2,2,4,pass,True,True,0.14385229999606963,0.1440063000045484,,,586559488,130412544,0.017212244524619665,0.4602609443690236,0.8333333333333334,0.013311735538691949,0.5477149258480203,0.8999173456996115,0.0,0.0,-5.490036903136652e-17,72913,float64,1,3,2049,0.35,314159,0.14385229999606963,0.14404480000666808,0.13920189999043941
cpu-c16-b2-h2-float64,cpu,16,2,2,4,pass,True,True,0.176415599999018,0.20425775999901816,,,604344320,147779584,0.017734129999965143,0.6500434043088116,0.9166666666666666,0.06965235515358822,0.6725063241446498,0.6891770603969678,2.220446049250313e-16,0.0,-7.177408743518364e-17,72913,float64,1,3,2049,0.35,314159,0.16531510000640992,0.176415599999018,0.2112182999990182
cpu-c16-b2-h10-float64,cpu,16,2,10,20,pass,True,True,0.9389415000041481,0.9786008599970956,,,733790208,277106688,0.02153264374417131,0.319987225088085,0.775,2.9429031211458146e-06,0.9761586795836468,1.3710672754201207,3.3306690738754696e-16,0.0,-6.715187301784811e-17,72913,float64,1,3,2049,0.35,314159,0.8803684000013163,0.9885156999953324,0.9389415000041481
