scenario_id,evaluation_seed,cycles,parameter_sha256,direct_observed_cost,forced_static_map_cost,protocol_aware_cost,ideal_branch_reference_cost,direct_minus_protocol_aware,protocol_aware_fallback_rate,nonleak_cycles,direct_nonleak_branch_error_rate,protocol_aware_nonleak_branch_error_rate
balanced_low_fault_control,20260741,20000,b0390eb0e6311cd8e1cf5101d7de443442a4e73718d7ee7c682b3fc9ea4ca585,0.1499375,0.19265,0.1499375,0.0,0.0,0.14655,17069,0.13275528736305583,0.13275528736305583
balanced_low_fault_control,20260742,20000,b0390eb0e6311cd8e1cf5101d7de443442a4e73718d7ee7c682b3fc9ea4ca585,0.1529875,0.19575,0.1529875,0.0,0.0,0.15135,16973,0.13568608967183174,0.13568608967183174
balanced_low_fault_control,20260743,20000,b0390eb0e6311cd8e1cf5101d7de443442a4e73718d7ee7c682b3fc9ea4ca585,0.152675,0.1933,0.152675,0.0,0.0,0.1469,17062,0.13591607080060955,0.13591607080060955
balanced_low_fault_control,20260744,20000,b0390eb0e6311cd8e1cf5101d7de443442a4e73718d7ee7c682b3fc9ea4ca585,0.15135,0.1925,0.15135,0.0,0.0,0.1478,17044,0.13424078854728938,0.13424078854728938
balanced_low_fault_control,20260745,20000,b0390eb0e6311cd8e1cf5101d7de443442a4e73718d7ee7c682b3fc9ea4ca585,0.1545,0.1973,0.1545,0.0,0.0,0.1494,17012,0.13772631083940748,0.13772631083940748
balanced_low_fault_control,20260746,20000,b0390eb0e6311cd8e1cf5101d7de443442a4e73718d7ee7c682b3fc9ea4ca585,0.1528125,0.19615,0.1528125,0.0,0.0,0.15005,16999,0.13565503853167835,0.13565503853167835
balanced_low_fault_control,20260747,20000,b0390eb0e6311cd8e1cf5101d7de443442a4e73718d7ee7c682b3fc9ea4ca585,0.1471125,0.1918,0.1471125,0.0,0.0,0.15305,16939,0.12851998347009858,0.12851998347009858
balanced_low_fault_control,20260748,20000,b0390eb0e6311cd8e1cf5101d7de443442a4e73718d7ee7c682b3fc9ea4ca585,0.1501,0.1909,0.1501,0.0,0.0,0.1486,17028,0.13266384778012685,0.13266384778012685
biased_branch_prior,20260741,20000,75a0d99c936753fc7fb5f297366940be884862ccf3f83c1f30fbb8b0f225a78e,0.3705500000000315,0.3138,0.2940950000000211,0.0,0.07645500000001043,0.18415,15060,0.3936918990703851,0.29747675962815406
biased_branch_prior,20260742,20000,75a0d99c936753fc7fb5f297366940be884862ccf3f83c1f30fbb8b0f225a78e,0.37199000000002974,0.31585,0.29594500000001933,0.0,0.07604500000001041,0.18365,15114,0.39526267037184065,0.3004499139870319
biased_branch_prior,20260743,20000,75a0d99c936753fc7fb5f297366940be884862ccf3f83c1f30fbb8b0f225a78e,0.3686300000000311,0.3191,0.2970900000000203,0.0,0.07154000000001082,0.1863,15018,0.3913969902783327,0.30123851378345984
biased_branch_prior,20260744,20000,75a0d99c936753fc7fb5f297366940be884862ccf3f83c1f30fbb8b0f225a78e,0.36567000000002947,0.317,0.2946950000000202,0.0,0.07097500000000928,0.18115,15172,0.3865673609280253,0.29679673081993146
biased_branch_prior,20260745,20000,75a0d99c936753fc7fb5f297366940be884862ccf3f83c1f30fbb8b0f225a78e,0.3701850000000312,0.31205,0.2912550000000199,0.0,0.07893000000001127,0.18985,14961,0.3938239422498496,0.2929617004210949
biased_branch_prior,20260746,20000,75a0d99c936753fc7fb5f297366940be884862ccf3f83c1f30fbb8b0f225a78e,0.3676750000000305,0.3167,0.2949400000000202,0.0,0.07273500000001032,0.1858,15105,0.3896060906984442,0.29778219132737505
biased_branch_prior,20260747,20000,75a0d99c936753fc7fb5f297366940be884862ccf3f83c1f30fbb8b0f225a78e,0.36526500000003,0.31205,0.2901150000000199,0.0,0.0751500000000101,0.18955,14979,0.3871419987983176,0.2910074103745243
biased_branch_prior,20260748,20000,75a0d99c936753fc7fb5f297366940be884862ccf3f83c1f30fbb8b0f225a78e,0.3627950000000291,0.3099,0.2901150000000191,0.0,0.07268000000001001,0.18455,15127,0.3830237323990216,0.2921927678984597
asymmetric_readout,20260741,20000,55caafd6726256a3d85b3165bbf86a6c9a610640ebd0b7ce3a4f8da81dc074ce,0.4847079999999602,0.54205,0.4776579999999609,0.0,0.007049999999999335,0.3119,13762,0.5593663711669815,0.5491207673303299
asymmetric_readout,20260742,20000,55caafd6726256a3d85b3165bbf86a6c9a610640ebd0b7ce3a4f8da81dc074ce,0.48258999999995705,0.53775,0.4728899999999577,0.0,0.009699999999999376,0.31825,13635,0.5584891822515585,0.5442610927759443
asymmetric_readout,20260743,20000,55caafd6726256a3d85b3165bbf86a6c9a610640ebd0b7ce3a4f8da81dc074ce,0.4862639999999567,0.54425,0.4781639999999572,0.0,0.008099999999999496,0.31895,13621,0.564128918581602,0.5522355186843844
asymmetric_readout,20260744,20000,55caafd6726256a3d85b3165bbf86a6c9a610640ebd0b7ce3a4f8da81dc074ce,0.48520599999995767,0.54025,0.47840599999995764,0.0,0.006800000000000028,0.3133,13734,0.5605795835153633,0.5506771515945827
asymmetric_readout,20260745,20000,55caafd6726256a3d85b3165bbf86a6c9a610640ebd0b7ce3a4f8da81dc074ce,0.4855999999999549,0.54345,0.4799999999999549,0.0,0.005599999999999994,0.315,13700,0.5617518248175183,0.5535766423357664
asymmetric_readout,20260746,20000,55caafd6726256a3d85b3165bbf86a6c9a610640ebd0b7ce3a4f8da81dc074ce,0.4843899999999566,0.5407,0.4768899999999573,0.0,0.007499999999999285,0.31575,13685,0.5602484472049689,0.5492875411033978
asymmetric_readout,20260747,20000,55caafd6726256a3d85b3165bbf86a6c9a610640ebd0b7ce3a4f8da81dc074ce,0.48848799999995635,0.5423,0.4793379999999568,0.0,0.009149999999999547,0.3109,13782,0.5645044260629807,0.5512262371208823
asymmetric_readout,20260748,20000,55caafd6726256a3d85b3165bbf86a6c9a610640ebd0b7ce3a4f8da81dc074ce,0.48810599999995646,0.54355,0.47945599999995847,0.0,0.008649999999997993,0.3133,13734,0.5648026794815786,0.5522062035823504
persistent_leakage_stress,20260741,20000,53618f71d461692bfa8408700febfcd38b4a534deca30622ab7e603119e8e67b,0.3812175000000725,0.4535,0.3618675000000658,0.0,0.019350000000006695,0.54505,9099,0.41861743048686667,0.3760852840971535
persistent_leakage_stress,20260742,20000,53618f71d461692bfa8408700febfcd38b4a534deca30622ab7e603119e8e67b,0.38313250000007376,0.4532,0.3601825000000651,0.0,0.022950000000008686,0.54095,9181,0.4221762335257597,0.37218167955560394
persistent_leakage_stress,20260743,20000,53618f71d461692bfa8408700febfcd38b4a534deca30622ab7e603119e8e67b,0.38058250000007227,0.4481,0.3604825000000655,0.0,0.02010000000000678,0.54495,9101,0.4172069003406219,0.3730359301175695
persistent_leakage_stress,20260744,20000,53618f71d461692bfa8408700febfcd38b4a534deca30622ab7e603119e8e67b,0.38227500000007325,0.4568,0.3648250000000671,0.0,0.017450000000006127,0.5445,9110,0.4208562019758507,0.38254665203073546
persistent_leakage_stress,20260745,20000,53618f71d461692bfa8408700febfcd38b4a534deca30622ab7e603119e8e67b,0.38158750000007347,0.45205,0.36018750000006494,0.0,0.021400000000008523,0.53925,9215,0.41855670103092785,0.3721106890938687
persistent_leakage_stress,20260746,20000,53618f71d461692bfa8408700febfcd38b4a534deca30622ab7e603119e8e67b,0.38398250000007345,0.4579,0.3649325000000677,0.0,0.01905000000000573,0.54495,9101,0.42467860674651137,0.38281507526645425
persistent_leakage_stress,20260747,20000,53618f71d461692bfa8408700febfcd38b4a534deca30622ab7e603119e8e67b,0.3843975000000723,0.4544,0.3630975000000644,0.0,0.021300000000007868,0.53885,9223,0.42459069717011816,0.37840182153312374
persistent_leakage_stress,20260748,20000,53618f71d461692bfa8408700febfcd38b4a534deca30622ab7e603119e8e67b,0.38205000000007333,0.44715,0.36080000000006524,0.0,0.021250000000008096,0.539,9220,0.4195227765726681,0.37342733188720173
