row_type,item_id,task_id,metric,observed_value,threshold_or_role,passed,branch_id,statement,source_artifact_sha256
parent_artifact,T5.1.1,T5.1.1,,True,,True,event_aware_adaptive_map_fpga_codesign,"machine gates, file bindings and composite implementation current",915317cdd9818b97f1e21051bb817d9b6cd41b7a8d1ebdabf13403aa466d9257
parent_gate,T5.1.1:required_comparator_set_is_exact_and_unique,T5.1.1,required_comparator_set_is_exact_and_unique,True,,True,event_aware_adaptive_map_fpga_codesign,,915317cdd9818b97f1e21051bb817d9b6cd41b7a8d1ebdabf13403aa466d9257
parent_gate,T5.1.1:all_implementation_anchors_are_live,T5.1.1,all_implementation_anchors_are_live,True,,True,event_aware_adaptive_map_fpga_codesign,,915317cdd9818b97f1e21051bb817d9b6cd41b7a8d1ebdabf13403aa466d9257
parent_gate,T5.1.1:all_parent_artifacts_pass,T5.1.1,all_parent_artifacts_pass,True,,True,event_aware_adaptive_map_fpga_codesign,,915317cdd9818b97f1e21051bb817d9b6cd41b7a8d1ebdabf13403aa466d9257
parent_gate,T5.1.1:all_rows_define_information_protocol_metric_time_compute_and_claim_scope,T5.1.1,all_rows_define_information_protocol_metric_time_compute_and_claim_scope,True,,True,event_aware_adaptive_map_fpga_codesign,,915317cdd9818b97f1e21051bb817d9b6cd41b7a8d1ebdabf13403aa466d9257
parent_gate,T5.1.1:only_decoder_oracle_reads_hidden_truth_online,T5.1.1,only_decoder_oracle_reads_hidden_truth_online,True,,True,event_aware_adaptive_map_fpga_codesign,,915317cdd9818b97f1e21051bb817d9b6cd41b7a8d1ebdabf13403aa466d9257
parent_gate,T5.1.1:hidden_truth_oracles_are_nondeployable,T5.1.1,hidden_truth_oracles_are_nondeployable,True,,True,event_aware_adaptive_map_fpga_codesign,,915317cdd9818b97f1e21051bb817d9b6cd41b7a8d1ebdabf13403aa466d9257
parent_gate,T5.1.1:no_correction_is_executable_zero_action_and_not_standard_sbs_alias,T5.1.1,no_correction_is_executable_zero_action_and_not_standard_sbs_alias,True,,True,event_aware_adaptive_map_fpga_codesign,,915317cdd9818b97f1e21051bb817d9b6cd41b7a8d1ebdabf13403aa466d9257
parent_gate,T5.1.1:finite_energy_static_is_executed_not_narrative_only,T5.1.1,finite_energy_static_is_executed_not_narrative_only,True,,True,event_aware_adaptive_map_fpga_codesign,,915317cdd9818b97f1e21051bb817d9b6cd41b7a8d1ebdabf13403aa466d9257
parent_gate,T5.1.1:lane_membership_is_reciprocal_and_no_global_leaderboard_exists,T5.1.1,lane_membership_is_reciprocal_and_no_global_leaderboard_exists,True,,True,event_aware_adaptive_map_fpga_codesign,,915317cdd9818b97f1e21051bb817d9b6cd41b7a8d1ebdabf13403aa466d9257
parent_gate,T5.1.1:run_length_and_hmm_remain_component_only,T5.1.1,run_length_and_hmm_remain_component_only,True,,True,event_aware_adaptive_map_fpga_codesign,,915317cdd9818b97f1e21051bb817d9b6cd41b7a8d1ebdabf13403aa466d9257
parent_gate,T5.1.1:control_oracle_is_short_horizon_nondeployable_only,T5.1.1,control_oracle_is_short_horizon_nondeployable_only,True,,True,event_aware_adaptive_map_fpga_codesign,,915317cdd9818b97f1e21051bb817d9b6cd41b7a8d1ebdabf13403aa466d9257
parent_gate,T5.1.1:student_claim_remains_qualified_not_hardware,T5.1.1,student_claim_remains_qualified_not_hardware,True,,True,event_aware_adaptive_map_fpga_codesign,,915317cdd9818b97f1e21051bb817d9b6cd41b7a8d1ebdabf13403aa466d9257
parent_gate,T5.1.1:knill_and_psteane_are_explicitly_excluded_from_main_ranking,T5.1.1,knill_and_psteane_are_explicitly_excluded_from_main_ranking,True,,True,event_aware_adaptive_map_fpga_codesign,,915317cdd9818b97f1e21051bb817d9b6cd41b7a8d1ebdabf13403aa466d9257
parent_gate,T5.1.1:t5_1_2_matrix_is_preregistered_not_falsely_executed,T5.1.1,t5_1_2_matrix_is_preregistered_not_falsely_executed,True,,True,event_aware_adaptive_map_fpga_codesign,,915317cdd9818b97f1e21051bb817d9b6cd41b7a8d1ebdabf13403aa466d9257
file_binding,T5.1.1:0:source_data,T5.1.1,docs\t5_1_1_comparison_set_registry_source_data.csv,00646a9418b215c79e8d63a7cf719bee71f39d90722a6b906331d467c2af0ff3,00646a9418b215c79e8d63a7cf719bee71f39d90722a6b906331d467c2af0ff3,True,event_aware_adaptive_map_fpga_codesign,,915317cdd9818b97f1e21051bb817d9b6cd41b7a8d1ebdabf13403aa466d9257
file_binding,T5.1.1:1:artifact_binding:0,T5.1.1,docs/t3_1_1_standard_binning_validation.json,5911b302ec4bcb19264f8ee6e8301078ba5f104470c4f22d2e92be7a109c0bd2,5911b302ec4bcb19264f8ee6e8301078ba5f104470c4f22d2e92be7a109c0bd2,True,event_aware_adaptive_map_fpga_codesign,,915317cdd9818b97f1e21051bb817d9b6cd41b7a8d1ebdabf13403aa466d9257
file_binding,T5.1.1:2:artifact_binding:1,T5.1.1,docs/t3_1_2_static_map_validation.json,5c5135800d4fbbc36436979b86698e5378dee45d8dcbdc387076ebb164fa8585,5c5135800d4fbbc36436979b86698e5378dee45d8dcbdc387076ebb164fa8585,True,event_aware_adaptive_map_fpga_codesign,,915317cdd9818b97f1e21051bb817d9b6cd41b7a8d1ebdabf13403aa466d9257
file_binding,T5.1.1:3:artifact_binding:2,T5.1.1,docs/t3_1_3_oracle_validation.json,d539acf3beb2b06e4329a1140b9d80efec630905c7d50d9aa5055deb008324a9,d539acf3beb2b06e4329a1140b9d80efec630905c7d50d9aa5055deb008324a9,True,event_aware_adaptive_map_fpga_codesign,,915317cdd9818b97f1e21051bb817d9b6cd41b7a8d1ebdabf13403aa466d9257
file_binding,T5.1.1:4:artifact_binding:3,T5.1.1,docs/t3_1_5_topk_map_validation.json,aac5cb70cf63cb238b2abd8f75d52b96dcda72c86a4e0e899cb9e30e05aec2ec,aac5cb70cf63cb238b2abd8f75d52b96dcda72c86a4e0e899cb9e30e05aec2ec,True,event_aware_adaptive_map_fpga_codesign,,915317cdd9818b97f1e21051bb817d9b6cd41b7a8d1ebdabf13403aa466d9257
file_binding,T5.1.1:5:artifact_binding:4,T5.1.1,docs/t3_2_10_exponential_recurrence_validation.json,120171277b57267cd68f492e5a804b5ce5b5c54aa3ee7bc8517ed2f3a52fb8d7,120171277b57267cd68f492e5a804b5ce5b5c54aa3ee7bc8517ed2f3a52fb8d7,True,event_aware_adaptive_map_fpga_codesign,,915317cdd9818b97f1e21051bb817d9b6cd41b7a8d1ebdabf13403aa466d9257
file_binding,T5.1.1:6:artifact_binding:5,T5.1.1,docs/t3_2_1_memory_bayesian_validation.json,cd4be868e90210180ad8790432b7da1f6b4463bb3f69f4c2c254c9e0dd8da9c9,cd4be868e90210180ad8790432b7da1f6b4463bb3f69f4c2c254c9e0dd8da9c9,True,event_aware_adaptive_map_fpga_codesign,,915317cdd9818b97f1e21051bb817d9b6cd41b7a8d1ebdabf13403aa466d9257
file_binding,T5.1.1:7:artifact_binding:6,T5.1.1,docs/t3_2_2_continuous_adaptive_map_validation.json,d5899267c7479d333df6d05b2dd8d69e907d2884023d7900448f1baf626d9e13,d5899267c7479d333df6d05b2dd8d69e907d2884023d7900448f1baf626d9e13,True,event_aware_adaptive_map_fpga_codesign,,915317cdd9818b97f1e21051bb817d9b6cd41b7a8d1ebdabf13403aa466d9257
file_binding,T5.1.1:8:artifact_binding:7,T5.1.1,docs/t3_2_3_sliding_window_validation.json,04c4f8f304542dca10fb4889c5571b2c9742767a19c6a6f362162cbb2bdd69fb,04c4f8f304542dca10fb4889c5571b2c9742767a19c6a6f362162cbb2bdd69fb,True,event_aware_adaptive_map_fpga_codesign,,915317cdd9818b97f1e21051bb817d9b6cd41b7a8d1ebdabf13403aa466d9257
file_binding,T5.1.1:9:artifact_binding:8,T5.1.1,docs/t3_2_5_run_length_fsm_validation.json,15112a68970b184788a9a37002b1026a8268250767782b15fc0ee478cfbb8988,15112a68970b184788a9a37002b1026a8268250767782b15fc0ee478cfbb8988,True,event_aware_adaptive_map_fpga_codesign,,915317cdd9818b97f1e21051bb817d9b6cd41b7a8d1ebdabf13403aa466d9257
file_binding,T5.1.1:10:artifact_binding:9,T5.1.1,docs/t3_2_6_regime_hmm_validation.json,846885105ffdb3ea8499750da30d5966d8ebe31b33127bd120e0fe272e37cf61,846885105ffdb3ea8499750da30d5966d8ebe31b33127bd120e0fe272e37cf61,True,event_aware_adaptive_map_fpga_codesign,,915317cdd9818b97f1e21051bb817d9b6cd41b7a8d1ebdabf13403aa466d9257
file_binding,T5.1.1:11:artifact_binding:10,T5.1.1,docs/t3_2_7_latest_outcome_markovian_validation.json,3213b988cef743551a229cfeecfb4e588a959f12d32e4a8cf70d2361b152278d,3213b988cef743551a229cfeecfb4e588a959f12d32e4a8cf70d2361b152278d,True,event_aware_adaptive_map_fpga_codesign,,915317cdd9818b97f1e21051bb817d9b6cd41b7a8d1ebdabf13403aa466d9257
file_binding,T5.1.1:12:artifact_binding:11,T5.1.1,docs/t3_2_8_autonomous_sbs_wallclock_validation.json,0e82244bec0e71b30ccc79a0e1a49e30f89cc7a94c63c0e4beeefbae31da6441,0e82244bec0e71b30ccc79a0e1a49e30f89cc7a94c63c0e4beeefbae31da6441,True,event_aware_adaptive_map_fpga_codesign,,915317cdd9818b97f1e21051bb817d9b6cd41b7a8d1ebdabf13403aa466d9257
file_binding,T5.1.1:13:artifact_binding:12,T5.1.1,docs/t3_2_9_trajectory_lookup_control_oracle.json,604df4fb818a4ffd4c7c91d913742cee979f1021467f999af6a16c2a60734d7a,604df4fb818a4ffd4c7c91d913742cee979f1021467f999af6a16c2a60734d7a,True,event_aware_adaptive_map_fpga_codesign,,915317cdd9818b97f1e21051bb817d9b6cd41b7a8d1ebdabf13403aa466d9257
file_binding,T5.1.1:14:artifact_binding:13,T5.1.1,docs/t4_4_1_bounded_residual_rnn_teacher_validation.json,c71094493a63f7a3b1287d28c0a1b71d3ce7a03e16a281a27967a87a65669d53,c71094493a63f7a3b1287d28c0a1b71d3ce7a03e16a281a27967a87a65669d53,True,event_aware_adaptive_map_fpga_codesign,,915317cdd9818b97f1e21051bb817d9b6cd41b7a8d1ebdabf13403aa466d9257
file_binding,T5.1.1:15:artifact_binding:14,T5.1.1,docs/t4_4_4_teacher_student_gain_retention.json,5cd1478de22ecd998aaf678bc6f14873134e57bc8ae2fc4408df215544b86dfc,5cd1478de22ecd998aaf678bc6f14873134e57bc8ae2fc4408df215544b86dfc,True,event_aware_adaptive_map_fpga_codesign,,915317cdd9818b97f1e21051bb817d9b6cd41b7a8d1ebdabf13403aa466d9257
file_binding,T5.1.1:16:artifact_binding:15,T5.1.1,docs/t4_4_5_teacher_student_branch_freeze.json,15abd3e94c69e0fa85bc871ca9967eacbf3af8e948741f0b53986cbacd8ad612,15abd3e94c69e0fa85bc871ca9967eacbf3af8e948741f0b53986cbacd8ad612,True,event_aware_adaptive_map_fpga_codesign,,915317cdd9818b97f1e21051bb817d9b6cd41b7a8d1ebdabf13403aa466d9257
file_binding,T5.1.1:17:implementation_binding:0,T5.1.1,physics/autonomous_sbs.py,1f599cd47bdb15f539664b8bb975a3fa138f8ddbd8ff192299fa34314c813434,1f599cd47bdb15f539664b8bb975a3fa138f8ddbd8ff192299fa34314c813434,True,event_aware_adaptive_map_fpga_codesign,,915317cdd9818b97f1e21051bb817d9b6cd41b7a8d1ebdabf13403aa466d9257
file_binding,T5.1.1:18:implementation_binding:1,T5.1.1,cnn_fpga/benchmark/standard_binning_baseline.py,c79e52cd319a14f389cdd1e5baced884d786c4ec033b88d3cb5b1f4be2ec51db,c79e52cd319a14f389cdd1e5baced884d786c4ec033b88d3cb5b1f4be2ec51db,True,event_aware_adaptive_map_fpga_codesign,,915317cdd9818b97f1e21051bb817d9b6cd41b7a8d1ebdabf13403aa466d9257
file_binding,T5.1.1:19:implementation_binding:2,T5.1.1,physics/autonomous_sbs.py,1f599cd47bdb15f539664b8bb975a3fa138f8ddbd8ff192299fa34314c813434,1f599cd47bdb15f539664b8bb975a3fa138f8ddbd8ff192299fa34314c813434,True,event_aware_adaptive_map_fpga_codesign,,915317cdd9818b97f1e21051bb817d9b6cd41b7a8d1ebdabf13403aa466d9257
file_binding,T5.1.1:20:implementation_binding:3,T5.1.1,physics/autonomous_sbs.py,1f599cd47bdb15f539664b8bb975a3fa138f8ddbd8ff192299fa34314c813434,1f599cd47bdb15f539664b8bb975a3fa138f8ddbd8ff192299fa34314c813434,True,event_aware_adaptive_map_fpga_codesign,,915317cdd9818b97f1e21051bb817d9b6cd41b7a8d1ebdabf13403aa466d9257
file_binding,T5.1.1:21:implementation_binding:4,T5.1.1,cnn_fpga/benchmark/static_map_baseline.py,6bb4c1705907476adbbe8487111b5f5123e6d984e9c0ec6620609ad335d7d3af,6bb4c1705907476adbbe8487111b5f5123e6d984e9c0ec6620609ad335d7d3af,True,event_aware_adaptive_map_fpga_codesign,,915317cdd9818b97f1e21051bb817d9b6cd41b7a8d1ebdabf13403aa466d9257
file_binding,T5.1.1:22:implementation_binding:5,T5.1.1,cnn_fpga/benchmark/topk_lattice_coset_map.py,448dc05ad4c86b9b74d2b37a8e077546d09a676f4f4aeca665a8035e4ff17ead,448dc05ad4c86b9b74d2b37a8e077546d09a676f4f4aeca665a8035e4ff17ead,True,event_aware_adaptive_map_fpga_codesign,,915317cdd9818b97f1e21051bb817d9b6cd41b7a8d1ebdabf13403aa466d9257
file_binding,T5.1.1:23:implementation_binding:6,T5.1.1,cnn_fpga/benchmark/oracle_baseline.py,72f40b4fe9d1cbea6a33ab55c75b24f240e071611e8a98feef0a7058b0ca2f19,72f40b4fe9d1cbea6a33ab55c75b24f240e071611e8a98feef0a7058b0ca2f19,True,event_aware_adaptive_map_fpga_codesign,,915317cdd9818b97f1e21051bb817d9b6cd41b7a8d1ebdabf13403aa466d9257
file_binding,T5.1.1:24:implementation_binding:7,T5.1.1,physics/finite_energy_trends.py,b3943ba9308cf2a7c329d5191c84c9a8852c6a0116ce60105d24a42c35f350fd,b3943ba9308cf2a7c329d5191c84c9a8852c6a0116ce60105d24a42c35f350fd,True,event_aware_adaptive_map_fpga_codesign,,915317cdd9818b97f1e21051bb817d9b6cd41b7a8d1ebdabf13403aa466d9257
file_binding,T5.1.1:25:implementation_binding:8,T5.1.1,cnn_fpga/benchmark/memory_assisted_bayesian_decoder.py,3078fb39e219a8e77de12c0e6da49fda30ece2131a33768a63b6d0ca2fa18279,3078fb39e219a8e77de12c0e6da49fda30ece2131a33768a63b6d0ca2fa18279,True,event_aware_adaptive_map_fpga_codesign,,915317cdd9818b97f1e21051bb817d9b6cd41b7a8d1ebdabf13403aa466d9257
file_binding,T5.1.1:26:implementation_binding:9,T5.1.1,cnn_fpga/benchmark/continuous_adaptive_map.py,979e71606b7928689de5726cbba69535d8d89527582e2883f23b480706f244ef,979e71606b7928689de5726cbba69535d8d89527582e2883f23b480706f244ef,True,event_aware_adaptive_map_fpga_codesign,,915317cdd9818b97f1e21051bb817d9b6cd41b7a8d1ebdabf13403aa466d9257
file_binding,T5.1.1:27:implementation_binding:10,T5.1.1,cnn_fpga/benchmark/continuous_adaptive_map.py,979e71606b7928689de5726cbba69535d8d89527582e2883f23b480706f244ef,979e71606b7928689de5726cbba69535d8d89527582e2883f23b480706f244ef,True,event_aware_adaptive_map_fpga_codesign,,915317cdd9818b97f1e21051bb817d9b6cd41b7a8d1ebdabf13403aa466d9257
file_binding,T5.1.1:28:implementation_binding:11,T5.1.1,cnn_fpga/benchmark/sliding_window_syndrome_estimator.py,3a172d3f909b5cd347ba9f17ff89bfb1a16934887cd5e596dbb54e381de436a7,3a172d3f909b5cd347ba9f17ff89bfb1a16934887cd5e596dbb54e381de436a7,True,event_aware_adaptive_map_fpga_codesign,,915317cdd9818b97f1e21051bb817d9b6cd41b7a8d1ebdabf13403aa466d9257
file_binding,T5.1.1:29:implementation_binding:12,T5.1.1,cnn_fpga/benchmark/run_length_fsm_baseline.py,643b9f70df14ba3ac1132b68a12b068da0f4105fa4594931caec52c277513ba8,643b9f70df14ba3ac1132b68a12b068da0f4105fa4594931caec52c277513ba8,True,event_aware_adaptive_map_fpga_codesign,,915317cdd9818b97f1e21051bb817d9b6cd41b7a8d1ebdabf13403aa466d9257
file_binding,T5.1.1:30:implementation_binding:13,T5.1.1,cnn_fpga/benchmark/regime_hmm_baseline.py,29702d8e641a46c22a6bccf12f37ac5c1984c1be6eee8ac84cb8d6b3146bbbdc,29702d8e641a46c22a6bccf12f37ac5c1984c1be6eee8ac84cb8d6b3146bbbdc,True,event_aware_adaptive_map_fpga_codesign,,915317cdd9818b97f1e21051bb817d9b6cd41b7a8d1ebdabf13403aa466d9257
file_binding,T5.1.1:31:implementation_binding:14,T5.1.1,cnn_fpga/benchmark/latest_outcome_markovian_baseline.py,799378876d5d4d35945a682f4bde905455f0fd044a0dee00e68825a513124492,799378876d5d4d35945a682f4bde905455f0fd044a0dee00e68825a513124492,True,event_aware_adaptive_map_fpga_codesign,,915317cdd9818b97f1e21051bb817d9b6cd41b7a8d1ebdabf13403aa466d9257
file_binding,T5.1.1:32:implementation_binding:15,T5.1.1,cnn_fpga/benchmark/exponential_recurrence_baseline.py,c652145865938b797e00f6847d1e2b544a80f5822d0d753d9e48d5ce207fe8b2,c652145865938b797e00f6847d1e2b544a80f5822d0d753d9e48d5ce207fe8b2,True,event_aware_adaptive_map_fpga_codesign,,915317cdd9818b97f1e21051bb817d9b6cd41b7a8d1ebdabf13403aa466d9257
file_binding,T5.1.1:33:implementation_binding:16,T5.1.1,cnn_fpga/benchmark/bounded_residual_rnn_teacher.py,948f411bc80148c97db994a1da26a4281b2ec34bc252a3e064647f1c81e27243,948f411bc80148c97db994a1da26a4281b2ec34bc252a3e064647f1c81e27243,True,event_aware_adaptive_map_fpga_codesign,,915317cdd9818b97f1e21051bb817d9b6cd41b7a8d1ebdabf13403aa466d9257
file_binding,T5.1.1:34:implementation_binding:17,T5.1.1,cnn_fpga/benchmark/low_dimensional_student_distillation.py,6f72ac2b1ec68013e06e6a9960f3a6ccee13c71e584a68362588430f0dde65de,6f72ac2b1ec68013e06e6a9960f3a6ccee13c71e584a68362588430f0dde65de,True,event_aware_adaptive_map_fpga_codesign,,915317cdd9818b97f1e21051bb817d9b6cd41b7a8d1ebdabf13403aa466d9257
file_binding,T5.1.1:35:implementation_binding:18,T5.1.1,cnn_fpga/benchmark/trajectory_lookup_control_oracle.py,fd6fed6e69bd66d1dc2543ba2fc54cc23208e7b61f63710ac5d7edf6131a8924,fd6fed6e69bd66d1dc2543ba2fc54cc23208e7b61f63710ac5d7edf6131a8924,True,event_aware_adaptive_map_fpga_codesign,,915317cdd9818b97f1e21051bb817d9b6cd41b7a8d1ebdabf13403aa466d9257
parent_artifact,T5.1.2,T5.1.2,,True,,True,event_aware_adaptive_map_fpga_codesign,"machine gates, file bindings and composite implementation current",0f0337527d56485100de967ff1ff475993e8472d875d033aff01558f3d35918d
parent_gate,T5.1.2:exact_ten_scenario_coverage,T5.1.2,exact_ten_scenario_coverage,True,,True,event_aware_adaptive_map_fpga_codesign,,0f0337527d56485100de967ff1ff475993e8472d875d033aff01558f3d35918d
parent_gate,T5.1.2:decoder_training_evaluation_seeds_disjoint,T5.1.2,decoder_training_evaluation_seeds_disjoint,True,,True,event_aware_adaptive_map_fpga_codesign,,0f0337527d56485100de967ff1ff475993e8472d875d033aff01558f3d35918d
parent_gate,T5.1.2:six_decoder_scenarios_have_six_seed_clusters,T5.1.2,six_decoder_scenarios_have_six_seed_clusters,True,,True,event_aware_adaptive_map_fpga_codesign,,0f0337527d56485100de967ff1ff475993e8472d875d033aff01558f3d35918d
parent_gate,T5.1.2:all_decoder_traces_unique,T5.1.2,all_decoder_traces_unique,True,,True,event_aware_adaptive_map_fpga_codesign,,0f0337527d56485100de967ff1ff475993e8472d875d033aff01558f3d35918d
parent_gate,T5.1.2:static_gaussian_is_constant,T5.1.2,static_gaussian_is_constant,True,,True,event_aware_adaptive_map_fpga_codesign,,0f0337527d56485100de967ff1ff475993e8472d875d033aff01558f3d35918d
parent_gate,T5.1.2:causal_update_contract_preserved,T5.1.2,causal_update_contract_preserved,True,,True,event_aware_adaptive_map_fpga_codesign,,0f0337527d56485100de967ff1ff475993e8472d875d033aff01558f3d35918d
parent_gate,T5.1.2:decoder_metrics_finite,T5.1.2,decoder_metrics_finite,True,,True,event_aware_adaptive_map_fpga_codesign,,0f0337527d56485100de967ff1ff475993e8472d875d033aff01558f3d35918d
parent_gate,T5.1.2:loss_native_gates_pass,T5.1.2,loss_native_gates_pass,True,,True,event_aware_adaptive_map_fpga_codesign,,0f0337527d56485100de967ff1ff475993e8472d875d033aff01558f3d35918d
parent_gate,T5.1.2:readout_ancilla_native_gates_pass,T5.1.2,readout_ancilla_native_gates_pass,True,,True,event_aware_adaptive_map_fpga_codesign,,0f0337527d56485100de967ff1ff475993e8472d875d033aff01558f3d35918d
parent_gate,T5.1.2:large_error_native_gate_pass,T5.1.2,large_error_native_gate_pass,True,,True,event_aware_adaptive_map_fpga_codesign,,0f0337527d56485100de967ff1ff475993e8472d875d033aff01558f3d35918d
parent_gate,T5.1.2:leakage_native_gate_pass,T5.1.2,leakage_native_gate_pass,True,,True,event_aware_adaptive_map_fpga_codesign,,0f0337527d56485100de967ff1ff475993e8472d875d033aff01558f3d35918d
parent_gate,T5.1.2:component_rows_excluded_from_decoder_ranking,T5.1.2,component_rows_excluded_from_decoder_ranking,True,,True,event_aware_adaptive_map_fpga_codesign,,0f0337527d56485100de967ff1ff475993e8472d875d033aff01558f3d35918d
parent_gate,T5.1.2:all_parent_artifacts_current_and_pass,T5.1.2,all_parent_artifacts_current_and_pass,True,,True,event_aware_adaptive_map_fpga_codesign,,0f0337527d56485100de967ff1ff475993e8472d875d033aff01558f3d35918d
parent_gate,T5.1.2:all_implementation_bindings_present,T5.1.2,all_implementation_bindings_present,True,,True,event_aware_adaptive_map_fpga_codesign,,0f0337527d56485100de967ff1ff475993e8472d875d033aff01558f3d35918d
parent_gate,T5.1.2:no_global_leaderboard_field,T5.1.2,no_global_leaderboard_field,True,,True,event_aware_adaptive_map_fpga_codesign,,0f0337527d56485100de967ff1ff475993e8472d875d033aff01558f3d35918d
file_binding,T5.1.2:0:source_data,T5.1.2,docs\t5_1_2_mixed_scenario_matrix_source_data.csv,49f0949fcd02ba0f9053abccd28f46d3b5169e60f6360938cdbdd82d061b5e4e,49f0949fcd02ba0f9053abccd28f46d3b5169e60f6360938cdbdd82d061b5e4e,True,event_aware_adaptive_map_fpga_codesign,,0f0337527d56485100de967ff1ff475993e8472d875d033aff01558f3d35918d
file_binding,T5.1.2:1:artifact_binding:0,T5.1.2,docs/t5_1_1_comparison_set_registry.json,915317cdd9818b97f1e21051bb817d9b6cd41b7a8d1ebdabf13403aa466d9257,915317cdd9818b97f1e21051bb817d9b6cd41b7a8d1ebdabf13403aa466d9257,True,event_aware_adaptive_map_fpga_codesign,,0f0337527d56485100de967ff1ff475993e8472d875d033aff01558f3d35918d
file_binding,T5.1.2:2:artifact_binding:1,T5.1.2,docs/t3_2_2_continuous_adaptive_map_validation.json,d5899267c7479d333df6d05b2dd8d69e907d2884023d7900448f1baf626d9e13,d5899267c7479d333df6d05b2dd8d69e907d2884023d7900448f1baf626d9e13,True,event_aware_adaptive_map_fpga_codesign,,0f0337527d56485100de967ff1ff475993e8472d875d033aff01558f3d35918d
file_binding,T5.1.2:3:artifact_binding:2,T5.1.2,docs/t2_3_8_noise_transfer_validation.json,8f674c7876c39d897bc9a8bdafb6b47f5088201182551e65e93bc3739970301f,8f674c7876c39d897bc9a8bdafb6b47f5088201182551e65e93bc3739970301f,True,event_aware_adaptive_map_fpga_codesign,,0f0337527d56485100de967ff1ff475993e8472d875d033aff01558f3d35918d
file_binding,T5.1.2:4:artifact_binding:3,T5.1.2,docs/t2_2_2_protocol_ancilla_validation.json,a70bd1772d46f1c7c7c7f1c7bbc919bedd2a5967812d3b2d09e4f4de584c3b1a,a70bd1772d46f1c7c7c7f1c7bbc919bedd2a5967812d3b2d09e4f4de584c3b1a,True,event_aware_adaptive_map_fpga_codesign,,0f0337527d56485100de967ff1ff475993e8472d875d033aff01558f3d35918d
file_binding,T5.1.2:5:artifact_binding:4,T5.1.2,docs/t2_0_5_displacement_fault_trend.json,14f5fcb38707a15178a71528723dc51f9e86a258d97a4b780062e94a0d99a415,14f5fcb38707a15178a71528723dc51f9e86a258d97a4b780062e94a0d99a415,True,event_aware_adaptive_map_fpga_codesign,,0f0337527d56485100de967ff1ff475993e8472d875d033aff01558f3d35918d
file_binding,T5.1.2:6:artifact_binding:5,T5.1.2,docs/t2_0_6_occupancy_correlation.json,901f4ff4ef8837125597fb79d95fc1d2b15c2649cf8421ed67fa439332681280,901f4ff4ef8837125597fb79d95fc1d2b15c2649cf8421ed67fa439332681280,True,event_aware_adaptive_map_fpga_codesign,,0f0337527d56485100de967ff1ff475993e8472d875d033aff01558f3d35918d
file_binding,T5.1.2:7:implementation_binding:0,T5.1.2,cnn_fpga/benchmark/mixed_scenario_matrix.py,507c19e4ada745224ffc7d43f28aa16cafdf85e128059accfc7198777ab7e023,507c19e4ada745224ffc7d43f28aa16cafdf85e128059accfc7198777ab7e023,True,event_aware_adaptive_map_fpga_codesign,,0f0337527d56485100de967ff1ff475993e8472d875d033aff01558f3d35918d
file_binding,T5.1.2:8:implementation_binding:1,T5.1.2,cnn_fpga/benchmark/continuous_adaptive_map.py,979e71606b7928689de5726cbba69535d8d89527582e2883f23b480706f244ef,979e71606b7928689de5726cbba69535d8d89527582e2883f23b480706f244ef,True,event_aware_adaptive_map_fpga_codesign,,0f0337527d56485100de967ff1ff475993e8472d875d033aff01558f3d35918d
file_binding,T5.1.2:9:implementation_binding:2,T5.1.2,cnn_fpga/decoder/periodic_adaptive_map.py,ccd8b5811e9275114d7de5957d4551a3864f874d9af2ad1582fb88e5b8c43b37,ccd8b5811e9275114d7de5957d4551a3864f874d9af2ad1582fb88e5b8c43b37,True,event_aware_adaptive_map_fpga_codesign,,0f0337527d56485100de967ff1ff475993e8472d875d033aff01558f3d35918d
file_binding,T5.1.2:10:implementation_binding:3,T5.1.2,physics/drift_processes.py,62f78df962fee79d40938d3fee99c243f1615eb81d6c5028f1413a8679db2108,62f78df962fee79d40938d3fee99c243f1615eb81d6c5028f1413a8679db2108,True,event_aware_adaptive_map_fpga_codesign,,0f0337527d56485100de967ff1ff475993e8472d875d033aff01558f3d35918d
file_binding,T5.1.2:11:implementation_binding:4,T5.1.2,physics/noise_transfer_surrogate.py,cd89bdeb981bc2a1b79c021355075e01d4b9b2fb8f4c4cf1060cb9fa2230d801,cd89bdeb981bc2a1b79c021355075e01d4b9b2fb8f4c4cf1060cb9fa2230d801,True,event_aware_adaptive_map_fpga_codesign,,0f0337527d56485100de967ff1ff475993e8472d875d033aff01558f3d35918d
file_binding,T5.1.2:12:implementation_binding:5,T5.1.2,physics/protocol_ancilla_errors.py,2497b9a2a153a37c9c3d19c5c7b52b4424e28e12c623526630ac8c34f355afee,2497b9a2a153a37c9c3d19c5c7b52b4424e28e12c623526630ac8c34f355afee,True,event_aware_adaptive_map_fpga_codesign,,0f0337527d56485100de967ff1ff475993e8472d875d033aff01558f3d35918d
file_binding,T5.1.2:13:implementation_binding:6,T5.1.2,physics/sbs_displacement_fault.py,eb0ec42a55f573cb2f56d54808e8547ae30afbb4249e1f7fbced8cdb7b73cc5f,eb0ec42a55f573cb2f56d54808e8547ae30afbb4249e1f7fbced8cdb7b73cc5f,True,event_aware_adaptive_map_fpga_codesign,,0f0337527d56485100de967ff1ff475993e8472d875d033aff01558f3d35918d
file_binding,T5.1.2:14:implementation_binding:7,T5.1.2,physics/sbs_occupancy_correlation.py,449f942d0f2f15359bf5b3c3477fe0c9041f6c364b5dfe07de480ee0384cd7f4,449f942d0f2f15359bf5b3c3477fe0c9041f6c364b5dfe07de480ee0384cd7f4,True,event_aware_adaptive_map_fpga_codesign,,0f0337527d56485100de967ff1ff475993e8472d875d033aff01558f3d35918d
parent_artifact,T5.1.3,T5.1.3,,True,,True,event_aware_adaptive_map_fpga_codesign,"machine gates, file bindings and composite implementation current",d3127e670dfa922917b1981ff13f6540cc7334542bb2678d614904d217092c54
parent_gate,T5.1.3:all_parent_artifacts_current_and_pass,T5.1.3,all_parent_artifacts_current_and_pass,True,,True,event_aware_adaptive_map_fpga_codesign,,d3127e670dfa922917b1981ff13f6540cc7334542bb2678d614904d217092c54
parent_gate,T5.1.3:all_implementation_bindings_present,T5.1.3,all_implementation_bindings_present,True,,True,event_aware_adaptive_map_fpga_codesign,,d3127e670dfa922917b1981ff13f6540cc7334542bb2678d614904d217092c54
parent_gate,T5.1.3:exact_six_scenario_six_seed_32_window_replay,T5.1.3,exact_six_scenario_six_seed_32_window_replay,True,,True,event_aware_adaptive_map_fpga_codesign,,d3127e670dfa922917b1981ff13f6540cc7334542bb2678d614904d217092c54
parent_gate,T5.1.3:all_t5_1_2_trace_hashes_reproduced,T5.1.3,all_t5_1_2_trace_hashes_reproduced,True,,True,event_aware_adaptive_map_fpga_codesign,,d3127e670dfa922917b1981ff13f6540cc7334542bb2678d614904d217092c54
parent_gate,T5.1.3:all_t5_1_2_seed_rates_reproduced,T5.1.3,all_t5_1_2_seed_rates_reproduced,True,,True,event_aware_adaptive_map_fpga_codesign,,d3127e670dfa922917b1981ff13f6540cc7334542bb2678d614904d217092c54
parent_gate,T5.1.3:paired_seed_cluster_bootstrap_20000,T5.1.3,paired_seed_cluster_bootstrap_20000,True,,True,event_aware_adaptive_map_fpga_codesign,,d3127e670dfa922917b1981ff13f6540cc7334542bb2678d614904d217092c54
parent_gate,T5.1.3:average_p_l_p95_and_worst_reported,T5.1.3,average_p_l_p95_and_worst_reported,True,,True,event_aware_adaptive_map_fpga_codesign,,d3127e670dfa922917b1981ff13f6540cc7334542bb2678d614904d217092c54
parent_gate,T5.1.3:p95_never_exceeds_observed_worst,T5.1.3,p95_never_exceeds_observed_worst,True,,True,event_aware_adaptive_map_fpga_codesign,,d3127e670dfa922917b1981ff13f6540cc7334542bb2678d614904d217092c54
parent_gate,T5.1.3:all_decoder_oracle_gap_denominators_reliable,T5.1.3,all_decoder_oracle_gap_denominators_reliable,True,,True,event_aware_adaptive_map_fpga_codesign,,d3127e670dfa922917b1981ff13f6540cc7334542bb2678d614904d217092c54
parent_gate,T5.1.3:holm_family_contains_exact_24_hypotheses,T5.1.3,holm_family_contains_exact_24_hypotheses,True,,True,event_aware_adaptive_map_fpga_codesign,,d3127e670dfa922917b1981ff13f6540cc7334542bb2678d614904d217092c54
parent_gate,T5.1.3:holm_adjusted_p_values_monotone_and_bounded,T5.1.3,holm_adjusted_p_values_monotone_and_bounded,True,,True,event_aware_adaptive_map_fpga_codesign,,d3127e670dfa922917b1981ff13f6540cc7334542bb2678d614904d217092c54
parent_gate,T5.1.3:control_oracle_exact_two_cycle_dual_cutoff,T5.1.3,control_oracle_exact_two_cycle_dual_cutoff,True,,True,event_aware_adaptive_map_fpga_codesign,,d3127e670dfa922917b1981ff13f6540cc7334542bb2678d614904d217092c54
parent_gate,T5.1.3:control_oracle_probability_normalized,T5.1.3,control_oracle_probability_normalized,True,,True,event_aware_adaptive_map_fpga_codesign,,d3127e670dfa922917b1981ff13f6540cc7334542bb2678d614904d217092c54
parent_gate,T5.1.3:control_oracle_no_fake_sampling_ci,T5.1.3,control_oracle_no_fake_sampling_ci,True,,True,event_aware_adaptive_map_fpga_codesign,,d3127e670dfa922917b1981ff13f6540cc7334542bb2678d614904d217092c54
parent_gate,T5.1.3:decoder_and_control_metrics_not_cross_ranked,T5.1.3,decoder_and_control_metrics_not_cross_ranked,True,,True,event_aware_adaptive_map_fpga_codesign,,d3127e670dfa922917b1981ff13f6540cc7334542bb2678d614904d217092c54
file_binding,T5.1.3:0:source_data,T5.1.3,docs\t5_1_3_oracle_gap_tail_source_data.csv,29149983fb8bd671da716486a6bd0aa1d59602db31dd6b26daffcab406118fc7,29149983fb8bd671da716486a6bd0aa1d59602db31dd6b26daffcab406118fc7,True,event_aware_adaptive_map_fpga_codesign,,d3127e670dfa922917b1981ff13f6540cc7334542bb2678d614904d217092c54
file_binding,T5.1.3:1:artifact_binding:0,T5.1.3,docs/t5_1_2_mixed_scenario_matrix.json,0f0337527d56485100de967ff1ff475993e8472d875d033aff01558f3d35918d,0f0337527d56485100de967ff1ff475993e8472d875d033aff01558f3d35918d,True,event_aware_adaptive_map_fpga_codesign,,d3127e670dfa922917b1981ff13f6540cc7334542bb2678d614904d217092c54
file_binding,T5.1.3:2:artifact_binding:1,T5.1.3,docs/t4_4_4_teacher_student_gain_retention.json,5cd1478de22ecd998aaf678bc6f14873134e57bc8ae2fc4408df215544b86dfc,5cd1478de22ecd998aaf678bc6f14873134e57bc8ae2fc4408df215544b86dfc,True,event_aware_adaptive_map_fpga_codesign,,d3127e670dfa922917b1981ff13f6540cc7334542bb2678d614904d217092c54
file_binding,T5.1.3:3:artifact_binding:2,T5.1.3,docs/t3_2_9_trajectory_lookup_control_oracle.json,604df4fb818a4ffd4c7c91d913742cee979f1021467f999af6a16c2a60734d7a,604df4fb818a4ffd4c7c91d913742cee979f1021467f999af6a16c2a60734d7a,True,event_aware_adaptive_map_fpga_codesign,,d3127e670dfa922917b1981ff13f6540cc7334542bb2678d614904d217092c54
file_binding,T5.1.3:4:implementation_binding:0,T5.1.3,cnn_fpga/benchmark/oracle_gap_tail_report.py,7789a452797ca0652deee32ccbe63d426621cb1bf29d09d8185b3fb87ab4db93,7789a452797ca0652deee32ccbe63d426621cb1bf29d09d8185b3fb87ab4db93,True,event_aware_adaptive_map_fpga_codesign,,d3127e670dfa922917b1981ff13f6540cc7334542bb2678d614904d217092c54
file_binding,T5.1.3:5:implementation_binding:1,T5.1.3,cnn_fpga/benchmark/mixed_scenario_matrix.py,507c19e4ada745224ffc7d43f28aa16cafdf85e128059accfc7198777ab7e023,507c19e4ada745224ffc7d43f28aa16cafdf85e128059accfc7198777ab7e023,True,event_aware_adaptive_map_fpga_codesign,,d3127e670dfa922917b1981ff13f6540cc7334542bb2678d614904d217092c54
file_binding,T5.1.3:6:implementation_binding:2,T5.1.3,cnn_fpga/benchmark/continuous_adaptive_map.py,979e71606b7928689de5726cbba69535d8d89527582e2883f23b480706f244ef,979e71606b7928689de5726cbba69535d8d89527582e2883f23b480706f244ef,True,event_aware_adaptive_map_fpga_codesign,,d3127e670dfa922917b1981ff13f6540cc7334542bb2678d614904d217092c54
file_binding,T5.1.3:7:implementation_binding:3,T5.1.3,cnn_fpga/decoder/periodic_adaptive_map.py,ccd8b5811e9275114d7de5957d4551a3864f874d9af2ad1582fb88e5b8c43b37,ccd8b5811e9275114d7de5957d4551a3864f874d9af2ad1582fb88e5b8c43b37,True,event_aware_adaptive_map_fpga_codesign,,d3127e670dfa922917b1981ff13f6540cc7334542bb2678d614904d217092c54
file_binding,T5.1.3:8:implementation_binding:4,T5.1.3,physics/ideal_gkp_decoder.py,b60d529aaa337c3a3d6104f1790e178e4108de5be2eea12ee7d28ac21b17c53a,b60d529aaa337c3a3d6104f1790e178e4108de5be2eea12ee7d28ac21b17c53a,True,event_aware_adaptive_map_fpga_codesign,,d3127e670dfa922917b1981ff13f6540cc7334542bb2678d614904d217092c54
file_binding,T5.1.3:9:implementation_binding:5,T5.1.3,physics/oracle_map.py,344cda91f9c32f73093857ec8b2e2f793f2c154c9aa1e9e377e0adb79950a304,344cda91f9c32f73093857ec8b2e2f793f2c154c9aa1e9e377e0adb79950a304,True,event_aware_adaptive_map_fpga_codesign,,d3127e670dfa922917b1981ff13f6540cc7334542bb2678d614904d217092c54
file_binding,T5.1.3:10:implementation_binding:6,T5.1.3,physics/oracle_gap.py,93eca76a2c70bb7f4e9046dcf321e0a5764939f0590250c747b89048d48c959f,93eca76a2c70bb7f4e9046dcf321e0a5764939f0590250c747b89048d48c959f,True,event_aware_adaptive_map_fpga_codesign,,d3127e670dfa922917b1981ff13f6540cc7334542bb2678d614904d217092c54
parent_artifact,T2.4.3,T2.4.3,,True,,True,event_aware_adaptive_map_fpga_codesign,"machine gates, file bindings and composite implementation current",1997b0e8d6a0a9233100311677e6da4add76ee0fb1e4d3525fce28812b20a737
parent_gate,T2.4.3:all_precision_axes_have_predeclared_coverage,T2.4.3,all_precision_axes_have_predeclared_coverage,True,,True,event_aware_adaptive_map_fpga_codesign,,1997b0e8d6a0a9233100311677e6da4add76ee0fb1e4d3525fce28812b20a737
parent_gate,T2.4.3:all_profiles_and_faults_run_on_all_paired_seeds,T2.4.3,all_profiles_and_faults_run_on_all_paired_seeds,True,,True,event_aware_adaptive_map_fpga_codesign,,1997b0e8d6a0a9233100311677e6da4add76ee0fb1e4d3525fce28812b20a737
parent_gate,T2.4.3:float_reference_is_analytic_without_lut_resource_claim,T2.4.3,float_reference_is_analytic_without_lut_resource_claim,True,,True,event_aware_adaptive_map_fpga_codesign,,1997b0e8d6a0a9233100311677e6da4add76ee0fb1e4d3525fce28812b20a737
parent_gate,T2.4.3:highest_joint_precision_converges_to_float,T2.4.3,highest_joint_precision_converges_to_float,True,,True,event_aware_adaptive_map_fpga_codesign,,1997b0e8d6a0a9233100311677e6da4add76ee0fb1e4d3525fce28812b20a737
parent_gate,T2.4.3:lowest_joint_precision_is_detectably_worse_than_highest,T2.4.3,lowest_joint_precision_is_detectably_worse_than_highest,True,,True,event_aware_adaptive_map_fpga_codesign,,1997b0e8d6a0a9233100311677e6da4add76ee0fb1e4d3525fce28812b20a737
parent_gate,T2.4.3:nontrivial_precision_storage_pareto_candidate_exists,T2.4.3,nontrivial_precision_storage_pareto_candidate_exists,True,,True,event_aware_adaptive_map_fpga_codesign,,1997b0e8d6a0a9233100311677e6da4add76ee0fb1e4d3525fce28812b20a737
parent_gate,T2.4.3:update_granularity_changes_bank_age,T2.4.3,update_granularity_changes_bank_age,True,,True,event_aware_adaptive_map_fpga_codesign,,1997b0e8d6a0a9233100311677e6da4add76ee0fb1e4d3525fce28812b20a737
parent_gate,T2.4.3:every_injected_bank_fault_detected_per_seed,T2.4.3,every_injected_bank_fault_detected_per_seed,True,,True,event_aware_adaptive_map_fpga_codesign,,1997b0e8d6a0a9233100311677e6da4add76ee0fb1e4d3525fce28812b20a737
parent_gate,T2.4.3:severe_bank_faults_raise_ler,T2.4.3,severe_bank_faults_raise_ler,True,,True,event_aware_adaptive_map_fpga_codesign,,1997b0e8d6a0a9233100311677e6da4add76ee0fb1e4d3525fce28812b20a737
parent_gate,T2.4.3:integer_state_and_numeric_integrity,T2.4.3,integer_state_and_numeric_integrity,True,,True,event_aware_adaptive_map_fpga_codesign,,1997b0e8d6a0a9233100311677e6da4add76ee0fb1e4d3525fce28812b20a737
parent_gate,T2.4.3:resources_are_proxy_not_synthesis_or_board,T2.4.3,resources_are_proxy_not_synthesis_or_board,True,,True,event_aware_adaptive_map_fpga_codesign,,1997b0e8d6a0a9233100311677e6da4add76ee0fb1e4d3525fce28812b20a737
parent_artifact,T4.2.1,T4.2.1,,True,,True,event_aware_adaptive_map_fpga_codesign,"machine gates, file bindings and composite implementation current",2cf8eb0b4aca5703f4a5513e1a8761aa811c973da1e9e47db996fb9529415a43
parent_gate,T4.2.1:eight_registered_parameter_banks_compile,T4.2.1,eight_registered_parameter_banks_compile,True,,True,event_aware_adaptive_map_fpga_codesign,,2cf8eb0b4aca5703f4a5513e1a8761aa811c973da1e9e47db996fb9529415a43
parent_gate,T4.2.1:real_param_bank_versions_are_atomic_and_monotonic,T4.2.1,real_param_bank_versions_are_atomic_and_monotonic,True,,True,event_aware_adaptive_map_fpga_codesign,,2cf8eb0b4aca5703f4a5513e1a8761aa811c973da1e9e47db996fb9529415a43
parent_gate,T4.2.1:active_K_b_inverse_recovers_registered_models,T4.2.1,active_K_b_inverse_recovers_registered_models,True,,True,event_aware_adaptive_map_fpga_codesign,,2cf8eb0b4aca5703f4a5513e1a8761aa811c973da1e9e47db996fb9529415a43
parent_gate,T4.2.1:K_reconstruction_is_machine_precision,T4.2.1,K_reconstruction_is_machine_precision,True,,True,event_aware_adaptive_map_fpga_codesign,,2cf8eb0b4aca5703f4a5513e1a8761aa811c973da1e9e47db996fb9529415a43
parent_gate,T4.2.1:all_adc_codes_and_both_phases_are_exhaustive,T4.2.1,all_adc_codes_and_both_phases_are_exhaustive,True,,True,event_aware_adaptive_map_fpga_codesign,,2cf8eb0b4aca5703f4a5513e1a8761aa811c973da1e9e47db996fb9529415a43
parent_gate,T4.2.1:phase_tables_are_not_silently_shared,T4.2.1,phase_tables_are_not_silently_shared,True,,True,event_aware_adaptive_map_fpga_codesign,,2cf8eb0b4aca5703f4a5513e1a8761aa811c973da1e9e47db996fb9529415a43
parent_gate,T4.2.1:selected_lut_has_zero_action_mismatch,T4.2.1,selected_lut_has_zero_action_mismatch,True,,True,event_aware_adaptive_map_fpga_codesign,,2cf8eb0b4aca5703f4a5513e1a8761aa811c973da1e9e47db996fb9529415a43
parent_gate,T4.2.1:selected_lut_meets_llr_code_error_budget,T4.2.1,selected_lut_meets_llr_code_error_budget,True,,True,event_aware_adaptive_map_fpga_codesign,,2cf8eb0b4aca5703f4a5513e1a8761aa811c973da1e9e47db996fb9529415a43
parent_gate,T4.2.1:linear_interpolation_beats_nearest_rom,T4.2.1,linear_interpolation_beats_nearest_rom,True,,True,event_aware_adaptive_map_fpga_codesign,,2cf8eb0b4aca5703f4a5513e1a8761aa811c973da1e9e47db996fb9529415a43
parent_gate,T4.2.1:address_grid_error_decreases_strictly,T4.2.1,address_grid_error_decreases_strictly,True,,True,event_aware_adaptive_map_fpga_codesign,,2cf8eb0b4aca5703f4a5513e1a8761aa811c973da1e9e47db996fb9529415a43
parent_gate,T4.2.1:all_convergence_grids_preserve_actions,T4.2.1,all_convergence_grids_preserve_actions,True,,True,event_aware_adaptive_map_fpga_codesign,,2cf8eb0b4aca5703f4a5513e1a8761aa811c973da1e9e47db996fb9529415a43
parent_gate,T4.2.1:image_crc_and_sha_verify,T4.2.1,image_crc_and_sha_verify,True,,True,event_aware_adaptive_map_fpga_codesign,,2cf8eb0b4aca5703f4a5513e1a8761aa811c973da1e9e47db996fb9529415a43
parent_gate,T4.2.1:image_hashes_bind_each_param_bank,T4.2.1,image_hashes_bind_each_param_bank,True,,True,event_aware_adaptive_map_fpga_codesign,,2cf8eb0b4aca5703f4a5513e1a8761aa811c973da1e9e47db996fb9529415a43
parent_gate,T4.2.1:pipeline_latency_is_exactly_five_cycles,T4.2.1,pipeline_latency_is_exactly_five_cycles,True,,True,event_aware_adaptive_map_fpga_codesign,,2cf8eb0b4aca5703f4a5513e1a8761aa811c973da1e9e47db996fb9529415a43
parent_gate,T4.2.1:pipeline_accepts_one_input_per_cycle,T4.2.1,pipeline_accepts_one_input_per_cycle,True,,True,event_aware_adaptive_map_fpga_codesign,,2cf8eb0b4aca5703f4a5513e1a8761aa811c973da1e9e47db996fb9529415a43
parent_gate,T4.2.1:inflight_request_latches_old_bank,T4.2.1,inflight_request_latches_old_bank,True,,True,event_aware_adaptive_map_fpga_codesign,,2cf8eb0b4aca5703f4a5513e1a8761aa811c973da1e9e47db996fb9529415a43
parent_gate,T4.2.1:all_negative_paths_fail_closed,T4.2.1,all_negative_paths_fail_closed,True,,True,event_aware_adaptive_map_fpga_codesign,,2cf8eb0b4aca5703f4a5513e1a8761aa811c973da1e9e47db996fb9529415a43
parent_gate,T4.2.1:online_kernel_has_no_float_division_exp_or_log,T4.2.1,online_kernel_has_no_float_division_exp_or_log,True,,True,event_aware_adaptive_map_fpga_codesign,,2cf8eb0b4aca5703f4a5513e1a8761aa811c973da1e9e47db996fb9529415a43
parent_gate,T4.2.1:resource_fields_remain_non_measured,T4.2.1,resource_fields_remain_non_measured,True,,True,event_aware_adaptive_map_fpga_codesign,,2cf8eb0b4aca5703f4a5513e1a8761aa811c973da1e9e47db996fb9529415a43
parent_gate,T4.2.1:scope_is_axis_marginal_not_joint_or_hardware,T4.2.1,scope_is_axis_marginal_not_joint_or_hardware,True,,True,event_aware_adaptive_map_fpga_codesign,,2cf8eb0b4aca5703f4a5513e1a8761aa811c973da1e9e47db996fb9529415a43
file_binding,T4.2.1:0:source_data,T4.2.1,docs/t4_2_1_parametric_map_lut_source_data.csv,2accab35a641c8e477c54d892fc5c4fddca7bae76aa5e7b2c93a5c4945831a69,2accab35a641c8e477c54d892fc5c4fddca7bae76aa5e7b2c93a5c4945831a69,True,event_aware_adaptive_map_fpga_codesign,,2cf8eb0b4aca5703f4a5513e1a8761aa811c973da1e9e47db996fb9529415a43
file_binding,T4.2.1:1:image_artifact,T4.2.1,docs/t4_2_1_parametric_map_lut_bank_images.json,af68ca112d92b4ae7f86da12fef4eee1f439fa60ced8179a0ffa2219058a9a7b,af68ca112d92b4ae7f86da12fef4eee1f439fa60ced8179a0ffa2219058a9a7b,True,event_aware_adaptive_map_fpga_codesign,,2cf8eb0b4aca5703f4a5513e1a8761aa811c973da1e9e47db996fb9529415a43
parent_artifact,T4.2.3,T4.2.3,,True,,True,event_aware_adaptive_map_fpga_codesign,"machine gates, file bindings and composite implementation current",b03e834c4bf39ca56d85382cab65d189a7ab28ee47d51a7e1213dfcbf9cd5162
parent_gate,T4.2.3:all_sixteen_registered_scenarios_are_complete,T4.2.3,all_sixteen_registered_scenarios_are_complete,True,,True,event_aware_adaptive_map_fpga_codesign,,b03e834c4bf39ca56d85382cab65d189a7ab28ee47d51a7e1213dfcbf9cd5162
parent_gate,T4.2.3:all_fourteen_health_and_integrity_flags_are_exercised,T4.2.3,all_fourteen_health_and_integrity_flags_are_exercised,True,,True,event_aware_adaptive_map_fpga_codesign,,b03e834c4bf39ca56d85382cab65d189a7ab28ee47d51a7e1213dfcbf9cd5162
parent_gate,T4.2.3:every_blocking_fault_enters_frame_hold_fallback,T4.2.3,every_blocking_fault_enters_frame_hold_fallback,True,,True,event_aware_adaptive_map_fpga_codesign,,b03e834c4bf39ca56d85382cab65d189a7ab28ee47d51a7e1213dfcbf9cd5162
parent_gate,T4.2.3:blocking_faults_never_accept_map_or_update_frames,T4.2.3,blocking_faults_never_accept_map_or_update_frames,True,,True,event_aware_adaptive_map_fpga_codesign,,b03e834c4bf39ca56d85382cab65d189a7ab28ee47d51a7e1213dfcbf9cd5162
parent_gate,T4.2.3:leakage_uses_hold_reset_and_ack_without_map_mutation,T4.2.3,leakage_uses_hold_reset_and_ack_without_map_mutation,True,,True,event_aware_adaptive_map_fpga_codesign,,b03e834c4bf39ca56d85382cab65d189a7ab28ee47d51a7e1213dfcbf9cd5162
parent_gate,T4.2.3:ood_threshold_is_inclusive_at_192_and_fails_at_193,T4.2.3,ood_threshold_is_inclusive_at_192_and_fails_at_193,True,,True,event_aware_adaptive_map_fpga_codesign,,b03e834c4bf39ca56d85382cab65d189a7ab28ee47d51a7e1213dfcbf9cd5162
parent_gate,T4.2.3:parameter_age_64_is_current_and_65_is_stale,T4.2.3,parameter_age_64_is_current_and_65_is_stale,True,,True,event_aware_adaptive_map_fpga_codesign,,b03e834c4bf39ca56d85382cab65d189a7ab28ee47d51a7e1213dfcbf9cd5162
parent_gate,T4.2.3:input_crc_image_crc_and_sha_faults_are_distinct,T4.2.3,input_crc_image_crc_and_sha_faults_are_distinct,True,,True,event_aware_adaptive_map_fpga_codesign,,b03e834c4bf39ca56d85382cab65d189a7ab28ee47d51a7e1213dfcbf9cd5162
parent_gate,T4.2.3:all_eight_registered_versions_commit_monotonically,T4.2.3,all_eight_registered_versions_commit_monotonically,True,,True,event_aware_adaptive_map_fpga_codesign,,b03e834c4bf39ca56d85382cab65d189a7ab28ee47d51a7e1213dfcbf9cd5162
parent_gate,T4.2.3:rollback_unknown_and_mismatched_versions_preserve_trusted_bank,T4.2.3,rollback_unknown_and_mismatched_versions_preserve_trusted_bank,True,,True,event_aware_adaptive_map_fpga_codesign,,b03e834c4bf39ca56d85382cab65d189a7ab28ee47d51a7e1213dfcbf9cd5162
parent_gate,T4.2.3:deadline_missing_map_alignment_and_ack_faults_are_traced,T4.2.3,deadline_missing_map_alignment_and_ack_faults_are_traced,True,,True,event_aware_adaptive_map_fpga_codesign,,b03e834c4bf39ca56d85382cab65d189a7ab28ee47d51a7e1213dfcbf9cd5162
parent_gate,T4.2.3:simultaneous_fault_mask_and_reason_trace_preserve_every_flag,T4.2.3,simultaneous_fault_mask_and_reason_trace_preserve_every_flag,True,,True,event_aware_adaptive_map_fpga_codesign,,b03e834c4bf39ca56d85382cab65d189a7ab28ee47d51a7e1213dfcbf9cd5162
parent_gate,T4.2.3:fallback_clear_requires_one_recovering_then_second_good_cycle,T4.2.3,fallback_clear_requires_one_recovering_then_second_good_cycle,True,,True,event_aware_adaptive_map_fpga_codesign,,b03e834c4bf39ca56d85382cab65d189a7ab28ee47d51a7e1213dfcbf9cd5162
parent_gate,T4.2.3:fault_and_per_reason_counters_reach_uint8_saturation,T4.2.3,fault_and_per_reason_counters_reach_uint8_saturation,True,,True,event_aware_adaptive_map_fpga_codesign,,b03e834c4bf39ca56d85382cab65d189a7ab28ee47d51a7e1213dfcbf9cd5162
parent_gate,T4.2.3:healthy_path_accepts_map_and_updates_both_axes,T4.2.3,healthy_path_accepts_map_and_updates_both_axes,True,,True,event_aware_adaptive_map_fpga_codesign,,b03e834c4bf39ca56d85382cab65d189a7ab28ee47d51a7e1213dfcbf9cd5162
parent_gate,T4.2.3:map_plus_health_event_latency_is_exactly_six_cycles,T4.2.3,map_plus_health_event_latency_is_exactly_six_cycles,True,,True,event_aware_adaptive_map_fpga_codesign,,b03e834c4bf39ca56d85382cab65d189a7ab28ee47d51a7e1213dfcbf9cd5162
parent_gate,T4.2.3:health_pipeline_has_initiation_interval_one,T4.2.3,health_pipeline_has_initiation_interval_one,True,,True,event_aware_adaptive_map_fpga_codesign,,b03e834c4bf39ca56d85382cab65d189a7ab28ee47d51a7e1213dfcbf9cd5162
parent_gate,T4.2.3:replay_is_bit_deterministic,T4.2.3,replay_is_bit_deterministic,True,,True,event_aware_adaptive_map_fpga_codesign,,b03e834c4bf39ca56d85382cab65d189a7ab28ee47d51a7e1213dfcbf9cd5162
parent_gate,T4.2.3:online_contract_contains_no_truth_or_hidden_fields,T4.2.3,online_contract_contains_no_truth_or_hidden_fields,True,,True,event_aware_adaptive_map_fpga_codesign,,b03e834c4bf39ca56d85382cab65d189a7ab28ee47d51a7e1213dfcbf9cd5162
parent_gate,T4.2.3:resource_and_hardware_fields_remain_non_measured,T4.2.3,resource_and_hardware_fields_remain_non_measured,True,,True,event_aware_adaptive_map_fpga_codesign,,b03e834c4bf39ca56d85382cab65d189a7ab28ee47d51a7e1213dfcbf9cd5162
file_binding,T4.2.3:0:source_data,T4.2.3,docs/t4_2_3_conservative_fallback_source_data.csv,c6cd7455de7d763ad10659b06d07f4b10dd9bb959aa10b462dcfe19a693a9086,c6cd7455de7d763ad10659b06d07f4b10dd9bb959aa10b462dcfe19a693a9086,True,event_aware_adaptive_map_fpga_codesign,,b03e834c4bf39ca56d85382cab65d189a7ab28ee47d51a7e1213dfcbf9cd5162
parent_artifact,T4.3.2,T4.3.2,,True,,True,event_aware_adaptive_map_fpga_codesign,"machine gates, file bindings and composite implementation current",c2c3e6f51115e0cf5556b1b6fed6c094ad886e415affb103bc673bf2dfa7c6e4
parent_gate,T4.3.2:G01,T4.3.2,G01,True,,True,event_aware_adaptive_map_fpga_codesign,,c2c3e6f51115e0cf5556b1b6fed6c094ad886e415affb103bc673bf2dfa7c6e4
parent_gate,T4.3.2:G02,T4.3.2,G02,True,,True,event_aware_adaptive_map_fpga_codesign,,c2c3e6f51115e0cf5556b1b6fed6c094ad886e415affb103bc673bf2dfa7c6e4
parent_gate,T4.3.2:G03,T4.3.2,G03,True,,True,event_aware_adaptive_map_fpga_codesign,,c2c3e6f51115e0cf5556b1b6fed6c094ad886e415affb103bc673bf2dfa7c6e4
parent_gate,T4.3.2:G04,T4.3.2,G04,True,,True,event_aware_adaptive_map_fpga_codesign,,c2c3e6f51115e0cf5556b1b6fed6c094ad886e415affb103bc673bf2dfa7c6e4
parent_gate,T4.3.2:G05,T4.3.2,G05,True,,True,event_aware_adaptive_map_fpga_codesign,,c2c3e6f51115e0cf5556b1b6fed6c094ad886e415affb103bc673bf2dfa7c6e4
parent_gate,T4.3.2:G06,T4.3.2,G06,True,,True,event_aware_adaptive_map_fpga_codesign,,c2c3e6f51115e0cf5556b1b6fed6c094ad886e415affb103bc673bf2dfa7c6e4
parent_gate,T4.3.2:G07,T4.3.2,G07,True,,True,event_aware_adaptive_map_fpga_codesign,,c2c3e6f51115e0cf5556b1b6fed6c094ad886e415affb103bc673bf2dfa7c6e4
parent_gate,T4.3.2:G08,T4.3.2,G08,True,,True,event_aware_adaptive_map_fpga_codesign,,c2c3e6f51115e0cf5556b1b6fed6c094ad886e415affb103bc673bf2dfa7c6e4
parent_gate,T4.3.2:G09,T4.3.2,G09,True,,True,event_aware_adaptive_map_fpga_codesign,,c2c3e6f51115e0cf5556b1b6fed6c094ad886e415affb103bc673bf2dfa7c6e4
parent_gate,T4.3.2:G10,T4.3.2,G10,True,,True,event_aware_adaptive_map_fpga_codesign,,c2c3e6f51115e0cf5556b1b6fed6c094ad886e415affb103bc673bf2dfa7c6e4
parent_gate,T4.3.2:G11,T4.3.2,G11,True,,True,event_aware_adaptive_map_fpga_codesign,,c2c3e6f51115e0cf5556b1b6fed6c094ad886e415affb103bc673bf2dfa7c6e4
parent_gate,T4.3.2:G12,T4.3.2,G12,True,,True,event_aware_adaptive_map_fpga_codesign,,c2c3e6f51115e0cf5556b1b6fed6c094ad886e415affb103bc673bf2dfa7c6e4
parent_gate,T4.3.2:G13,T4.3.2,G13,True,,True,event_aware_adaptive_map_fpga_codesign,,c2c3e6f51115e0cf5556b1b6fed6c094ad886e415affb103bc673bf2dfa7c6e4
parent_gate,T4.3.2:G14,T4.3.2,G14,True,,True,event_aware_adaptive_map_fpga_codesign,,c2c3e6f51115e0cf5556b1b6fed6c094ad886e415affb103bc673bf2dfa7c6e4
parent_gate,T4.3.2:G15,T4.3.2,G15,True,,True,event_aware_adaptive_map_fpga_codesign,,c2c3e6f51115e0cf5556b1b6fed6c094ad886e415affb103bc673bf2dfa7c6e4
parent_gate,T4.3.2:G16,T4.3.2,G16,True,,True,event_aware_adaptive_map_fpga_codesign,,c2c3e6f51115e0cf5556b1b6fed6c094ad886e415affb103bc673bf2dfa7c6e4
parent_gate,T4.3.2:G17,T4.3.2,G17,True,,True,event_aware_adaptive_map_fpga_codesign,,c2c3e6f51115e0cf5556b1b6fed6c094ad886e415affb103bc673bf2dfa7c6e4
file_binding,T4.3.2:0:source_data,T4.3.2,docs/t4_3_2_atomic_parameter_bank_source_data.csv,9c514fe34def557843312394eaee00cd4acb7af872cf36bab447184b2dc4025a,9c514fe34def557843312394eaee00cd4acb7af872cf36bab447184b2dc4025a,True,event_aware_adaptive_map_fpga_codesign,,c2c3e6f51115e0cf5556b1b6fed6c094ad886e415affb103bc673bf2dfa7c6e4
parent_artifact,T4.4.5,T4.4.5,,True,,True,event_aware_adaptive_map_fpga_codesign,"machine gates, file bindings and composite implementation current",15abd3e94c69e0fa85bc871ca9967eacbf3af8e948741f0b53986cbacd8ad612
parent_gate,T4.4.5:exactly_one_branch_is_active,T4.4.5,exactly_one_branch_is_active,True,,True,event_aware_adaptive_map_fpga_codesign,,15abd3e94c69e0fa85bc871ca9967eacbf3af8e948741f0b53986cbacd8ad612
parent_gate,T4.4.5:strong_branch_requires_every_evidence_predicate,T4.4.5,strong_branch_requires_every_evidence_predicate,True,,True,event_aware_adaptive_map_fpga_codesign,,15abd3e94c69e0fa85bc871ca9967eacbf3af8e948741f0b53986cbacd8ad612
parent_gate,T4.4.5:fallback_is_automatic_when_any_predicate_fails,T4.4.5,fallback_is_automatic_when_any_predicate_fails,True,,True,event_aware_adaptive_map_fpga_codesign,,15abd3e94c69e0fa85bc871ca9967eacbf3af8e948741f0b53986cbacd8ad612
parent_gate,T4.4.5:fallback_removes_teacher_and_distillation_claims,T4.4.5,fallback_removes_teacher_and_distillation_claims,True,,True,event_aware_adaptive_map_fpga_codesign,,15abd3e94c69e0fa85bc871ca9967eacbf3af8e948741f0b53986cbacd8ad612
parent_gate,T4.4.5:qualified_claims_are_finite_model_and_metric_specific,T4.4.5,qualified_claims_are_finite_model_and_metric_specific,True,,True,event_aware_adaptive_map_fpga_codesign,,15abd3e94c69e0fa85bc871ca9967eacbf3af8e948741f0b53986cbacd8ad612
parent_gate,T4.4.5:universal_nmf_over_mf_claim_is_prohibited,T4.4.5,universal_nmf_over_mf_claim_is_prohibited,True,,True,event_aware_adaptive_map_fpga_codesign,,15abd3e94c69e0fa85bc871ca9967eacbf3af8e948741f0b53986cbacd8ad612
parent_gate,T4.4.5:optimizer_and_oracle_optimality_claims_are_prohibited,T4.4.5,optimizer_and_oracle_optimality_claims_are_prohibited,True,,True,event_aware_adaptive_map_fpga_codesign,,15abd3e94c69e0fa85bc871ca9967eacbf3af8e948741f0b53986cbacd8ad612
parent_gate,T4.4.5:leakage_ood_long_horizon_and_hardware_claims_are_prohibited,T4.4.5,leakage_ood_long_horizon_and_hardware_claims_are_prohibited,True,,True,event_aware_adaptive_map_fpga_codesign,,15abd3e94c69e0fa85bc871ca9967eacbf3af8e948741f0b53986cbacd8ad612
parent_gate,T4.4.5:mf_counterevidence_is_retained_not_overwritten,T4.4.5,mf_counterevidence_is_retained_not_overwritten,True,,True,event_aware_adaptive_map_fpga_codesign,,15abd3e94c69e0fa85bc871ca9967eacbf3af8e948741f0b53986cbacd8ad612
parent_gate,T4.4.5:later_revocation_triggers_cover_t5_2_t5_4_t5_5_and_t6,T4.4.5,later_revocation_triggers_cover_t5_2_t5_4_t5_5_and_t6,True,,True,event_aware_adaptive_map_fpga_codesign,,15abd3e94c69e0fa85bc871ca9967eacbf3af8e948741f0b53986cbacd8ad612
parent_gate,T4.4.5:decision_is_deterministic_and_evaluation_free,T4.4.5,decision_is_deterministic_and_evaluation_free,True,,True,event_aware_adaptive_map_fpga_codesign,,15abd3e94c69e0fa85bc871ca9967eacbf3af8e948741f0b53986cbacd8ad612
file_binding,T4.4.5:0:source_data,T4.4.5,docs/t4_4_5_teacher_student_branch_freeze_source_data.csv,675f05c5d31b73bab6137effb56b40a78354df749ec76b04a4bcb50ba5da70e5,675f05c5d31b73bab6137effb56b40a78354df749ec76b04a4bcb50ba5da70e5,True,event_aware_adaptive_map_fpga_codesign,,15abd3e94c69e0fa85bc871ca9967eacbf3af8e948741f0b53986cbacd8ad612
file_binding,T4.4.5:1:parent_provenance:T4.4.1,T4.4.5,docs/t4_4_1_bounded_residual_rnn_teacher_validation.json,c71094493a63f7a3b1287d28c0a1b71d3ce7a03e16a281a27967a87a65669d53,c71094493a63f7a3b1287d28c0a1b71d3ce7a03e16a281a27967a87a65669d53,True,event_aware_adaptive_map_fpga_codesign,,15abd3e94c69e0fa85bc871ca9967eacbf3af8e948741f0b53986cbacd8ad612
file_binding,T4.4.5:2:parent_file:T4.4.1:0,T4.4.5,docs/t4_4_1_bounded_residual_rnn_teacher_source_data.csv,b59bc1c963a3e42cab4ca4f41244160ff1c7221be06be1bfdc070009765dbf88,b59bc1c963a3e42cab4ca4f41244160ff1c7221be06be1bfdc070009765dbf88,True,event_aware_adaptive_map_fpga_codesign,,15abd3e94c69e0fa85bc871ca9967eacbf3af8e948741f0b53986cbacd8ad612
file_binding,T4.4.5:3:parent_file:T4.4.1:1,T4.4.5,docs/t4_4_1_bounded_residual_rnn_teacher_checkpoints.pt,7c4e004cfb4e04e2ac4848242fbfe63217ef6b89f8780bbce723422be098711e,7c4e004cfb4e04e2ac4848242fbfe63217ef6b89f8780bbce723422be098711e,True,event_aware_adaptive_map_fpga_codesign,,15abd3e94c69e0fa85bc871ca9967eacbf3af8e948741f0b53986cbacd8ad612
file_binding,T4.4.5:4:parent_provenance:T4.4.2,T4.4.5,docs/t4_4_2_teacher_hidden_control_analysis.json,9cf3ca1f8245b29a537638bea02edaa961862219aacd64e3f7f714d1a2987e2a,9cf3ca1f8245b29a537638bea02edaa961862219aacd64e3f7f714d1a2987e2a,True,event_aware_adaptive_map_fpga_codesign,,15abd3e94c69e0fa85bc871ca9967eacbf3af8e948741f0b53986cbacd8ad612
file_binding,T4.4.5:5:parent_file:T4.4.2:0,T4.4.5,docs/t4_4_2_teacher_hidden_control_source_data.csv,71c141be72560a48e30ddc4650c4059408a2da50999354e9dfce3f135e1a4531,71c141be72560a48e30ddc4650c4059408a2da50999354e9dfce3f135e1a4531,True,event_aware_adaptive_map_fpga_codesign,,15abd3e94c69e0fa85bc871ca9967eacbf3af8e948741f0b53986cbacd8ad612
file_binding,T4.4.5:6:parent_provenance:T4.4.3,T4.4.5,docs/t4_4_3_low_dimensional_student_validation.json,1bb56e2d4c8839c4f25e91ece8f404427a1917114bc5e9c69249e92cd7ada26a,1bb56e2d4c8839c4f25e91ece8f404427a1917114bc5e9c69249e92cd7ada26a,True,event_aware_adaptive_map_fpga_codesign,,15abd3e94c69e0fa85bc871ca9967eacbf3af8e948741f0b53986cbacd8ad612
file_binding,T4.4.5:7:parent_file:T4.4.3:0,T4.4.5,docs/t4_4_3_low_dimensional_student_source_data.csv,74a7ebfc224b79c0b2b874632783684d55971eff486ed1e5dc22f5554bed73ff,74a7ebfc224b79c0b2b874632783684d55971eff486ed1e5dc22f5554bed73ff,True,event_aware_adaptive_map_fpga_codesign,,15abd3e94c69e0fa85bc871ca9967eacbf3af8e948741f0b53986cbacd8ad612
file_binding,T4.4.5:8:parent_file:T4.4.3:1,T4.4.5,docs/t4_4_3_low_dimensional_student_candidates.pt,dd8ab3aa3cfbde8b186214e209c0abd037230e5958eca86ff2c1e2fb2e504a7c,dd8ab3aa3cfbde8b186214e209c0abd037230e5958eca86ff2c1e2fb2e504a7c,True,event_aware_adaptive_map_fpga_codesign,,15abd3e94c69e0fa85bc871ca9967eacbf3af8e948741f0b53986cbacd8ad612
file_binding,T4.4.5:9:parent_file:T4.4.3:2,T4.4.5,docs/t4_4_3_low_dimensional_student.json,8d3b575c416795b3af522f0322f8c8b0eed937c41616067d163ce47e5fe9bbae,8d3b575c416795b3af522f0322f8c8b0eed937c41616067d163ce47e5fe9bbae,True,event_aware_adaptive_map_fpga_codesign,,15abd3e94c69e0fa85bc871ca9967eacbf3af8e948741f0b53986cbacd8ad612
file_binding,T4.4.5:10:parent_provenance:T4.4.4,T4.4.5,docs/t4_4_4_teacher_student_gain_retention.json,5cd1478de22ecd998aaf678bc6f14873134e57bc8ae2fc4408df215544b86dfc,5cd1478de22ecd998aaf678bc6f14873134e57bc8ae2fc4408df215544b86dfc,True,event_aware_adaptive_map_fpga_codesign,,15abd3e94c69e0fa85bc871ca9967eacbf3af8e948741f0b53986cbacd8ad612
file_binding,T4.4.5:11:parent_file:T4.4.4:0,T4.4.5,docs/t4_4_4_teacher_student_gain_retention_source_data.csv,b24501ffaa644e427148f13b5a329d9494ca587c6a276bae94bac23455a834a4,b24501ffaa644e427148f13b5a329d9494ca587c6a276bae94bac23455a834a4,True,event_aware_adaptive_map_fpga_codesign,,15abd3e94c69e0fa85bc871ca9967eacbf3af8e948741f0b53986cbacd8ad612
strong_predicate,all_parent_evidence_is_passed_and_current,,all_parent_evidence_is_passed_and_current,True,all must be true for strong branch,True,event_aware_adaptive_map_fpga_codesign,,
strong_predicate,matched_learned_decoder_candidate_executed,,matched_learned_decoder_candidate_executed,False,all must be true for strong branch,False,event_aware_adaptive_map_fpga_codesign,,
strong_predicate,candidate_compared_on_same_trace_to_static_and_strong_adaptive_baselines,,candidate_compared_on_same_trace_to_static_and_strong_adaptive_baselines,False,all must be true for strong branch,False,event_aware_adaptive_map_fpga_codesign,,
strong_predicate,static_average_p95_and_worst_non_degradation,,static_average_p95_and_worst_non_degradation,False,all must be true for strong branch,False,event_aware_adaptive_map_fpga_codesign,,
strong_predicate,positive_seed_cluster_effect_against_strong_deployable_baseline,,positive_seed_cluster_effect_against_strong_deployable_baseline,False,all must be true for strong branch,False,event_aware_adaptive_map_fpga_codesign,,
strong_predicate,holm_adjusted_repeatable_advantage,,holm_adjusted_repeatable_advantage,False,all must be true for strong branch,False,event_aware_adaptive_map_fpga_codesign,,
strong_predicate,no_preregistered_transient_tail_violation,,no_preregistered_transient_tail_violation,False,all must be true for strong branch,False,event_aware_adaptive_map_fpga_codesign,,
strong_predicate,candidate_is_observed_only_causal_and_deployment_scoped,,candidate_is_observed_only_causal_and_deployment_scoped,False,all must be true for strong branch,False,event_aware_adaptive_map_fpga_codesign,,
fallback_prerequisite,observed_only_adaptive_map_rows_are_registered,,observed_only_adaptive_map_rows_are_registered,True,,True,event_aware_adaptive_map_fpga_codesign,,
fallback_prerequisite,adaptive_map_methods_were_executed_in_decoder_lane,,adaptive_map_methods_were_executed_in_decoder_lane,True,,True,event_aware_adaptive_map_fpga_codesign,,
fallback_prerequisite,event_and_regime_components_are_registered_but_component_only,,event_and_regime_components_are_registered_but_component_only,True,,True,event_aware_adaptive_map_fpga_codesign,,
fallback_prerequisite,fixed_point_contract_passes,,fixed_point_contract_passes,True,,True,event_aware_adaptive_map_fpga_codesign,,
fallback_prerequisite,parametric_map_lut_contract_passes,,parametric_map_lut_contract_passes,True,,True,event_aware_adaptive_map_fpga_codesign,,
fallback_prerequisite,conservative_fallback_contract_passes,,conservative_fallback_contract_passes,True,,True,event_aware_adaptive_map_fpga_codesign,,
fallback_prerequisite,atomic_parameter_bank_contract_passes,,atomic_parameter_bank_contract_passes,True,,True,event_aware_adaptive_map_fpga_codesign,,
counterevidence,multiplicity:hypotheses,T5.1.3,hypotheses,24,,,event_aware_adaptive_map_fpga_codesign,,d3127e670dfa922917b1981ff13f6540cc7334542bb2678d614904d217092c54
counterevidence,multiplicity:discoveries,T5.1.3,discoveries,0,,,event_aware_adaptive_map_fpga_codesign,,d3127e670dfa922917b1981ff13f6540cc7334542bb2678d614904d217092c54
counterevidence,multiplicity:minimum_raw_p_value,T5.1.3,minimum_raw_p_value,0.03125,,,event_aware_adaptive_map_fpga_codesign,,d3127e670dfa922917b1981ff13f6540cc7334542bb2678d614904d217092c54
counterevidence,multiplicity:minimum_adjusted_p_value,T5.1.3,minimum_adjusted_p_value,0.75,,,event_aware_adaptive_map_fpga_codesign,,d3127e670dfa922917b1981ff13f6540cc7334542bb2678d614904d217092c54
counterevidence,static_gaussian:static_p_l,T5.1.3,static_p_l,0.0017496744791666667,,,event_aware_adaptive_map_fpga_codesign,,d3127e670dfa922917b1981ff13f6540cc7334542bb2678d614904d217092c54
counterevidence,static_gaussian:kalman_p_l,T5.1.3,kalman_p_l,0.001190185546875,,,event_aware_adaptive_map_fpga_codesign,,d3127e670dfa922917b1981ff13f6540cc7334542bb2678d614904d217092c54
counterevidence,static_gaussian:static_window_ler_p95,T5.1.3,static_window_ler_p95,0.00390625,,,event_aware_adaptive_map_fpga_codesign,,d3127e670dfa922917b1981ff13f6540cc7334542bb2678d614904d217092c54
counterevidence,static_gaussian:kalman_window_ler_p95,T5.1.3,kalman_window_ler_p95,0.00390625,,,event_aware_adaptive_map_fpga_codesign,,d3127e670dfa922917b1981ff13f6540cc7334542bb2678d614904d217092c54
counterevidence,static_gaussian:static_observed_worst_window_ler,T5.1.3,static_observed_worst_window_ler,0.009765625,,,event_aware_adaptive_map_fpga_codesign,,d3127e670dfa922917b1981ff13f6540cc7334542bb2678d614904d217092c54
counterevidence,static_gaussian:kalman_observed_worst_window_ler,T5.1.3,kalman_observed_worst_window_ler,0.005859375,,,event_aware_adaptive_map_fpga_codesign,,d3127e670dfa922917b1981ff13f6540cc7334542bb2678d614904d217092c54
counterevidence,calibration_shift:static_p_l,T5.1.3,static_p_l,0.021636962890625,,,event_aware_adaptive_map_fpga_codesign,,d3127e670dfa922917b1981ff13f6540cc7334542bb2678d614904d217092c54
counterevidence,calibration_shift:kalman_p_l,T5.1.3,kalman_p_l,0.005940755208333333,,,event_aware_adaptive_map_fpga_codesign,,d3127e670dfa922917b1981ff13f6540cc7334542bb2678d614904d217092c54
counterevidence,calibration_shift:static_window_ler_p95,T5.1.3,static_window_ler_p95,0.0546875,,,event_aware_adaptive_map_fpga_codesign,,d3127e670dfa922917b1981ff13f6540cc7334542bb2678d614904d217092c54
counterevidence,calibration_shift:kalman_window_ler_p95,T5.1.3,kalman_window_ler_p95,0.013671875,,,event_aware_adaptive_map_fpga_codesign,,d3127e670dfa922917b1981ff13f6540cc7334542bb2678d614904d217092c54
counterevidence,calibration_shift:static_observed_worst_window_ler,T5.1.3,static_observed_worst_window_ler,0.072265625,,,event_aware_adaptive_map_fpga_codesign,,d3127e670dfa922917b1981ff13f6540cc7334542bb2678d614904d217092c54
counterevidence,calibration_shift:kalman_observed_worst_window_ler,T5.1.3,kalman_observed_worst_window_ler,0.107421875,,,event_aware_adaptive_map_fpga_codesign,,d3127e670dfa922917b1981ff13f6540cc7334542bb2678d614904d217092c54
counterevidence,calibration_shift:transient_tail_violation,T5.1.3,transient_tail_violation,True,,,event_aware_adaptive_map_fpga_codesign,,d3127e670dfa922917b1981ff13f6540cc7334542bb2678d614904d217092c54
active_claim,CL-T514-F01,,,,direction,,event_aware_adaptive_map_fpga_codesign,"The current paper direction is event/regime-aware, observed-only adaptive periodic MAP with an FPGA-oriented parameter-bank and fail-closed co-design; the registered event components are not yet a unified closed-loop performance result.",
active_claim,CL-T514-F02,,,,counterevidence,,event_aware_adaptive_map_fpga_codesign,Classical adaptive MAP effect sizes are diagnostic only: the 24-comparison Holm family has zero discoveries and the calibration-shift Kalman transient worst window is worse than static.,
active_claim,CL-T514-F03,,,,software_contract,,event_aware_adaptive_map_fpga_codesign,"The fixed-point, parametric MAP-LUT, conservative fallback and atomic-bank evidence is software or hardware-aware validation only, not RTL, synthesis, board, device or measured hardware performance.",
prohibited_claim,PC-T514-01,,,,,,event_aware_adaptive_map_fpga_codesign,"CNN, TCN, GRU or another learned decoder outperforms static MAP or a strong adaptive baseline in the expanded T5.1 matrix",
prohibited_claim,PC-T514-02,,,,,,event_aware_adaptive_map_fpga_codesign,a learned algorithm is superior under mixed drift or all registered noise classes,
prohibited_claim,PC-T514-03,,,,,,event_aware_adaptive_map_fpga_codesign,adaptive decoding is universally superior to static MAP,
prohibited_claim,PC-T514-04,,,,,,event_aware_adaptive_map_fpga_codesign,the four lane-local scenario models form one end-to-end closed-loop robustness experiment,
prohibited_claim,PC-T514-05,,,,,,event_aware_adaptive_map_fpga_codesign,the qualified T4.4.5 controller teacher/student result is matched decoder evidence,
prohibited_claim,PC-T514-06,,,,,,event_aware_adaptive_map_fpga_codesign,the historical T24 frozen-set result is expanded-matrix or independent-seed confirmation,
prohibited_claim,PC-T514-07,,,,,,event_aware_adaptive_map_fpga_codesign,the finite-horizon control reference is a global or ten-cycle control oracle,
prohibited_claim,PC-T514-08,,,,,,event_aware_adaptive_map_fpga_codesign,"software fixed-point or LUT evidence is measured FPGA, board or device performance",
reopen_gate,new_independent_seed_clusters_preregistered_before_access,,,,required before strong branch may be reconsidered,,event_aware_adaptive_map_fpga_codesign,,
reopen_gate,learned_decoder_candidate_runs_same_trace_and_metric_lane,,,,required before strong branch may be reconsidered,,event_aware_adaptive_map_fpga_codesign,,
reopen_gate,static_window_ewma_kalman_and_applicable_sliding_baselines_matched,,,,required before strong branch may be reconsidered,,event_aware_adaptive_map_fpga_codesign,,
reopen_gate,static_average_p95_and_worst_non_degradation,,,,required before strong branch may be reconsidered,,event_aware_adaptive_map_fpga_codesign,,
reopen_gate,drift_or_regime_positive_seed_cluster_ci,,,,required before strong branch may be reconsidered,,event_aware_adaptive_map_fpga_codesign,,
reopen_gate,holm_adjusted_familywise_discovery,,,,required before strong branch may be reconsidered,,event_aware_adaptive_map_fpga_codesign,,
reopen_gate,no_preregistered_transient_tail_violation,,,,required before strong branch may be reconsidered,,event_aware_adaptive_map_fpga_codesign,,
reopen_gate,observed_only_causal_information_set,,,,required before strong branch may be reconsidered,,event_aware_adaptive_map_fpga_codesign,,
reopen_gate,deployment_scope_and_costs_reported,,,,required before strong branch may be reconsidered,,event_aware_adaptive_map_fpga_codesign,,
reopen_gate,t5_1_3_windows_not_relabelled_as_independent_seeds,,,,required before strong branch may be reconsidered,,event_aware_adaptive_map_fpga_codesign,,
contract_gate,all_parent_evidence_is_passed_and_current,,all_parent_evidence_is_passed_and_current,True,,True,event_aware_adaptive_map_fpga_codesign,,
contract_gate,exactly_one_branch_is_active,,exactly_one_branch_is_active,True,,True,event_aware_adaptive_map_fpga_codesign,,
contract_gate,strong_branch_equals_all_predicates,,strong_branch_equals_all_predicates,True,,True,event_aware_adaptive_map_fpga_codesign,,
contract_gate,fallback_automatically_activates_on_failure,,fallback_automatically_activates_on_failure,True,,True,event_aware_adaptive_map_fpga_codesign,,
contract_gate,matched_learned_candidate_absence_is_retained,,matched_learned_candidate_absence_is_retained,True,,True,event_aware_adaptive_map_fpga_codesign,,
contract_gate,zero_holm_discoveries_are_retained,,zero_holm_discoveries_are_retained,True,,True,event_aware_adaptive_map_fpga_codesign,,
contract_gate,calibration_shift_transient_counterevidence_is_retained,,calibration_shift_transient_counterevidence_is_retained,True,,True,event_aware_adaptive_map_fpga_codesign,,
contract_gate,cnn_performance_claim_is_removed_in_fallback,,cnn_performance_claim_is_removed_in_fallback,True,,True,event_aware_adaptive_map_fpga_codesign,,
contract_gate,teacher_student_controller_evidence_is_not_decoder_evidence,,teacher_student_controller_evidence_is_not_decoder_evidence,True,,True,event_aware_adaptive_map_fpga_codesign,,
contract_gate,historical_t24_claim_is_quarantined,,historical_t24_claim_is_quarantined,True,,True,event_aware_adaptive_map_fpga_codesign,,
contract_gate,fallback_prerequisites_pass,,fallback_prerequisites_pass,True,,True,event_aware_adaptive_map_fpga_codesign,,
contract_gate,software_evidence_is_not_hardware_measurement,,software_evidence_is_not_hardware_measurement,True,,True,event_aware_adaptive_map_fpga_codesign,,
contract_gate,independent_unit_remains_evaluation_seed,,independent_unit_remains_evaluation_seed,True,,True,event_aware_adaptive_map_fpga_codesign,,
contract_gate,reopen_contract_is_complete_and_forbids_window_pseudoreplication,,reopen_contract_is_complete_and_forbids_window_pseudoreplication,True,,True,event_aware_adaptive_map_fpga_codesign,,
contract_gate,semantic_validator_accepts_only_the_derived_verdict,,semantic_validator_accepts_only_the_derived_verdict,True,,True,event_aware_adaptive_map_fpga_codesign,,
contract_gate,decision_is_read_only_and_deterministic,,decision_is_read_only_and_deterministic,True,,True,event_aware_adaptive_map_fpga_codesign,,
