row_type,record_id,family,status,path,value,detail
comparator,no_correction_idle_memory,protocol_anchor,anchor_only,physics/autonomous_sbs.py,No correction (idle memory),"{""artifact_paths"": [], ""claim_boundary"": ""model-level idle-memory anchor only; not an experimental T1/T2 measurement"", ""comparator_id"": ""no_correction_idle_memory"", ""compute_budget"": ""zero active operations"", ""decision_target"": ""memory preservation without QEC action"", ""deployability"": ""deployable_sanity_anchor"", ""eligible_lanes"": [""protocol_wallclock""], ""expected_fragment"": ""class IdleMemorySimulator"", ""family"": ""protocol_anchor"", ""hidden_truth_access"": false, ""implementation_path"": ""physics/autonomous_sbs.py"", ""information_set"": [""elapsed physical time""], ""label"": ""No correction (idle memory)"", ""metric_scope"": ""fidelity, code survival and logical-Z curve"", ""output_contract"": ""identity control with cavity idle-noise propagation"", ""protocol_scope"": ""finite-cutoff cavity memory; no sBs gates or ancilla events"", ""ranking_status"": ""anchor_only"", ""task_owner"": ""T5.1.1"", ""time_basis"": ""10 us reporting intervals""}"
comparator,standard_binning,decoder,main_anchor,cnn_fpga/benchmark/standard_binning_baseline.py,Standard binning,"{""artifact_paths"": [""docs/t3_1_1_standard_binning_validation.json""], ""claim_boundary"": ""not legacy static_linear and not finite-energy or hardware performance"", ""comparator_id"": ""standard_binning"", ""compute_budget"": ""no fitted parameters"", ""decision_target"": ""current syndrome to logical coset"", ""deployability"": ""deployable_software"", ""eligible_lanes"": [""decoder_current_syndrome"", ""decoder_continuous_drift"", ""decoder_episode_memory"", ""finite_energy_effective""], ""expected_fragment"": ""STANDARD_BINNING_DESCRIPTOR ="", ""family"": ""decoder"", ""hidden_truth_access"": false, ""implementation_path"": ""cnn_fpga/benchmark/standard_binning_baseline.py"", ""information_set"": [""current centered q/p syndrome""], ""label"": ""Standard binning"", ""metric_scope"": ""paired logical decision error"", ""output_contract"": ""fixed central even-even logical-coset decision"", ""protocol_scope"": ""ideal square-GKP syndrome-level decoder"", ""ranking_status"": ""main_anchor"", ""task_owner"": ""T3.1.1"", ""time_basis"": ""per observation""}"
comparator,standard_measurement_feedback_sbs,control_protocol,main_anchor,physics/autonomous_sbs.py,Standard measurement-feedback sBs,"{""artifact_paths"": [""docs/t3_2_8_autonomous_sbs_wallclock_validation.json"", ""docs/t4_4_4_teacher_student_gain_retention.json""], ""claim_boundary"": ""literature timing is not target-board timing and nominal control is not an optimum"", ""comparator_id"": ""standard_measurement_feedback_sbs"", ""compute_budget"": ""15 fixed controls; no online learning"", ""decision_target"": ""nominal repeated sBs memory control"", ""deployability"": ""software_model_anchor"", ""eligible_lanes"": [""protocol_wallclock"", ""control_matched_model"", ""control_oracle_short_horizon""], ""expected_fragment"": ""class NonselectiveSBSSimulator"", ""family"": ""control_protocol"", ""hidden_truth_access"": false, ""implementation_path"": ""physics/autonomous_sbs.py"", ""information_set"": [""current protocol phase"", ""nonselective measurement expectation""], ""label"": ""Standard measurement-feedback sBs"", ""metric_scope"": ""fidelity, logical-Z lifetime, p(g), event burden"", ""output_contract"": ""fixed nominal 15-parameter sBs controls"", ""protocol_scope"": ""finite-cutoff nominal-control measurement-feedback sBs"", ""ranking_status"": ""main_anchor"", ""task_owner"": ""T3.2.8/T4.4.4"", ""time_basis"": ""10 us literature full cycle""}"
comparator,autonomous_sbs,control_protocol,separate_protocol_lane,physics/autonomous_sbs.py,Autonomous sBs,"{""artifact_paths"": [""docs/t3_2_8_autonomous_sbs_wallclock_validation.json""], ""claim_boundary"": ""not a trained autonomous optimum or target-device timing result"", ""comparator_id"": ""autonomous_sbs"", ""compute_budget"": ""fixed controls; protocol-native gate/reset count"", ""decision_target"": ""nominal autonomous memory control"", ""deployability"": ""software_model_baseline"", ""eligible_lanes"": [""protocol_wallclock""], ""expected_fragment"": ""AUTONOMOUS_TIMING ="", ""family"": ""control_protocol"", ""hidden_truth_access"": false, ""implementation_path"": ""physics/autonomous_sbs.py"", ""information_set"": [""current protocol phase""], ""label"": ""Autonomous sBs"", ""metric_scope"": ""fidelity/logical lifetime and event burden"", ""output_contract"": ""fixed nominal nonselective autonomous sBs channel"", ""protocol_scope"": ""finite-cutoff autonomous protocol with reset and no measurement"", ""ranking_status"": ""separate_protocol_lane"", ""task_owner"": ""T3.2.8"", ""time_basis"": ""7 us literature full cycle""}"
comparator,static_periodic_map,decoder,main_candidate,cnn_fpga/benchmark/static_map_baseline.py,Static training-average periodic MAP,"{""artifact_paths"": [""docs/t3_1_2_static_map_validation.json""], ""claim_boundary"": ""model/scenario-specific static MAP, not oracle MAP"", ""comparator_id"": ""static_periodic_map"", ""compute_budget"": ""frozen static parameter table"", ""decision_target"": ""current syndrome to logical coset"", ""deployability"": ""deployable_software"", ""eligible_lanes"": [""decoder_current_syndrome"", ""decoder_continuous_drift"", ""decoder_episode_memory""], ""expected_fragment"": ""def build_static_map_validation"", ""family"": ""decoder"", ""hidden_truth_access"": false, ""implementation_path"": ""cnn_fpga/benchmark/static_map_baseline.py"", ""information_set"": [""current syndrome"", ""training-only frozen noise parameters""], ""label"": ""Static training-average periodic MAP"", ""metric_scope"": ""paired LER and proper scores"", ""output_contract"": ""periodic-Gaussian MAP logical coset"", ""protocol_scope"": ""single-mode ideal syndrome decoder"", ""ranking_status"": ""main_candidate"", ""task_owner"": ""T3.1.2"", ""time_basis"": ""per observation""}"
comparator,topk_periodic_map,decoder_approximation,implementation_sensitivity,cnn_fpga/benchmark/topk_lattice_coset_map.py,Top-K periodic MAP,"{""artifact_paths"": [""docs/t3_1_5_topk_map_validation.json""], ""claim_boundary"": ""not surface K-MWM, universal K or an independent oracle"", ""comparator_id"": ""topk_periodic_map"", ""compute_budget"": ""explicit K-dependent comparisons and accumulations"", ""decision_target"": ""current syndrome to logical coset"", ""deployability"": ""deployable_candidate"", ""eligible_lanes"": [""decoder_current_syndrome""], ""expected_fragment"": ""def build_topk_validation"", ""family"": ""decoder_approximation"", ""hidden_truth_access"": false, ""implementation_path"": ""cnn_fpga/benchmark/topk_lattice_coset_map.py"", ""information_set"": [""current syndrome"", ""same frozen static parameters""], ""label"": ""Top-K periodic MAP"", ""metric_scope"": ""agreement/LER/cost versus full MAP"", ""output_contract"": ""per-coset top-K alias likelihood"", ""protocol_scope"": ""same single-mode periodic-Gaussian candidate rectangle as full MAP"", ""ranking_status"": ""implementation_sensitivity"", ""task_owner"": ""T3.1.5"", ""time_basis"": ""per observation""}"
comparator,decoder_oracle_map,decoder_bound,nondeployable_reference,cnn_fpga/benchmark/oracle_baseline.py,Hidden-state decoder oracle MAP,"{""artifact_paths"": [""docs/t3_1_3_oracle_validation.json""], ""claim_boundary"": ""not control oracle, channel optimum or actual deployable decoder"", ""comparator_id"": ""decoder_oracle_map"", ""compute_budget"": ""unrestricted hidden-state model evaluation"", ""decision_target"": ""current syndrome to logical coset"", ""deployability"": ""nondeployable"", ""eligible_lanes"": [""decoder_current_syndrome"", ""decoder_continuous_drift"", ""decoder_episode_memory""], ""expected_fragment"": ""def build_oracle_validation"", ""family"": ""decoder_bound"", ""hidden_truth_access"": true, ""implementation_path"": ""cnn_fpga/benchmark/oracle_baseline.py"", ""information_set"": [""current syndrome"", ""true DriftState mean/covariance/mixture/regime""], ""label"": ""Hidden-state decoder oracle MAP"", ""metric_scope"": ""paired LER and decoder-oracle gap"", ""output_contract"": ""Bayes/MAP logical coset and posterior"", ""protocol_scope"": ""frozen assumed periodic-mixture decoder model"", ""ranking_status"": ""nondeployable_reference"", ""task_owner"": ""T3.1.3"", ""time_basis"": ""time-aligned per observation""}"
comparator,finite_energy_static_shrinkage,decoder,separate_fidelity_lane,physics/finite_energy_trends.py,Finite-energy static shrinkage,"{""artifact_paths"": [], ""claim_boundary"": ""not full approximate-GKP recovery, Fock channel optimum or device-calibrated decoder"", ""comparator_id"": ""finite_energy_static_shrinkage"", ""compute_budget"": ""one frozen scalar gain"", ""decision_target"": ""finite-energy noisy syndrome to bounded analog correction"", ""deployability"": ""deployable_effective_model"", ""eligible_lanes"": [""finite_energy_effective""], ""expected_fragment"": ""def run_finite_energy_shrinkage_trend"", ""family"": ""decoder"", ""hidden_truth_access"": false, ""implementation_path"": ""physics/finite_energy_trends.py"", ""information_set"": [""current syndrome"", ""training-fitted frozen gain""], ""label"": ""Finite-energy static shrinkage"", ""metric_scope"": ""held-out residual MSE and paired parity error"", ""output_contract"": ""c=g*s with one static gain per frozen finite-energy setting"", ""protocol_scope"": ""syndrome-level effective finite-energy-noise model"", ""ranking_status"": ""separate_fidelity_lane"", ""task_owner"": ""T1.2.3"", ""time_basis"": ""per observation""}"
comparator,memory_bayesian,decoder,main_candidate_same_episode_only,cnn_fpga/benchmark/memory_assisted_bayesian_decoder.py,Memory-assisted Bayesian decoder,"{""artifact_paths"": [""docs/t3_2_1_memory_bayesian_validation.json""], ""claim_boundary"": ""episode result cannot be pooled with continuous per-round decoding"", ""comparator_id"": ""memory_bayesian"", ""compute_budget"": ""explicit history-state and grid budget"", ""decision_target"": ""bounded syndrome episode to logical decision"", ""deployability"": ""software_candidate"", ""eligible_lanes"": [""decoder_episode_memory""], ""expected_fragment"": ""def build_memory_bayesian_validation"", ""family"": ""decoder"", ""hidden_truth_access"": false, ""implementation_path"": ""cnn_fpga/benchmark/memory_assisted_bayesian_decoder.py"", ""information_set"": [""causal episode syndrome history"", ""registered prior""], ""label"": ""Memory-assisted Bayesian decoder"", ""metric_scope"": ""paired episode logical error"", ""output_contract"": ""periodic Bayesian posterior and logical decision"", ""protocol_scope"": ""bounded no-intermediate-correction syndrome episodes"", ""ranking_status"": ""main_candidate_same_episode_only"", ""task_owner"": ""T3.2.1"", ""time_basis"": ""per registered episode""}"
comparator,ewma_adaptive_map,decoder_estimator,main_candidate,cnn_fpga/benchmark/continuous_adaptive_map.py,EWMA adaptive periodic MAP,"{""artifact_paths"": [""docs/t3_2_2_continuous_adaptive_map_validation.json""], ""claim_boundary"": ""training-frozen model; no hidden state or universal drift advantage claim"", ""comparator_id"": ""ewma_adaptive_map"", ""compute_budget"": ""four complex EWMA state values"", ""decision_target"": ""drifting syndrome to logical coset"", ""deployability"": ""deployable_software"", ""eligible_lanes"": [""decoder_continuous_drift""], ""expected_fragment"": ""def build_continuous_adaptive_validation"", ""family"": ""decoder_estimator"", ""hidden_truth_access"": false, ""implementation_path"": ""cnn_fpga/benchmark/continuous_adaptive_map.py"", ""information_set"": [""causal periodic moments"", ""training-frozen alpha""], ""label"": ""EWMA adaptive periodic MAP"", ""metric_scope"": ""paired LER, NLL, Brier and tracking RMSE"", ""output_contract"": ""EWMA state estimate followed by periodic MAP"", ""protocol_scope"": ""continuous wrapped-Gaussian drift"", ""ranking_status"": ""main_candidate"", ""task_owner"": ""T3.2.2"", ""time_basis"": ""one-window delayed""}"
comparator,kalman_adaptive_map,decoder_estimator,main_candidate,cnn_fpga/benchmark/continuous_adaptive_map.py,Kalman adaptive periodic MAP,"{""artifact_paths"": [""docs/t3_2_2_continuous_adaptive_map_validation.json""], ""claim_boundary"": ""constant-velocity assumed model, not a general nonlinear oracle"", ""comparator_id"": ""kalman_adaptive_map"", ""compute_budget"": ""10-state/100-covariance-value analytic profile"", ""decision_target"": ""drifting syndrome to logical coset"", ""deployability"": ""host_deployable_software"", ""eligible_lanes"": [""decoder_continuous_drift""], ""expected_fragment"": ""def build_continuous_adaptive_validation"", ""family"": ""decoder_estimator"", ""hidden_truth_access"": false, ""implementation_path"": ""cnn_fpga/benchmark/continuous_adaptive_map.py"", ""information_set"": [""causal periodic moments"", ""training-frozen process/measurement scales""], ""label"": ""Kalman adaptive periodic MAP"", ""metric_scope"": ""paired LER, NLL, Brier and tracking RMSE"", ""output_contract"": ""constant-velocity Kalman estimate followed by periodic MAP"", ""protocol_scope"": ""continuous wrapped-Gaussian drift"", ""ranking_status"": ""main_candidate"", ""task_owner"": ""T3.2.2"", ""time_basis"": ""one-window delayed""}"
comparator,sliding_window_map,decoder_estimator,main_candidate,cnn_fpga/benchmark/sliding_window_syndrome_estimator.py,Training-selected sliding-window MAP,"{""artifact_paths"": [""docs/t3_2_3_sliding_window_validation.json""], ""claim_boundary"": ""training-selected history only; no evaluation-length selection"", ""comparator_id"": ""sliding_window_map"", ""compute_budget"": ""bounded selected history window"", ""decision_target"": ""drifting syndrome to logical coset"", ""deployability"": ""host_deployable_software"", ""eligible_lanes"": [""decoder_continuous_drift""], ""expected_fragment"": ""def build_sliding_window_validation"", ""family"": ""decoder_estimator"", ""hidden_truth_access"": false, ""implementation_path"": ""cnn_fpga/benchmark/sliding_window_syndrome_estimator.py"", ""information_set"": [""causal bounded syndrome window"", ""training-selected length""], ""label"": ""Training-selected sliding-window MAP"", ""metric_scope"": ""paired LER and proper scores"", ""output_contract"": ""window moment estimate followed by periodic MAP"", ""protocol_scope"": ""continuous wrapped-Gaussian drift"", ""ranking_status"": ""main_candidate"", ""task_owner"": ""T3.2.3"", ""time_basis"": ""one-window delayed""}"
comparator,run_length_event_controller,event_controller,component_only,cnn_fpga/benchmark/run_length_fsm_baseline.py,Run-length event controller,"{""artifact_paths"": [""docs/t3_2_5_run_length_fsm_validation.json""], ""claim_boundary"": ""component evidence is not direct logical-lifetime superiority"", ""comparator_id"": ""run_length_event_controller"", ""compute_budget"": ""finite counters and transition table"", ""decision_target"": ""observed g/e/leakage events to bounded event action"", ""deployability"": ""deployable_component_candidate"", ""eligible_lanes"": [""event_and_regime_components""], ""expected_fragment"": ""def build_run_length_validation"", ""family"": ""event_controller"", ""hidden_truth_access"": false, ""implementation_path"": ""cnn_fpga/benchmark/run_length_fsm_baseline.py"", ""information_set"": [""current event"", ""saturated causal run counters""], ""label"": ""Run-length event controller"", ""metric_scope"": ""event sensitivity, delay, false trigger and cost"", ""output_contract"": ""finite-state event/fallback action"", ""protocol_scope"": ""observed-event control component"", ""ranking_status"": ""component_only"", ""task_owner"": ""T3.2.5"", ""time_basis"": ""per event""}"
comparator,regime_hmm_estimator,host_estimator,component_only,cnn_fpga/benchmark/regime_hmm_baseline.py,Causal regime HMM,"{""artifact_paths"": [""docs/t3_2_6_regime_hmm_validation.json""], ""claim_boundary"": ""not a per-cycle decoder or direct lifetime row without an adapter"", ""comparator_id"": ""regime_hmm_estimator"", ""compute_budget"": ""bounded HMM state/history budget"", ""decision_target"": ""observed windows to regime posterior"", ""deployability"": ""host_deployable_component"", ""eligible_lanes"": [""event_and_regime_components""], ""expected_fragment"": ""def build_regime_hmm_validation"", ""family"": ""host_estimator"", ""hidden_truth_access"": false, ""implementation_path"": ""cnn_fpga/benchmark/regime_hmm_baseline.py"", ""information_set"": [""causal window summaries"", ""frozen HMM parameters""], ""label"": ""Causal regime HMM"", ""metric_scope"": ""regime calibration/detection/cost"", ""output_contract"": ""regime posterior and state estimate"", ""protocol_scope"": ""host slow-loop regime component"", ""ranking_status"": ""component_only"", ""task_owner"": ""T3.2.6"", ""time_basis"": ""per validated window""}"
comparator,latest_outcome_mf_fnn,control_policy,main_candidate_when_budget_matched,cnn_fpga/benchmark/latest_outcome_markovian_baseline.py,Exact-budget latest-outcome MF/FNN,"{""artifact_paths"": [""docs/t3_2_7_latest_outcome_markovian_validation.json""], ""claim_boundary"": ""signed result and cutoff reversal must be retained; FNN is not a decoder oracle"", ""comparator_id"": ""latest_outcome_mf_fnn"", ""compute_budget"": ""72,853 parameters / 72,266 dense MACs"", ""decision_target"": ""latest observed g/e/leakage token to bounded sBs residual"", ""deployability"": ""software_control_baseline"", ""eligible_lanes"": [""control_matched_model""], ""expected_fragment"": ""def run_benchmark"", ""family"": ""control_policy"", ""hidden_truth_access"": false, ""implementation_path"": ""cnn_fpga/benchmark/latest_outcome_markovian_baseline.py"", ""information_set"": [""latest outcome only""], ""label"": ""Exact-budget latest-outcome MF/FNN"", ""metric_scope"": ""paired fidelity/logical lifetime and memory contrast"", ""output_contract"": ""15-dimensional nominal-plus-bounded residual"", ""protocol_scope"": ""matched finite-cutoff sBs control model"", ""ranking_status"": ""main_candidate_when_budget_matched"", ""task_owner"": ""T3.2.7"", ""time_basis"": ""10-cycle matched-model horizon""}"
comparator,exponential_recurrence_controller,control_policy,main_candidate_when_same_trace,cnn_fpga/benchmark/exponential_recurrence_baseline.py,Handcrafted exponential recurrence,"{""artifact_paths"": [""docs/t3_2_10_exponential_recurrence_validation.json""], ""claim_boundary"": ""handcrafted recurrence is not the distilled student and high p(g) burden must remain visible"", ""comparator_id"": ""exponential_recurrence_controller"", ""compute_budget"": ""small analytic state/MAC budget"", ""decision_target"": ""causal event history to bounded sBs residual"", ""deployability"": ""deployable_control_candidate"", ""eligible_lanes"": [""control_matched_model""], ""expected_fragment"": ""def run_exponential_recurrence_baseline"", ""family"": ""control_policy"", ""hidden_truth_access"": false, ""implementation_path"": ""cnn_fpga/benchmark/exponential_recurrence_baseline.py"", ""information_set"": [""current event"", ""small exponential state""], ""label"": ""Handcrafted exponential recurrence"", ""metric_scope"": ""paired fidelity/logical lifetime, p(g) and resource profile"", ""output_contract"": ""15-dimensional bounded residual via explicit recurrence"", ""protocol_scope"": ""matched finite-cutoff sBs control model"", ""ranking_status"": ""main_candidate_when_same_trace"", ""task_owner"": ""T3.2.10"", ""time_basis"": ""registered finite horizon""}"
comparator,bounded_residual_rnn_teacher,controller_teacher,offline_reference_not_deployable,cnn_fpga/benchmark/bounded_residual_rnn_teacher.py,Bounded-residual RNN teacher,"{""artifact_paths"": [""docs/t4_4_1_bounded_residual_rnn_teacher_validation.json""], ""claim_boundary"": ""not global optimum, mechanism proof, long-horizon/OOD or deployed controller"", ""comparator_id"": ""bounded_residual_rnn_teacher"", ""compute_budget"": ""72,853-parameter GRU teacher"", ""decision_target"": ""causal history to bounded sBs residual"", ""deployability"": ""offline_teacher"", ""eligible_lanes"": [""control_matched_model""], ""expected_fragment"": ""def run_bounded_residual_teacher_training"", ""family"": ""controller_teacher"", ""hidden_truth_access"": false, ""implementation_path"": ""cnn_fpga/benchmark/bounded_residual_rnn_teacher.py"", ""information_set"": [""causal g/e history"", ""recurrent hidden state""], ""label"": ""Bounded-residual RNN teacher"", ""metric_scope"": ""paired fidelity/logical lifetime and burden"", ""output_contract"": ""15-dimensional nominal-plus-tanh-bounded residual"", ""protocol_scope"": ""matched two-level finite-cutoff sBs model"", ""ranking_status"": ""offline_reference_not_deployable"", ""task_owner"": ""T4.4.1"", ""time_basis"": ""trained/evaluated finite horizon""}"
comparator,distilled_low_dimensional_student,controller_student,qualified_main_candidate,cnn_fpga/benchmark/low_dimensional_student_distillation.py,Distilled low-dimensional student,"{""artifact_paths"": [""docs/t4_4_4_teacher_student_gain_retention.json"", ""docs/t4_4_5_teacher_student_branch_freeze.json""], ""claim_boundary"": ""qualified retention only; no universal NMF, OOD, leakage, RTL or board claim"", ""comparator_id"": ""distilled_low_dimensional_student"", ""compute_budget"": ""95 scalars / 87 analytic MACs"", ""decision_target"": ""causal event history to bounded sBs residual"", ""deployability"": ""deployable_candidate_before_quantized_hardware_gates"", ""eligible_lanes"": [""control_matched_model""], ""expected_fragment"": ""def run_low_dimensional_student_distillation"", ""family"": ""controller_student"", ""hidden_truth_access"": false, ""implementation_path"": ""cnn_fpga/benchmark/low_dimensional_student_distillation.py"", ""information_set"": [""current g/e/leakage event"", ""four-state recurrence""], ""label"": ""Distilled low-dimensional student"", ""metric_scope"": ""teacher gain retention, fidelity/lifetime/burden/cost"", ""output_contract"": ""15-dimensional bounded residual with fail-closed leakage action"", ""protocol_scope"": ""matched two-level finite-cutoff sBs model"", ""ranking_status"": ""qualified_main_candidate"", ""task_owner"": ""T4.4.3/T4.4.4/T4.4.5"", ""time_basis"": ""10-cycle matched-model horizon""}"
comparator,finite_horizon_control_oracle,control_bound,nondeployable_short_horizon_reference,cnn_fpga/benchmark/trajectory_lookup_control_oracle.py,Finite-horizon control oracle,"{""artifact_paths"": [""docs/t3_2_9_trajectory_lookup_control_oracle.json""], ""claim_boundary"": ""two-cycle reference only; not decoder oracle, global control optimum or ten-cycle bound"", ""comparator_id"": ""finite_horizon_control_oracle"", ""compute_budget"": ""exponential lookup / multistart offline optimization"", ""decision_target"": ""causal measurement-tree prefix to optimized sBs action"", ""deployability"": ""nondeployable"", ""eligible_lanes"": [""control_oracle_short_horizon""], ""expected_fragment"": ""def run_trajectory_lookup_control_oracle"", ""family"": ""control_bound"", ""hidden_truth_access"": false, ""implementation_path"": ""cnn_fpga/benchmark/trajectory_lookup_control_oracle.py"", ""information_set"": [""offline full model tree"", ""online realized prefix only""], ""label"": ""Finite-horizon control oracle"", ""metric_scope"": ""exact terminal fidelity/value"", ""output_contract"": ""history-indexed optimized 15-parameter action"", ""protocol_scope"": ""fixed ansatz and exact short control tree"", ""ranking_status"": ""nondeployable_short_horizon_reference"", ""task_owner"": ""T3.2.9"", ""time_basis"": ""two-cycle horizon only""}"
artifact,T3.1.1,provenance,PASS,docs/t3_1_1_standard_binning_validation.json,5911b302ec4bcb19264f8ee6e8301078ba5f104470c4f22d2e92be7a109c0bd2,
artifact,T3.1.2,provenance,PASS,docs/t3_1_2_static_map_validation.json,5c5135800d4fbbc36436979b86698e5378dee45d8dcbdc387076ebb164fa8585,
artifact,T3.1.3,provenance,PASS,docs/t3_1_3_oracle_validation.json,d539acf3beb2b06e4329a1140b9d80efec630905c7d50d9aa5055deb008324a9,
artifact,T3.1.5,provenance,PASS,docs/t3_1_5_topk_map_validation.json,aac5cb70cf63cb238b2abd8f75d52b96dcda72c86a4e0e899cb9e30e05aec2ec,
artifact,T3.2.10,provenance,PASS,docs/t3_2_10_exponential_recurrence_validation.json,120171277b57267cd68f492e5a804b5ce5b5c54aa3ee7bc8517ed2f3a52fb8d7,
artifact,T3.2.1,provenance,PASS,docs/t3_2_1_memory_bayesian_validation.json,cd4be868e90210180ad8790432b7da1f6b4463bb3f69f4c2c254c9e0dd8da9c9,
artifact,T3.2.2,provenance,PASS,docs/t3_2_2_continuous_adaptive_map_validation.json,d5899267c7479d333df6d05b2dd8d69e907d2884023d7900448f1baf626d9e13,
artifact,T3.2.3,provenance,PASS,docs/t3_2_3_sliding_window_validation.json,04c4f8f304542dca10fb4889c5571b2c9742767a19c6a6f362162cbb2bdd69fb,
artifact,T3.2.5,provenance,PASS,docs/t3_2_5_run_length_fsm_validation.json,15112a68970b184788a9a37002b1026a8268250767782b15fc0ee478cfbb8988,
artifact,T3.2.6,provenance,PASS,docs/t3_2_6_regime_hmm_validation.json,846885105ffdb3ea8499750da30d5966d8ebe31b33127bd120e0fe272e37cf61,
artifact,T3.2.7,provenance,PASS,docs/t3_2_7_latest_outcome_markovian_validation.json,3213b988cef743551a229cfeecfb4e588a959f12d32e4a8cf70d2361b152278d,
artifact,T3.2.8,provenance,PASS,docs/t3_2_8_autonomous_sbs_wallclock_validation.json,0e82244bec0e71b30ccc79a0e1a49e30f89cc7a94c63c0e4beeefbae31da6441,
artifact,T3.2.9,provenance,PASS,docs/t3_2_9_trajectory_lookup_control_oracle.json,604df4fb818a4ffd4c7c91d913742cee979f1021467f999af6a16c2a60734d7a,
artifact,T4.4.1,provenance,PASS,docs/t4_4_1_bounded_residual_rnn_teacher_validation.json,c71094493a63f7a3b1287d28c0a1b71d3ce7a03e16a281a27967a87a65669d53,
artifact,T4.4.4,provenance,PASS,docs/t4_4_4_teacher_student_gain_retention.json,5cd1478de22ecd998aaf678bc6f14873134e57bc8ae2fc4408df215544b86dfc,
artifact,T4.4.5,provenance,PASS,docs/t4_4_5_teacher_student_branch_freeze.json,15abd3e94c69e0fa85bc871ca9967eacbf3af8e948741f0b53986cbacd8ad612,
implementation,no_correction_idle_memory,provenance,LIVE,physics/autonomous_sbs.py,1f599cd47bdb15f539664b8bb975a3fa138f8ddbd8ff192299fa34314c813434,class IdleMemorySimulator
implementation,standard_binning,provenance,LIVE,cnn_fpga/benchmark/standard_binning_baseline.py,c79e52cd319a14f389cdd1e5baced884d786c4ec033b88d3cb5b1f4be2ec51db,STANDARD_BINNING_DESCRIPTOR =
implementation,standard_measurement_feedback_sbs,provenance,LIVE,physics/autonomous_sbs.py,1f599cd47bdb15f539664b8bb975a3fa138f8ddbd8ff192299fa34314c813434,class NonselectiveSBSSimulator
implementation,autonomous_sbs,provenance,LIVE,physics/autonomous_sbs.py,1f599cd47bdb15f539664b8bb975a3fa138f8ddbd8ff192299fa34314c813434,AUTONOMOUS_TIMING =
implementation,static_periodic_map,provenance,LIVE,cnn_fpga/benchmark/static_map_baseline.py,6bb4c1705907476adbbe8487111b5f5123e6d984e9c0ec6620609ad335d7d3af,def build_static_map_validation
implementation,topk_periodic_map,provenance,LIVE,cnn_fpga/benchmark/topk_lattice_coset_map.py,448dc05ad4c86b9b74d2b37a8e077546d09a676f4f4aeca665a8035e4ff17ead,def build_topk_validation
implementation,decoder_oracle_map,provenance,LIVE,cnn_fpga/benchmark/oracle_baseline.py,72f40b4fe9d1cbea6a33ab55c75b24f240e071611e8a98feef0a7058b0ca2f19,def build_oracle_validation
implementation,finite_energy_static_shrinkage,provenance,LIVE,physics/finite_energy_trends.py,b3943ba9308cf2a7c329d5191c84c9a8852c6a0116ce60105d24a42c35f350fd,def run_finite_energy_shrinkage_trend
implementation,memory_bayesian,provenance,LIVE,cnn_fpga/benchmark/memory_assisted_bayesian_decoder.py,3078fb39e219a8e77de12c0e6da49fda30ece2131a33768a63b6d0ca2fa18279,def build_memory_bayesian_validation
implementation,ewma_adaptive_map,provenance,LIVE,cnn_fpga/benchmark/continuous_adaptive_map.py,979e71606b7928689de5726cbba69535d8d89527582e2883f23b480706f244ef,def build_continuous_adaptive_validation
implementation,kalman_adaptive_map,provenance,LIVE,cnn_fpga/benchmark/continuous_adaptive_map.py,979e71606b7928689de5726cbba69535d8d89527582e2883f23b480706f244ef,def build_continuous_adaptive_validation
implementation,sliding_window_map,provenance,LIVE,cnn_fpga/benchmark/sliding_window_syndrome_estimator.py,3a172d3f909b5cd347ba9f17ff89bfb1a16934887cd5e596dbb54e381de436a7,def build_sliding_window_validation
implementation,run_length_event_controller,provenance,LIVE,cnn_fpga/benchmark/run_length_fsm_baseline.py,643b9f70df14ba3ac1132b68a12b068da0f4105fa4594931caec52c277513ba8,def build_run_length_validation
implementation,regime_hmm_estimator,provenance,LIVE,cnn_fpga/benchmark/regime_hmm_baseline.py,29702d8e641a46c22a6bccf12f37ac5c1984c1be6eee8ac84cb8d6b3146bbbdc,def build_regime_hmm_validation
implementation,latest_outcome_mf_fnn,provenance,LIVE,cnn_fpga/benchmark/latest_outcome_markovian_baseline.py,799378876d5d4d35945a682f4bde905455f0fd044a0dee00e68825a513124492,def run_benchmark
implementation,exponential_recurrence_controller,provenance,LIVE,cnn_fpga/benchmark/exponential_recurrence_baseline.py,c652145865938b797e00f6847d1e2b544a80f5822d0d753d9e48d5ce207fe8b2,def run_exponential_recurrence_baseline
implementation,bounded_residual_rnn_teacher,provenance,LIVE,cnn_fpga/benchmark/bounded_residual_rnn_teacher.py,948f411bc80148c97db994a1da26a4281b2ec34bc252a3e064647f1c81e27243,def run_bounded_residual_teacher_training
implementation,distilled_low_dimensional_student,provenance,LIVE,cnn_fpga/benchmark/low_dimensional_student_distillation.py,6f72ac2b1ec68013e06e6a9960f3a6ccee13c71e584a68362588430f0dde65de,def run_low_dimensional_student_distillation
implementation,finite_horizon_control_oracle,provenance,LIVE,cnn_fpga/benchmark/trajectory_lookup_control_oracle.py,fd6fed6e69bd66d1dc2543ba2fc54cc23208e7b61f63710ac5d7edf6131a8924,def run_trajectory_lookup_control_oracle
lane_member,standard_binning,decoder_current_syndrome,REGISTERED,,paired logical decision error on identical syndrome traces,top-K is an implementation sensitivity; decoder oracle is a nondeployable reference
lane_member,static_periodic_map,decoder_current_syndrome,REGISTERED,,paired logical decision error on identical syndrome traces,top-K is an implementation sensitivity; decoder oracle is a nondeployable reference
lane_member,topk_periodic_map,decoder_current_syndrome,REGISTERED,,paired logical decision error on identical syndrome traces,top-K is an implementation sensitivity; decoder oracle is a nondeployable reference
lane_member,decoder_oracle_map,decoder_current_syndrome,REGISTERED,,paired logical decision error on identical syndrome traces,top-K is an implementation sensitivity; decoder oracle is a nondeployable reference
lane_member,standard_binning,decoder_continuous_drift,REGISTERED,,paired LER/proper score with training-only calibration and one-window delay,T5.1.2 must rebuild a shared scenario adapter; old task-local numbers are not pooled
lane_member,static_periodic_map,decoder_continuous_drift,REGISTERED,,paired LER/proper score with training-only calibration and one-window delay,T5.1.2 must rebuild a shared scenario adapter; old task-local numbers are not pooled
lane_member,ewma_adaptive_map,decoder_continuous_drift,REGISTERED,,paired LER/proper score with training-only calibration and one-window delay,T5.1.2 must rebuild a shared scenario adapter; old task-local numbers are not pooled
lane_member,kalman_adaptive_map,decoder_continuous_drift,REGISTERED,,paired LER/proper score with training-only calibration and one-window delay,T5.1.2 must rebuild a shared scenario adapter; old task-local numbers are not pooled
lane_member,sliding_window_map,decoder_continuous_drift,REGISTERED,,paired LER/proper score with training-only calibration and one-window delay,T5.1.2 must rebuild a shared scenario adapter; old task-local numbers are not pooled
lane_member,decoder_oracle_map,decoder_continuous_drift,REGISTERED,,paired LER/proper score with training-only calibration and one-window delay,T5.1.2 must rebuild a shared scenario adapter; old task-local numbers are not pooled
lane_member,standard_binning,decoder_episode_memory,REGISTERED,,paired episode logical error under the registered history budget,episode and continuous-drift results remain separate
lane_member,static_periodic_map,decoder_episode_memory,REGISTERED,,paired episode logical error under the registered history budget,episode and continuous-drift results remain separate
lane_member,memory_bayesian,decoder_episode_memory,REGISTERED,,paired episode logical error under the registered history budget,episode and continuous-drift results remain separate
lane_member,decoder_oracle_map,decoder_episode_memory,REGISTERED,,paired episode logical error under the registered history budget,episode and continuous-drift results remain separate
lane_member,standard_binning,finite_energy_effective,REGISTERED,,paired residual MSE and cell-parity error on held-out samples,effective-model result is not full finite-Fock recovery or channel optimum
lane_member,finite_energy_static_shrinkage,finite_energy_effective,REGISTERED,,paired residual MSE and cell-parity error on held-out samples,effective-model result is not full finite-Fock recovery or channel optimum
lane_member,no_correction_idle_memory,protocol_wallclock,REGISTERED,,fidelity/code survival/logical-Z lifetime plus protocol-native event counts,per-cycle and wall-clock results must both be shown; no desired ordering is required
lane_member,standard_measurement_feedback_sbs,protocol_wallclock,REGISTERED,,fidelity/code survival/logical-Z lifetime plus protocol-native event counts,per-cycle and wall-clock results must both be shown; no desired ordering is required
lane_member,autonomous_sbs,protocol_wallclock,REGISTERED,,fidelity/code survival/logical-Z lifetime plus protocol-native event counts,per-cycle and wall-clock results must both be shown; no desired ordering is required
lane_member,standard_measurement_feedback_sbs,control_matched_model,REGISTERED,,same-model paired lifetime/fidelity/burden/cost with frozen seeds and horizon,exact budget and cutoff must be matched; universal NMF-over-MF is prohibited
lane_member,latest_outcome_mf_fnn,control_matched_model,REGISTERED,,same-model paired lifetime/fidelity/burden/cost with frozen seeds and horizon,exact budget and cutoff must be matched; universal NMF-over-MF is prohibited
lane_member,exponential_recurrence_controller,control_matched_model,REGISTERED,,same-model paired lifetime/fidelity/burden/cost with frozen seeds and horizon,exact budget and cutoff must be matched; universal NMF-over-MF is prohibited
lane_member,bounded_residual_rnn_teacher,control_matched_model,REGISTERED,,same-model paired lifetime/fidelity/burden/cost with frozen seeds and horizon,exact budget and cutoff must be matched; universal NMF-over-MF is prohibited
lane_member,distilled_low_dimensional_student,control_matched_model,REGISTERED,,same-model paired lifetime/fidelity/burden/cost with frozen seeds and horizon,exact budget and cutoff must be matched; universal NMF-over-MF is prohibited
lane_member,run_length_event_controller,event_and_regime_components,REGISTERED,,"component detection/calibration/cost metrics, not logical-policy ranking",component rows cannot be inserted into the main LER leaderboard without an explicit adapter
lane_member,regime_hmm_estimator,event_and_regime_components,REGISTERED,,"component detection/calibration/cost metrics, not logical-policy ranking",component rows cannot be inserted into the main LER leaderboard without an explicit adapter
lane_member,standard_measurement_feedback_sbs,control_oracle_short_horizon,REGISTERED,,exact short-horizon terminal objective on identical branches,the two-cycle oracle cannot be extrapolated into the ten-cycle controller table
lane_member,finite_horizon_control_oracle,control_oracle_short_horizon,REGISTERED,,exact short-horizon terminal objective on identical branches,the two-cycle oracle cannot be extrapolated into the ten-cycle controller table
exclusion,secondary_knill_qunaught,secondary,REFERENCE_ONLY_NOT_MAIN_RANKING,docs/t5_0_1_literature_trend_reproduction.json,different protocol/resources and no approved common sBs execution lane,
exclusion,secondary_psteane,secondary,ANALYTIC_PASS_NOT_MAIN_RANKING,docs/t5_0_2_independent_cross_fidelity_holdout.json,"small-noise analytic preprocessing result, not sBs controller or physical squeezing implementation",
probe,no_correction_probe,runtime_probe,PASS,,"{""all_control_and_ancilla_event_counts_are_zero"": true, ""density_is_trace_hermitian_psd"": true, ""idle_channel_obeys_time_semigroup"": true, ""not_a_renamed_standard_sbs_curve"": true, ""same_wallclock_grid_as_standard_sbs"": true}","{""event_accounting"": {""active_gate_applications"": 0, ""active_gates_per_100us"": 0.0, ""cycles_per_100us"": 10.0, ""frame_updates"": 0, ""full_cycles"": 3, ""measurement_events"": 0, ""measurements_per_100us"": 0.0, ""outcome_dependent_parameter_updates"": 0, ""reset_events"": 0, ""resets_per_100us"": 0.0, ""total_physical_time_us"": 30.0}, ""fidelity"": [1.0, 0.9526016523105998, 0.9111297285996744, 0.874737033942017], ""gates"": {""all_control_and_ancilla_event_counts_are_zero"": true, ""density_is_trace_hermitian_psd"": true, ""idle_channel_obeys_time_semigroup"": true, ""not_a_renamed_standard_sbs_curve"": true, ""same_wallclock_grid_as_standard_sbs"": true}, ""logical_z_signal"": [0.9995000866499826, 0.951120503496645, 0.9064916938885832, 0.8656044560183825], ""maximum_hermiticity_error"": 0.0, ""maximum_trace_error"": 0.0, ""minimum_final_eigenvalue"": -4.865456014908258e-18, ""standard_sbs_density_max_difference"": 0.3429272722854374, ""ten_us_vs_two_five_us_semigroup_error"": 1.1102230246251565e-16, ""time_us"": [0.0, 10.0, 20.0, 30.0]}"
probe,finite_energy_static_probe,runtime_probe,PASS,,"{""all_shrinkage_mse_not_worse"": true, ""fitted_gain_moves_toward_one"": true, ""five_point_sweep"": true, ""logical_advantage_shrinks"": true, ""mse_advantage_shrinks"": true, ""train_eval_are_disjoint_by_protocol"": true}","{""eval_samples"": 300000, ""gates"": {""all_shrinkage_mse_not_worse"": true, ""fitted_gain_moves_toward_one"": true, ""five_point_sweep"": true, ""logical_advantage_shrinks"": true, ""mse_advantage_shrinks"": true, ""train_eval_are_disjoint_by_protocol"": true}, ""points"": [{""delta"": 0.6, ""fitted_gain"": 0.1753323392205639, ""gain_ci_low"": 0.07121072189319466, ""shrinkage_logical_error"": 0.008023333333333334, ""standard_logical_error"": 0.08017}, {""delta"": 0.5, ""fitted_gain"": 0.26416421309475563, ""gain_ci_low"": 0.046409227988133454, ""shrinkage_logical_error"": 0.01133, ""standard_logical_error"": 0.05850333333333333}, {""delta"": 0.4, ""fitted_gain"": 0.3880628967686191, ""gain_ci_low"": 0.018720801747494936, ""shrinkage_logical_error"": 0.017643333333333334, ""standard_logical_error"": 0.03685666666666667}, {""delta"": 0.3, ""fitted_gain"": 0.5519184579037921, ""gain_ci_low"": 0.0017953323562249872, ""shrinkage_logical_error"": 0.018676666666666668, ""standard_logical_error"": 0.02063}, {""delta"": 0.22, ""fitted_gain"": 0.6933279912905911, ""gain_ci_low"": 2.0577866075003536e-06, ""shrinkage_logical_error"": 0.012403333333333334, ""standard_logical_error"": 0.01242}], ""scope"": ""syndrome_level_effective_model"", ""train_samples"": 120000}"
gate,required_comparator_set_is_exact_and_unique,acceptance,PASS,,True,
gate,all_implementation_anchors_are_live,acceptance,PASS,,True,
gate,all_parent_artifacts_pass,acceptance,PASS,,True,
gate,all_rows_define_information_protocol_metric_time_compute_and_claim_scope,acceptance,PASS,,True,
gate,only_decoder_oracle_reads_hidden_truth_online,acceptance,PASS,,True,
gate,hidden_truth_oracles_are_nondeployable,acceptance,PASS,,True,
gate,no_correction_is_executable_zero_action_and_not_standard_sbs_alias,acceptance,PASS,,True,
gate,finite_energy_static_is_executed_not_narrative_only,acceptance,PASS,,True,
gate,lane_membership_is_reciprocal_and_no_global_leaderboard_exists,acceptance,PASS,,True,
gate,run_length_and_hmm_remain_component_only,acceptance,PASS,,True,
gate,control_oracle_is_short_horizon_nondeployable_only,acceptance,PASS,,True,
gate,student_claim_remains_qualified_not_hardware,acceptance,PASS,,True,
gate,knill_and_psteane_are_explicitly_excluded_from_main_ranking,acceptance,PASS,,True,
gate,t5_1_2_matrix_is_preregistered_not_falsely_executed,acceptance,PASS,,True,
