category,task_id,contract_id,status,implementation_sha256,parent_task,path,sha256,all_gates_passed,stored_implementation_sha256,live_implementation_sha256,implementation_hash_matches,row_id,cutoff,projector_delta,noise_profile,cavity_lifetime_us,ancilla_t1_us_comparison_only,ancilla_t2_us_comparison_only,channel_duration_us,pure_loss_transmissivity,pre_recovery_noise_channel,ancilla_noise_in_bound,arbitrary_terminal_recovery_allowed,physical_dimension,logical_dimension,kraus_count,mean_code_photon_number,encoding_orthonormality_residual,encoded_channel_tp_residual,petz_petz_fidelity,petz_petz_infidelity,petz_theorem_optimal_lower,petz_theorem_optimal_upper,petz_qec_matrix_minimum_eigenvalue,petz_qec_matrix_rank,petz_qec_matrix_dimension,petz_qec_matrix_trace_residual,petz_qec_matrix_hermiticity_residual,petz_partial_trace_root_frobenius_norm,petz_qec_vs_direct_petz_residual,petz_recovery_direct_petz_fidelity,petz_recovery_noise_output_support_rank,petz_recovery_noise_output_dimension,petz_recovery_noise_output_minimum_eigenvalue,petz_recovery_petz_support_tp_residual,petz_recovery_encoded_output_outside_support_residual,petz_recovery_support_completion_required,petz_recovery_support_completion_fidelity_contribution,sdp_solver,sdp_primal_status,sdp_dual_status,sdp_primal_raw_objective,sdp_dual_raw_objective,sdp_raw_primal_minimum_eigenvalue,sdp_raw_primal_tp_residual,sdp_repaired_primal_minimum_eigenvalue,sdp_repaired_primal_tp_residual,sdp_repaired_primal_fidelity_lower,sdp_raw_dual_minimum_slack_eigenvalue,sdp_dual_identity_shift,sdp_repaired_dual_minimum_slack_eigenvalue,sdp_repaired_dual_fidelity_upper,sdp_repaired_certificate_width,sdp_raw_solver_duality_gap,sdp_primal_solve_time_seconds,sdp_dual_solve_time_seconds,sdp_primal_iterations,sdp_dual_iterations,sdp_solver_tolerance,sdp_certificate_margin,sdp_intersection_certified_lower,sdp_intersection_certified_upper,sdp_intersection_width,scan,lower_cutoff,higher_cutoff,terminal_pair,petz_fidelity_difference,absolute_petz_fidelity_difference,mean_photon_number_difference,infinite_cutoff_convergence_claimed,parent_lane_id,cycle_index,elapsed_time_us,actual_sbs_cptni_entanglement_fidelity,actual_sbs_mean_code_survival,actual_sbs_mean_code_leakage,maximally_mixed_leakage_completion_contribution,actual_sbs_completed_entanglement_fidelity,completion_rule,petz_bound_lower,petz_theorem_upper,comparison_bound_lower,comparison_bound_upper,comparison_bound_interval_source,bound_minus_actual_sbs_gap_lower,bound_minus_actual_sbs_gap_upper,comparison_status,schedule_mismatch,certified_ordering_claimed,deployable_decoder_gap_claimed,controller_role,source_task,source_horizon_cycles,source_metric,bound_horizon_cycles,bound_metric,recovery_bound_gap,reason,heterogeneous_metric_subtraction_performed,gate,passed
contract,T5.3.5,T535-QEC-MATRIX-PETZ-SDP-RECOVERY-BOUND-V1,PASS,799c400abb438b43317e2d5ed0778c0f4aa7a20ae0a8de041816180082b6f068,,,,,,,,,,,,,,,,,,,,,,,,,,,,,,,,,,,,,,,,,,,,,,,,,,,,,,,,,,,,,,,,,,,,,,,,,,,,,,,,,,,,,,,,,,,,,,,,,,,,,,,,,,,,
parent,T5.3.1,,PASS,,T5.3.1,docs/t5_3_1_logical_channel_reconstruction.json,715362ba2daa017ea32f08a9366aea9be1746150c4fe56f1908baee97eda3900,True,a5089e31f8476a7d43d3b4fab57f281c1bf9539dbae89c232cc5e86c1e0caf2f,a5089e31f8476a7d43d3b4fab57f281c1bf9539dbae89c232cc5e86c1e0caf2f,True,,,,,,,,,,,,,,,,,,,,,,,,,,,,,,,,,,,,,,,,,,,,,,,,,,,,,,,,,,,,,,,,,,,,,,,,,,,,,,,,,,,,,,,,,,,,,,,,,,,,,
parent,T5.3.2,,PASS,,T5.3.2,docs/t5_3_2_logical_channel_fidelity.json,a4fce032ef83a6ff27a3d0ef4ff87dece3a0b5ce35ffe8ec141f299fc232265f,True,4a8216e01afe3a4adfb87b4719f3640a2842a50fcbb0d64f27a256e16aaec329,4a8216e01afe3a4adfb87b4719f3640a2842a50fcbb0d64f27a256e16aaec329,True,,,,,,,,,,,,,,,,,,,,,,,,,,,,,,,,,,,,,,,,,,,,,,,,,,,,,,,,,,,,,,,,,,,,,,,,,,,,,,,,,,,,,,,,,,,,,,,,,,,,,
parent,T4.4.4,,PASS,,T4.4.4,docs/t4_4_4_teacher_student_gain_retention.json,5cd1478de22ecd998aaf678bc6f14873134e57bc8ae2fc4408df215544b86dfc,True,01556d7696013aa8863271d3af600239f915568fbdc126e5476586e0bdf9e165,01556d7696013aa8863271d3af600239f915568fbdc126e5476586e0bdf9e165,True,,,,,,,,,,,,,,,,,,,,,,,,,,,,,,,,,,,,,,,,,,,,,,,,,,,,,,,,,,,,,,,,,,,,,,,,,,,,,,,,,,,,,,,,,,,,,,,,,,,,,
small_sdp_validation,,,,,,,,,,,,cutoff4:delta0.34:high,4,0.34,high,245.0,50.0,60.0,10.0,0.9600054412854777,exact_finite_cutoff_cavity_pure_loss,False,True,4,2,4,1.0,2.5387598539101974e-16,3.4262051242465386e-16,0.978820777920557,0.021179222079443005,0.978820777920557,0.9894103889602786,-1.5922610045781063e-16,3,8,0.0,0.0,1.9787074345850697,1.5206946812895694e-10,0.9788207777684875,3,4,2.7939170006946283e-17,1.1808736960983536e-15,8.975332720125512e-16,True,0.0,CLARABEL,optimal,optimal,0.9796028290652773,0.9796028291869123,2.2219275432252502e-10,1.8038988979531736e-15,2.2219318167027645e-10,9.379991094374834e-16,0.9796028290652772,-2.1362575944317008e-10,3.136257594431701e-10,9.99999215378633e-11,0.9796028304414154,1.3761382033905534e-09,1.2163503537721e-10,0.0069113,0.0041139,7,9,1e-09,1e-10,0.9796028290652772,0.9796028304414154,1.3761382033905534e-09,,,,,,,,,,,,,,,,,,,,,,,,,,,,,,,,,,,,,,,
small_sdp_validation,,,,,,,,,,,,cutoff4:delta0.34:medium,4,0.34,medium,490.0,100.0,120.0,10.0,0.9797986738537043,exact_finite_cutoff_cavity_pure_loss,False,True,4,2,4,1.0,2.5387598539101974e-16,3.1935027295049514e-16,0.9895954416460139,0.010404558353986126,0.9895954416460139,0.994797720823007,-3.612877268486843e-17,3,8,0.0,0.0,1.9895682362221345,7.352496389501084e-11,0.9895954415724889,3,4,9.483857333491977e-18,2.5535685492624084e-15,9.632742291962775e-16,True,0.0,CLARABEL,optimal,optimal,0.9897973131376877,0.9897973130921929,2.3177903956838193e-10,7.529898907871222e-16,2.317795219785637e-10,1.280175392628315e-15,0.989797313137687,-2.104074293268754e-10,3.104074293268754e-10,9.99998851086703e-11,0.9897973143338226,1.1961355239620275e-09,-4.549483012539213e-11,0.0038647,0.0053223,7,12,1e-09,1e-10,0.989797313137687,0.9897973143338226,1.1961355239620275e-09,,,,,,,,,,,,,,,,,,,,,,,,,,,,,,,,,,,,,,,
small_sdp_validation,,,,,,,,,,,,cutoff4:delta0.34:low,4,0.34,low,610.0,280.0,238.0,10.0,0.9837401985812029,exact_finite_cutoff_cavity_pure_loss,False,True,4,2,4,1.0,2.5387598539101974e-16,2.4806838982488565e-16,0.9916729361043353,0.008327063895664732,0.9916729361043353,0.9958364680521676,-1.1269669446280134e-16,3,8,2.220446049250313e-16,0.0,1.9916555285534046,1.4487033794807758e-10,0.9916729359594649,3,4,3.3666383279806235e-17,1.8960097344074486e-15,6.349890171528174e-16,True,0.0,CLARABEL,optimal,optimal,0.9918040036422398,0.9918040037849889,2.1325396138349186e-10,9.42055475210265e-16,2.1325378660622303e-10,9.438850122649835e-16,0.9918040036422395,-1.085487550539499e-10,2.0854875505394991e-10,9.999983653641298e-11,0.9918040046191838,9.769443032325853e-10,1.4274914583722875e-10,0.0034633,0.0051605,7,12,1e-09,1e-10,0.9918040036422395,0.9918040046191838,9.769443032325853e-10,,,,,,,,,,,,,,,,,,,,,,,,,,,,,,,,,,,,,,,
small_sdp_validation,,,,,,,,,,,,cutoff6:delta0.34:high,6,0.34,high,245.0,50.0,60.0,10.0,0.9600054412854777,exact_finite_cutoff_cavity_pure_loss,False,True,6,2,6,1.5497216637945637,1.3543459022208293e-16,2.671637951377355e-16,0.9945740470496159,0.005425952950384061,0.9945740470496159,0.9972870235248079,-1.3069035160654592e-16,5,12,0.0,0.0,1.9945666667721247,4.687361609967411e-13,0.9945740470491472,5,6,0.0,5.882849171667194e-14,2.225330774683331e-16,True,0.0,CLARABEL,optimal,optimal,0.9963625190631782,0.9963625196887014,4.694545232969406e-10,2.9373740229761033e-16,4.694544642420561e-10,1.729084147530555e-15,0.9963625190631791,-2.0244466779467064e-10,3.0244466779467063e-10,1.0000000414853087e-10,0.9963625215033695,2.4401903830906235e-09,6.255231888019352e-10,0.0205812,0.0335419,8,10,1e-09,1e-10,0.9963625190631791,0.9963625215033695,2.4401903830906235e-09,,,,,,,,,,,,,,,,,,,,,,,,,,,,,,,,,,,,,,,
small_sdp_validation,,,,,,,,,,,,cutoff6:delta0.34:medium,6,0.34,medium,490.0,100.0,120.0,10.0,0.9797986738537043,exact_finite_cutoff_cavity_pure_loss,False,True,6,2,6,1.5497216637945637,1.3543459022208293e-16,2.620985674320688e-16,0.9982619384332108,0.0017380615667892396,0.9982619384332108,0.9991309692166054,-5.225190524465533e-18,5,12,0.0,0.0,1.9982611825616898,4.2966741276018183e-11,0.998261938390244,5,6,0.0,5.758282021510021e-14,3.4714559131263357e-16,True,0.0,CLARABEL,optimal_inaccurate,optimal,0.9987323875313916,0.9987323918474018,1.2878197502455814e-09,3.510833468576701e-16,1.2878198590868943e-09,1.7576788597676895e-15,0.998732387531392,-8.398770223212316e-11,1.8398770223212315e-10,9.999999091173665e-11,0.9987323929513281,5.4199360555173826e-09,4.3160102158879e-09,0.0229458,0.0337459,9,10,1e-09,1e-10,0.998732387531392,0.9987323929513281,5.4199360555173826e-09,,,,,,,,,,,,,,,,,,,,,,,,,,,,,,,,,,,,,,,
small_sdp_validation,,,,,,,,,,,,cutoff6:delta0.34:low,6,0.34,low,610.0,280.0,238.0,10.0,0.9837401985812029,exact_finite_cutoff_cavity_pure_loss,False,True,6,2,6,1.5497216637945637,1.3543459022208293e-16,1.8497484285466582e-16,0.9987654655082049,0.001234534491795114,0.9987654655082049,0.9993827327541025,-4.780785682441995e-18,5,12,0.0,0.0,1.99876508425398,4.408096110353199e-11,0.9987654654641239,5,6,0.0,1.7133710443777192e-12,9.166022434203026e-16,True,0.0,CLARABEL,optimal_inaccurate,optimal,0.9990720360863009,0.9990720415536871,1.6149479428809388e-09,1.5700924586837752e-16,1.6149481362370943e-09,3.548683788597648e-15,0.999072036086303,-2.4914273622609153e-10,3.4914273622609154e-10,1.0000002745289037e-10,0.9990720436485434,7.562240389447084e-09,5.4673862104337445e-09,0.0227357,0.0339292,9,10,1e-09,1e-10,0.999072036086303,0.9990720436485434,7.562240389447084e-09,,,,,,,,,,,,,,,,,,,,,,,,,,,,,,,,,,,,,,,
small_sdp_validation,,,,,,,,,,,,cutoff8:delta0.34:high,8,0.34,high,245.0,50.0,60.0,10.0,0.9600054412854777,exact_finite_cutoff_cavity_pure_loss,False,True,8,2,8,1.9202973596935904,5.114606249859433e-16,4.826617796572373e-16,0.9934410818268155,0.006558918173184547,0.9934410818268155,0.9967205409134077,-2.02168976959913e-17,7,16,0.0,0.0,1.9934302915595674,8.785194793858864e-13,0.9934410818259369,7,8,-1.5392158509455325e-21,3.682659911956635e-13,9.389782694423113e-16,True,0.0,CLARABEL,optimal,optimal_inaccurate,0.9944926486555086,0.9944926470013973,-3.0043099342302137e-10,1.9166542432645026e-10,-2.020127014918404e-16,4.5133889572254444e-15,0.9944926485350991,-3.6732377836664266e-10,4.673237783666426e-10,1.0000000531176826e-10,0.9944926507399874,2.204888271961636e-09,-1.654111292381799e-09,0.1037377,0.0945825,10,12,1e-09,1e-10,0.9944926485350991,0.9944926507399874,2.204888271961636e-09,,,,,,,,,,,,,,,,,,,,,,,,,,,,,,,,,,,,,,,
small_sdp_validation,,,,,,,,,,,,cutoff8:delta0.34:medium,8,0.34,medium,490.0,100.0,120.0,10.0,0.9797986738537043,exact_finite_cutoff_cavity_pure_loss,False,True,8,2,8,1.9202973596935904,5.114606249859433e-16,5.512537652387127e-16,0.9974070723309478,0.0025929276690521696,0.9974070723309478,0.9987035361654739,-1.2652724485774655e-17,7,16,0.0,0.0,1.9974053893298154,2.8699265186560297e-13,0.9974070723306608,7,8,-1.0641490139438194e-23,5.095776543000949e-12,4.987444956510016e-16,True,0.0,CLARABEL,optimal_inaccurate,optimal,0.9976787241418169,0.9976787401007545,3.0058836494766274e-09,3.8459253727671276e-16,3.0058835876719192e-09,3.3206716393203873e-15,0.9976787241418168,-5.155071056868013e-11,1.5155071056868012e-10,9.999999372259698e-11,0.9976787413131603,1.7171343458244337e-08,1.5958937615856428e-08,0.1152219,0.1023441,11,13,1e-09,1e-10,0.9976787241418168,0.9976787413131603,1.7171343458244337e-08,,,,,,,,,,,,,,,,,,,,,,,,,,,,,,,,,,,,,,,
small_sdp_validation,,,,,,,,,,,,cutoff8:delta0.34:low,8,0.34,low,610.0,280.0,238.0,10.0,0.9837401985812029,exact_finite_cutoff_cavity_pure_loss,False,True,8,2,8,1.9202973596935904,5.114606249859433e-16,4.854301960043707e-16,0.9980280325864528,0.0019719674135472154,0.9980280325864528,0.9990140162932264,-7.46850353463316e-18,7,16,2.220446049250313e-16,0.0,1.998027059462862,5.906386491005833e-14,0.9980280325863937,7,8,1.0332667555440158e-23,7.329618600356525e-12,4.569515716722833e-16,True,0.0,CLARABEL,optimal,optimal,0.9982045445706138,0.9982045448609886,2.577369368499575e-10,2.220446049250313e-16,2.5773687383238764e-10,3.184216457338404e-15,0.9982045445706147,-1.8537157303960326e-10,2.8537157303960325e-10,9.999999541869242e-11,0.9982045471439613,2.5733466468835786e-09,2.9037483528782104e-10,0.1130211,0.096875,10,12,1e-09,1e-10,0.9982045445706147,0.9982045471439613,2.5733466468835786e-09,,,,,,,,,,,,,,,,,,,,,,,,,,,,,,,,,,,,,,,
small_sdp_validation,,,,,,,,,,,,cutoff10:delta0.34:high,10,0.34,high,245.0,50.0,60.0,10.0,0.9600054412854777,exact_finite_cutoff_cavity_pure_loss,False,True,10,2,10,2.958020347794511,3.9852827187912525e-16,2.4680746884768457e-16,0.9992968250517255,0.0007031749482745431,0.9992968250517255,0.9996484125258627,-3.0293019111964027e-21,9,20,2.220446049250313e-16,0.0,1.9992967013944933,8.623102232263591e-12,0.9992968250431024,9,10,0.0,8.57210062887127e-12,8.864963573551292e-16,True,0.0,CLARABEL,optimal,optimal,0.9994095151504343,0.999409517615973,3.8150121219741966e-10,1.1102230246251565e-16,3.8150146936822634e-10,5.1973621303941876e-15,0.9994095151504359,-1.7918312155802014e-11,1.1791831215580203e-10,9.999997040597523e-11,0.999409518795156,3.6447201923195394e-09,2.4655386621219577e-09,0.2097532,0.2179364,10,12,1e-09,1e-10,0.9994095151504359,0.999409518795156,3.6447201923195394e-09,,,,,,,,,,,,,,,,,,,,,,,,,,,,,,,,,,,,,,,
small_sdp_validation,,,,,,,,,,,,cutoff10:delta0.34:medium,10,0.34,medium,490.0,100.0,120.0,10.0,0.9797986738537043,exact_finite_cutoff_cavity_pure_loss,False,True,10,2,10,2.958020347794511,3.9852827187912525e-16,3.299717045795775e-16,0.9998028473225175,0.00019715267748254828,0.9998028473225175,0.9999014236612587,-1.0767190767512752e-19,9,20,2.220446049250313e-16,0.0,1.999802837604265,4.884981308350689e-14,0.9998028473225663,9,10,0.0,2.97691649589581e-10,6.3140123986854e-16,True,0.0,CLARABEL,optimal,optimal_inaccurate,0.9998244565199486,0.9998244464433638,1.1500387182212598e-10,2.455962648920589e-12,1.1500374984555943e-10,4.447810599384995e-15,0.999824456520067,-1.5681440578157653e-09,1.6681440578157654e-09,1.0000000249321932e-10,0.9998244631248043,6.604737312621012e-09,-1.007658478879847e-08,0.2325131,0.2179215,11,12,1e-09,1e-10,0.999824456520067,0.9998244631248043,6.604737312621012e-09,,,,,,,,,,,,,,,,,,,,,,,,,,,,,,,,,,,,,,,
small_sdp_validation,,,,,,,,,,,,cutoff10:delta0.34:low,10,0.34,low,610.0,280.0,238.0,10.0,0.9837401985812029,exact_finite_cutoff_cavity_pure_loss,False,True,10,2,10,2.958020347794511,3.9852827187912525e-16,4.4493286561056995e-16,0.9998619948178389,0.00013800518216111612,0.9998619948178389,0.9999309974089194,-1.7837340949087546e-17,9,20,4.440892098500626e-16,0.0,1.9998619900561527,5.295763827461997e-14,0.9998619948178918,9,10,0.0,2.577589878189916e-10,9.767369695132798e-16,True,0.0,CLARABEL,optimal_inaccurate,optimal_inaccurate,0.9998752774908379,0.9998752572038878,8.388522005818758e-10,3.1553157531637383e-13,8.388522638849407e-10,4.3585406193002014e-15,0.999875277490831,-3.377268574012879e-09,3.477268574012879e-09,1.0000000111473355e-10,0.9998752919765737,1.4485742605430119e-08,-2.0286950119796643e-08,0.2462905,0.2130034,12,12,1e-09,1e-10,0.999875277490831,0.9998752919765737,1.4485742605430119e-08,,,,,,,,,,,,,,,,,,,,,,,,,,,,,,,,,,,,,,,
small_sdp_validation,,,,,,,,,,,,cutoff12:delta0.34:high,12,0.34,high,245.0,50.0,60.0,10.0,0.9600054412854777,exact_finite_cutoff_cavity_pure_loss,False,True,12,2,12,2.9689120093867554,3.8242419657874994e-16,2.8605768470189975e-16,0.9993179908976132,0.0006820091023868047,0.9993179908976132,0.9996589954488067,-5.384111030431074e-18,11,24,2.220446049250313e-16,0.0,1.999317874573839,2.0017321133991572e-13,0.999317990897413,11,12,8.786111537819218e-29,5.979816531921328e-10,6.271509173762232e-16,True,0.0,CLARABEL,optimal_inaccurate,optimal_inaccurate,0.9994334871960454,0.9994334934052906,1.9127975277700044e-09,5.438959822042073e-16,1.9127975270357877e-09,4.125000103477374e-15,0.9994334871960451,-1.1750512890726117e-08,1.1850512890726116e-08,1.0000003345450176e-10,0.9994336356114453,1.4841540019183697e-07,6.209245229094051e-09,0.6056432,0.6735674,12,14,1e-09,1e-10,0.9994334871960451,0.9994336356114453,1.4841540019183697e-07,,,,,,,,,,,,,,,,,,,,,,,,,,,,,,,,,,,,,,,
small_sdp_validation,,,,,,,,,,,,cutoff12:delta0.34:medium,12,0.34,medium,490.0,100.0,120.0,10.0,0.9797986738537043,exact_finite_cutoff_cavity_pure_loss,False,True,12,2,12,2.9689120093867554,3.8242419657874994e-16,3.5721505507966427e-16,0.9998113655795478,0.00018863442045224943,0.9998113655795478,0.9999056827897739,-1.5744381386734578e-18,11,24,0.0,0.0,1.9998113566829725,1.0624834345662748e-13,0.9998113655794415,11,12,2.6811020662342614e-33,7.312671626627276e-09,8.303831725063884e-16,True,0.0,CLARABEL,optimal_inaccurate,optimal_inaccurate,0.9998338787284478,0.9998339221296244,6.090767190162924e-09,9.409437964758306e-15,6.090767110881356e-09,4.051408660617774e-15,0.9998338787284493,-1.8389393628285665e-09,1.9389393628285664e-09,1.0000001031013915e-10,0.9998339453968967,6.666844742930778e-08,4.340117665257992e-08,0.5175143,0.5987427,11,13,1e-09,1e-10,0.9998338787284493,0.9998339453968967,6.666844742930778e-08,,,,,,,,,,,,,,,,,,,,,,,,,,,,,,,,,,,,,,,
small_sdp_validation,,,,,,,,,,,,cutoff12:delta0.34:low,12,0.34,low,610.0,280.0,238.0,10.0,0.9837401985812029,exact_finite_cutoff_cavity_pure_loss,False,True,12,2,12,2.9689120093867554,3.8242419657874994e-16,3.3705119895654455e-16,0.9998687099841753,0.00013129001582468103,0.9998687099841753,0.9999343549920876,-1.3046811314535569e-17,11,24,0.0,0.0,1.9998687056746254,1.1690648449302898e-13,0.9998687099842922,11,12,-1.2385877270141954e-32,2.710850982527627e-08,6.651660261749741e-16,True,0.0,CLARABEL,optimal_inaccurate,optimal_inaccurate,0.9998826092089013,0.9998826249038317,4.1618313378415785e-09,4.1540741810552243e-16,4.161831201367147e-09,4.650036442389835e-15,0.9998826092089012,-4.940893189761391e-09,5.040893189761391e-09,9.999999983115521e-11,0.9998826853945499,7.618564878963952e-08,1.5694930466381152e-08,0.5406399,0.6670801,11,14,1e-09,1e-10,0.9998826092089012,0.9998826853945499,7.618564878963952e-08,,,,,,,,,,,,,,,,,,,,,,,,,,,,,,,,,,,,,,,
extended_cutoff_scan,,,,,,,,,,,,cutoff12:delta0.34:high,12,0.34,high,245.0,50.0,60.0,10.0,0.9600054412854777,exact_finite_cutoff_cavity_pure_loss,False,True,12,2,12,2.9689120093867554,3.8242419657874994e-16,2.8605768470189975e-16,0.9993179908976132,0.0006820091023868047,0.9993179908976132,0.9996589954488067,-5.384111030431074e-18,11,24,2.220446049250313e-16,0.0,1.999317874573839,2.0017321133991572e-13,0.999317990897413,11,12,8.786111537819218e-29,5.979816531921328e-10,6.271509173762232e-16,True,0.0,,,,,,,,,,,,,,,,,,,,,,,,,,,,,,,,,,,,,,,,,,,,,,,,,,,,,,,,,,,,,,,,
extended_cutoff_scan,,,,,,,,,,,,cutoff12:delta0.34:medium,12,0.34,medium,490.0,100.0,120.0,10.0,0.9797986738537043,exact_finite_cutoff_cavity_pure_loss,False,True,12,2,12,2.9689120093867554,3.8242419657874994e-16,3.5721505507966427e-16,0.9998113655795478,0.00018863442045224943,0.9998113655795478,0.9999056827897739,-1.5744381386734578e-18,11,24,0.0,0.0,1.9998113566829725,1.0624834345662748e-13,0.9998113655794415,11,12,2.6811020662342614e-33,7.312671626627276e-09,8.303831725063884e-16,True,0.0,,,,,,,,,,,,,,,,,,,,,,,,,,,,,,,,,,,,,,,,,,,,,,,,,,,,,,,,,,,,,,,,
extended_cutoff_scan,,,,,,,,,,,,cutoff12:delta0.34:low,12,0.34,low,610.0,280.0,238.0,10.0,0.9837401985812029,exact_finite_cutoff_cavity_pure_loss,False,True,12,2,12,2.9689120093867554,3.8242419657874994e-16,3.3705119895654455e-16,0.9998687099841753,0.00013129001582468103,0.9998687099841753,0.9999343549920876,-1.3046811314535569e-17,11,24,0.0,0.0,1.9998687056746254,1.1690648449302898e-13,0.9998687099842922,11,12,-1.2385877270141954e-32,2.710850982527627e-08,6.651660261749741e-16,True,0.0,,,,,,,,,,,,,,,,,,,,,,,,,,,,,,,,,,,,,,,,,,,,,,,,,,,,,,,,,,,,,,,,
extended_cutoff_scan,,,,,,,,,,,,cutoff24:delta0.34:high,24,0.34,high,245.0,50.0,60.0,10.0,0.9600054412854777,exact_finite_cutoff_cavity_pure_loss,False,True,24,2,24,3.7427301009558827,6.006674934789624e-16,5.603297248889093e-16,0.9997969501302263,0.0002030498697737082,0.9997969501302263,0.9998984750651132,-6.171740263544436e-18,21,48,4.440892098500626e-16,0.0,1.9997969398218673,5.363598454266594e-12,0.9997969501248627,21,24,9.157560087953385e-49,2.6998721845914993e-05,2.5559686469959834e-08,True,0.0,,,,,,,,,,,,,,,,,,,,,,,,,,,,,,,,,,,,,,,,,,,,,,,,,,,,,,,,,,,,,,,,
extended_cutoff_scan,,,,,,,,,,,,cutoff24:delta0.34:medium,24,0.34,medium,490.0,100.0,120.0,10.0,0.9797986738537043,exact_finite_cutoff_cavity_pure_loss,False,True,24,2,24,3.7427301009558827,6.006674934789624e-16,5.455320496727651e-16,0.9999443117716911,5.56882283089255e-05,0.9999443117716911,0.9999721558858455,-2.1698846253490997e-20,18,48,4.440892098500626e-16,0.0,1.9999443109963748,3.3050229220066285e-12,0.9999443117749961,18,24,-8.96664990110738e-19,0.00011812874148124091,5.944974274194318e-07,True,0.0,,,,,,,,,,,,,,,,,,,,,,,,,,,,,,,,,,,,,,,,,,,,,,,,,,,,,,,,,,,,,,,,
extended_cutoff_scan,,,,,,,,,,,,cutoff24:delta0.34:low,24,0.34,low,610.0,280.0,238.0,10.0,0.9837401985812029,exact_finite_cutoff_cavity_pure_loss,False,True,24,2,24,3.7427301009558827,6.006674934789624e-16,4.998134909812905e-16,0.9999599172126442,4.008278735578852e-05,0.9999599172126442,0.999979958606322,-9.9853917874374e-22,17,48,2.220446049250313e-16,0.0,1.9999599168109787,8.798184403246978e-12,0.999959917203846,17,24,-1.1825154924775775e-17,4.3094906372398575e-06,5.497324570364892e-07,True,0.0,,,,,,,,,,,,,,,,,,,,,,,,,,,,,,,,,,,,,,,,,,,,,,,,,,,,,,,,,,,,,,,,
extended_cutoff_scan,,,,,,,,,,,,cutoff36:delta0.34:high,36,0.34,high,245.0,50.0,60.0,10.0,0.9600054412854777,exact_finite_cutoff_cavity_pure_loss,False,True,36,2,36,3.8365087669550713,7.474948480744568e-16,3.435503565613055e-16,0.9998327793127427,0.00016722068725727457,0.9998327793127427,0.9999163896563714,-1.8286900213650118e-22,24,72,4.440892098500626e-16,0.0,1.9998327723214686,1.27675647831893e-12,0.999832779311466,24,36,-1.3976854297923663e-18,4.723233984315455e-06,8.01992990146231e-07,True,0.0,,,,,,,,,,,,,,,,,,,,,,,,,,,,,,,,,,,,,,,,,,,,,,,,,,,,,,,,,,,,,,,,
extended_cutoff_scan,,,,,,,,,,,,cutoff36:delta0.34:medium,36,0.34,medium,490.0,100.0,120.0,10.0,0.9797986738537043,exact_finite_cutoff_cavity_pure_loss,False,True,36,2,36,3.8365087669550713,7.474948480744568e-16,4.260609381605528e-16,0.9999649641318515,3.5035868148458604e-05,0.9999649641318515,0.9999824820659258,-3.076836402562915e-22,20,72,4.440892098500626e-16,0.0,1.9999649638249681,1.3222756223285614e-13,0.9999649641319838,20,36,-1.252251857446963e-17,4.3056836319080594e-07,7.584356357645076e-07,True,0.0,,,,,,,,,,,,,,,,,,,,,,,,,,,,,,,,,,,,,,,,,,,,,,,,,,,,,,,,,,,,,,,,
extended_cutoff_scan,,,,,,,,,,,,cutoff36:delta0.34:low,36,0.34,low,610.0,280.0,238.0,10.0,0.9837401985812029,exact_finite_cutoff_cavity_pure_loss,False,True,36,2,36,3.8365087669550713,7.474948480744568e-16,7.342757605631656e-16,0.9999770408043681,2.295919563188864e-05,0.9999770408043681,0.9999885204021841,-5.186734295344032e-25,20,72,1.1102230246251565e-15,0.0,1.9999770406725854,8.801848139228241e-13,0.9999770408034879,20,36,-6.12409852797978e-17,2.72960454740503e-06,2.6490109974269475e-07,True,0.0,,,,,,,,,,,,,,,,,,,,,,,,,,,,,,,,,,,,,,,,,,,,,,,,,,,,,,,,,,,,,,,,
extended_cutoff_scan,,,,,,,,,,,,cutoff40:delta0.34:high,40,0.34,high,245.0,50.0,60.0,10.0,0.9600054412854777,exact_finite_cutoff_cavity_pure_loss,False,True,40,2,40,3.837866354412313,9.568468702845182e-16,4.0474740669759553e-16,0.9998327128203603,0.00016728717963965245,0.9998327128203603,0.9999163564101802,-3.1233404156347472e-24,24,80,6.661338147750939e-16,0.0,1.999832705823525,1.4381829060994278e-12,0.9998327128189222,24,40,-2.752653810460803e-18,1.0263761530330671e-06,1.0830892503812906e-06,True,0.0,,,,,,,,,,,,,,,,,,,,,,,,,,,,,,,,,,,,,,,,,,,,,,,,,,,,,,,,,,,,,,,,
extended_cutoff_scan,,,,,,,,,,,,cutoff40:delta0.34:medium,40,0.34,medium,490.0,100.0,120.0,10.0,0.9797986738537043,exact_finite_cutoff_cavity_pure_loss,False,True,40,2,40,3.837866354412313,9.568468702845182e-16,9.57054890303613e-16,0.9999650255245466,3.4974475453419807e-05,0.9999650255245466,0.9999825127622732,-5.0723265223483153e-23,20,80,8.881784197001252e-16,0.0,1.9999650252187378,6.5503158452884236e-15,0.99996502552454,20,40,-7.417001300212169e-18,1.6155817032638679e-07,8.585761094598816e-07,True,0.0,,,,,,,,,,,,,,,,,,,,,,,,,,,,,,,,,,,,,,,,,,,,,,,,,,,,,,,,,,,,,,,,
extended_cutoff_scan,,,,,,,,,,,,cutoff40:delta0.34:low,40,0.34,low,610.0,280.0,238.0,10.0,0.9837401985812029,exact_finite_cutoff_cavity_pure_loss,False,True,40,2,40,3.837866354412313,9.568468702845182e-16,4.769428527528535e-16,0.999977106020277,2.289397972299323e-05,0.999977106020277,0.9999885530101384,-6.028613249430637e-26,20,80,8.881784197001252e-16,0.0,1.999977105889242,6.877831637552845e-13,0.9999771060209648,20,40,-9.46687440852762e-17,1.2032056908699402e-06,3.0106031809568927e-07,True,0.0,,,,,,,,,,,,,,,,,,,,,,,,,,,,,,,,,,,,,,,,,,,,,,,,,,,,,,,,,,,,,,,,
extended_cutoff_scan,,,,,,,,,,,,cutoff48:delta0.34:high,48,0.34,high,245.0,50.0,60.0,10.0,0.9600054412854777,exact_finite_cutoff_cavity_pure_loss,False,True,48,2,48,3.84410927752241,1.6132220575852422e-16,2.261431845658659e-16,0.9998331975739562,0.00016680242604383277,0.9998331975739562,0.999916598786978,-1.1014768988802518e-22,26,96,2.220446049250313e-16,0.0,1.9998331906176137,4.453104551771503e-13,0.9998331975735109,26,48,-2.531137157481043e-17,5.31249228050735e-07,9.422260356494893e-07,True,0.0,,,,,,,,,,,,,,,,,,,,,,,,,,,,,,,,,,,,,,,,,,,,,,,,,,,,,,,,,,,,,,,,
extended_cutoff_scan,,,,,,,,,,,,cutoff48:delta0.34:medium,48,0.34,medium,490.0,100.0,120.0,10.0,0.9797986738537043,exact_finite_cutoff_cavity_pure_loss,False,True,48,2,48,3.84410927752241,1.6132220575852422e-16,3.62556678693356e-16,0.9999651178968731,3.488210312685425e-05,0.9999651178968731,0.9999825589484366,-1.0762334475786586e-24,22,96,0.0,0.0,1.9999651175926776,1.2486678357959136e-12,0.9999651178981218,22,48,-1.8744489480706077e-16,1.9664078950525278e-06,3.933702513058124e-07,True,0.0,,,,,,,,,,,,,,,,,,,,,,,,,,,,,,,,,,,,,,,,,,,,,,,,,,,,,,,,,,,,,,,,
extended_cutoff_scan,,,,,,,,,,,,cutoff48:delta0.34:low,48,0.34,low,610.0,280.0,238.0,10.0,0.9837401985812029,exact_finite_cutoff_cavity_pure_loss,False,True,48,2,48,3.84410927752241,1.6132220575852422e-16,5.485063519376048e-16,0.9999771530762811,2.284692371889996e-05,0.9999771530762811,0.9999885765381406,-3.2024625568937417e-16,20,96,0.0,0.0,1.9999771529457842,2.1793677973391823e-13,0.9999771530760632,20,48,-7.956374826162517e-17,1.2904373734893054e-06,6.540817005929004e-07,True,0.0,,,,,,,,,,,,,,,,,,,,,,,,,,,,,,,,,,,,,,,,,,,,,,,,,,,,,,,,,,,,,,,,
energy_extension_scan,,,,,,,,,,,,cutoff24:delta0.44:high,24,0.44,high,245.0,50.0,60.0,10.0,0.9600054412854777,exact_finite_cutoff_cavity_pure_loss,False,True,24,2,24,2.134885174178069,3.2476629326141957e-16,4.2568017677851528e-16,0.9978742917288476,0.0021257082711524378,0.9978742917288476,0.9989371458644238,-1.1586845166546292e-19,19,48,0.0,0.0,1.9978731608676739,2.5904833833578778e-12,0.9978742917262571,19,24,-6.751080002591273e-51,1.519274368760557e-06,1.5006945607296467e-07,True,0.0,,,,,,,,,,,,,,,,,,,,,,,,,,,,,,,,,,,,,,,,,,,,,,,,,,,,,,,,,,,,,,,,
energy_extension_scan,,,,,,,,,,,,cutoff24:delta0.44:medium,24,0.44,medium,490.0,100.0,120.0,10.0,0.9797986738537043,exact_finite_cutoff_cavity_pure_loss,False,True,24,2,24,2.134885174178069,3.2476629326141957e-16,2.9387425446896177e-16,0.9992010141562888,0.0007989858437111863,0.9992010141562888,0.9996005070781444,-3.8967171165257845e-21,16,48,2.220446049250313e-16,0.0,1.9992008544979054,1.2758682998992299e-12,0.999201014155013,16,24,-3.553066536992373e-20,2.534212850369779e-07,8.56098108122764e-07,True,0.0,,,,,,,,,,,,,,,,,,,,,,,,,,,,,,,,,,,,,,,,,,,,,,,,,,,,,,,,,,,,,,,,
energy_extension_scan,,,,,,,,,,,,cutoff24:delta0.44:low,24,0.44,low,610.0,280.0,238.0,10.0,0.9837401985812029,exact_finite_cutoff_cavity_pure_loss,False,True,24,2,24,2.134885174178069,3.2476629326141957e-16,5.407378234050347e-16,0.9993968366249111,0.000603163375088922,0.9993968366249111,0.9996984183124555,-1.5313183798483396e-21,16,48,0.0,0.0,1.9993967456459572,1.3344880755994382e-13,0.9993968366250445,16,24,-2.487438569598816e-19,1.5723906383066171e-06,3.715506895332521e-07,True,0.0,,,,,,,,,,,,,,,,,,,,,,,,,,,,,,,,,,,,,,,,,,,,,,,,,,,,,,,,,,,,,,,,
energy_extension_scan,,,,,,,,,,,,cutoff36:delta0.44:high,36,0.44,high,245.0,50.0,60.0,10.0,0.9600054412854777,exact_finite_cutoff_cavity_pure_loss,False,True,36,2,36,2.137245899462019,3.725310483735143e-16,2.8095038326000165e-16,0.9978794203249939,0.002120579675006118,0.9978794203249939,0.9989397101624969,-2.5837077004933954e-24,22,72,0.0,0.0,1.997878294916879,4.3154368967179835e-13,0.9978794203245623,22,36,-1.0007801054179074e-17,4.206834423336457e-05,6.673328757895734e-07,True,0.0,,,,,,,,,,,,,,,,,,,,,,,,,,,,,,,,,,,,,,,,,,,,,,,,,,,,,,,,,,,,,,,,
energy_extension_scan,,,,,,,,,,,,cutoff36:delta0.44:medium,36,0.44,medium,490.0,100.0,120.0,10.0,0.9797986738537043,exact_finite_cutoff_cavity_pure_loss,False,True,36,2,36,2.137245899462019,3.725310483735143e-16,3.8061573330597296e-16,0.9992049538130363,0.0007950461869636882,0.9992049538130363,0.9996024769065182,-1.8061342310343014e-23,18,72,0.0,0.0,1.9992047957255767,1.5626389071599078e-12,0.9992049538114737,18,36,-7.068136621107019e-18,1.4303185517993366e-05,6.780950516773671e-07,True,0.0,,,,,,,,,,,,,,,,,,,,,,,,,,,,,,,,,,,,,,,,,,,,,,,,,,,,,,,,,,,,,,,,
energy_extension_scan,,,,,,,,,,,,cutoff36:delta0.44:low,36,0.44,low,610.0,280.0,238.0,10.0,0.9837401985812029,exact_finite_cutoff_cavity_pure_loss,False,True,36,2,36,2.137245899462019,3.725310483735143e-16,2.997940625823941e-16,0.9994002382790296,0.0005997617209704265,0.9994002382790296,0.9997001191395147,-3.2400109380963046e-24,18,72,0.0,0.0,1.999400148323521,1.3770096174425817e-12,0.9994002382776526,18,36,-1.1156882172341466e-17,7.57671410229972e-05,2.639238224044161e-07,True,0.0,,,,,,,,,,,,,,,,,,,,,,,,,,,,,,,,,,,,,,,,,,,,,,,,,,,,,,,,,,,,,,,,
energy_extension_scan,,,,,,,,,,,,cutoff48:delta0.44:high,48,0.44,high,245.0,50.0,60.0,10.0,0.9600054412854777,exact_finite_cutoff_cavity_pure_loss,False,True,48,2,48,2.137270045253195,5.716191327906208e-16,5.479300908851954e-16,0.9978794356565186,0.0021205643434814014,0.9978794356565186,0.9989397178282593,-7.225130568875056e-25,22,96,4.440892098500626e-16,0.0,1.9978783102646853,9.933165401321276e-13,0.9978794356555253,22,48,-1.2044047982306355e-17,1.2015023142915162e-05,9.843275761922908e-07,True,0.0,,,,,,,,,,,,,,,,,,,,,,,,,,,,,,,,,,,,,,,,,,,,,,,,,,,,,,,,,,,,,,,,
energy_extension_scan,,,,,,,,,,,,cutoff48:delta0.44:medium,48,0.44,medium,490.0,100.0,120.0,10.0,0.9797986738537043,exact_finite_cutoff_cavity_pure_loss,False,True,48,2,48,2.137270045253195,5.716191327906208e-16,6.04077613061805e-16,0.9992049656705506,0.0007950343294493845,0.9992049656705506,0.9996024828352753,-2.8486731718802244e-18,18,96,4.440892098500626e-16,0.0,1.9992048075878075,3.7487790649493036e-12,0.9992049656742994,18,48,-4.741159093969801e-17,1.9038862622167822e-06,7.53119574064851e-07,True,0.0,,,,,,,,,,,,,,,,,,,,,,,,,,,,,,,,,,,,,,,,,,,,,,,,,,,,,,,,,,,,,,,,
energy_extension_scan,,,,,,,,,,,,cutoff48:delta0.44:low,48,0.44,low,610.0,280.0,238.0,10.0,0.9837401985812029,exact_finite_cutoff_cavity_pure_loss,False,True,48,2,48,2.137270045253195,5.716191327906208e-16,5.624500104331675e-16,0.9994002486525828,0.0005997513474171878,0.9994002486525828,0.9997001243262914,-2.3194706820507056e-19,18,96,4.440892098500626e-16,0.0,1.9994001587001866,5.974332140112892e-12,0.9994002486585571,18,48,-2.513103423485787e-16,2.910749456436799e-05,2.950457419150163e-07,True,0.0,,,,,,,,,,,,,,,,,,,,,,,,,,,,,,,,,,,,,,,,,,,,,,,,,,,,,,,,,,,,,,,,
energy_extension_scan,,,,,,,,,,,,cutoff24:delta0.34:high,24,0.34,high,245.0,50.0,60.0,10.0,0.9600054412854777,exact_finite_cutoff_cavity_pure_loss,False,True,24,2,24,3.7427301009558827,6.006674934789624e-16,5.603297248889093e-16,0.9997969501302263,0.0002030498697737082,0.9997969501302263,0.9998984750651132,-6.171740263544436e-18,21,48,4.440892098500626e-16,0.0,1.9997969398218673,5.363598454266594e-12,0.9997969501248627,21,24,9.157560087953385e-49,2.6998721845914993e-05,2.5559686469959834e-08,True,0.0,,,,,,,,,,,,,,,,,,,,,,,,,,,,,,,,,,,,,,,,,,,,,,,,,,,,,,,,,,,,,,,,
energy_extension_scan,,,,,,,,,,,,cutoff24:delta0.34:medium,24,0.34,medium,490.0,100.0,120.0,10.0,0.9797986738537043,exact_finite_cutoff_cavity_pure_loss,False,True,24,2,24,3.7427301009558827,6.006674934789624e-16,5.455320496727651e-16,0.9999443117716911,5.56882283089255e-05,0.9999443117716911,0.9999721558858455,-2.1698846253490997e-20,18,48,4.440892098500626e-16,0.0,1.9999443109963748,3.3050229220066285e-12,0.9999443117749961,18,24,-8.96664990110738e-19,0.00011812874148124091,5.944974274194318e-07,True,0.0,,,,,,,,,,,,,,,,,,,,,,,,,,,,,,,,,,,,,,,,,,,,,,,,,,,,,,,,,,,,,,,,
energy_extension_scan,,,,,,,,,,,,cutoff24:delta0.34:low,24,0.34,low,610.0,280.0,238.0,10.0,0.9837401985812029,exact_finite_cutoff_cavity_pure_loss,False,True,24,2,24,3.7427301009558827,6.006674934789624e-16,4.998134909812905e-16,0.9999599172126442,4.008278735578852e-05,0.9999599172126442,0.999979958606322,-9.9853917874374e-22,17,48,2.220446049250313e-16,0.0,1.9999599168109787,8.798184403246978e-12,0.999959917203846,17,24,-1.1825154924775775e-17,4.3094906372398575e-06,5.497324570364892e-07,True,0.0,,,,,,,,,,,,,,,,,,,,,,,,,,,,,,,,,,,,,,,,,,,,,,,,,,,,,,,,,,,,,,,,
energy_extension_scan,,,,,,,,,,,,cutoff36:delta0.34:high,36,0.34,high,245.0,50.0,60.0,10.0,0.9600054412854777,exact_finite_cutoff_cavity_pure_loss,False,True,36,2,36,3.8365087669550713,7.474948480744568e-16,3.435503565613055e-16,0.9998327793127427,0.00016722068725727457,0.9998327793127427,0.9999163896563714,-1.8286900213650118e-22,24,72,4.440892098500626e-16,0.0,1.9998327723214686,1.27675647831893e-12,0.999832779311466,24,36,-1.3976854297923663e-18,4.723233984315455e-06,8.01992990146231e-07,True,0.0,,,,,,,,,,,,,,,,,,,,,,,,,,,,,,,,,,,,,,,,,,,,,,,,,,,,,,,,,,,,,,,,
energy_extension_scan,,,,,,,,,,,,cutoff36:delta0.34:medium,36,0.34,medium,490.0,100.0,120.0,10.0,0.9797986738537043,exact_finite_cutoff_cavity_pure_loss,False,True,36,2,36,3.8365087669550713,7.474948480744568e-16,4.260609381605528e-16,0.9999649641318515,3.5035868148458604e-05,0.9999649641318515,0.9999824820659258,-3.076836402562915e-22,20,72,4.440892098500626e-16,0.0,1.9999649638249681,1.3222756223285614e-13,0.9999649641319838,20,36,-1.252251857446963e-17,4.3056836319080594e-07,7.584356357645076e-07,True,0.0,,,,,,,,,,,,,,,,,,,,,,,,,,,,,,,,,,,,,,,,,,,,,,,,,,,,,,,,,,,,,,,,
energy_extension_scan,,,,,,,,,,,,cutoff36:delta0.34:low,36,0.34,low,610.0,280.0,238.0,10.0,0.9837401985812029,exact_finite_cutoff_cavity_pure_loss,False,True,36,2,36,3.8365087669550713,7.474948480744568e-16,7.342757605631656e-16,0.9999770408043681,2.295919563188864e-05,0.9999770408043681,0.9999885204021841,-5.186734295344032e-25,20,72,1.1102230246251565e-15,0.0,1.9999770406725854,8.801848139228241e-13,0.9999770408034879,20,36,-6.12409852797978e-17,2.72960454740503e-06,2.6490109974269475e-07,True,0.0,,,,,,,,,,,,,,,,,,,,,,,,,,,,,,,,,,,,,,,,,,,,,,,,,,,,,,,,,,,,,,,,
energy_extension_scan,,,,,,,,,,,,cutoff48:delta0.34:high,48,0.34,high,245.0,50.0,60.0,10.0,0.9600054412854777,exact_finite_cutoff_cavity_pure_loss,False,True,48,2,48,3.84410927752241,1.6132220575852422e-16,2.261431845658659e-16,0.9998331975739562,0.00016680242604383277,0.9998331975739562,0.999916598786978,-1.1014768988802518e-22,26,96,2.220446049250313e-16,0.0,1.9998331906176137,4.453104551771503e-13,0.9998331975735109,26,48,-2.531137157481043e-17,5.31249228050735e-07,9.422260356494893e-07,True,0.0,,,,,,,,,,,,,,,,,,,,,,,,,,,,,,,,,,,,,,,,,,,,,,,,,,,,,,,,,,,,,,,,
energy_extension_scan,,,,,,,,,,,,cutoff48:delta0.34:medium,48,0.34,medium,490.0,100.0,120.0,10.0,0.9797986738537043,exact_finite_cutoff_cavity_pure_loss,False,True,48,2,48,3.84410927752241,1.6132220575852422e-16,3.62556678693356e-16,0.9999651178968731,3.488210312685425e-05,0.9999651178968731,0.9999825589484366,-1.0762334475786586e-24,22,96,0.0,0.0,1.9999651175926776,1.2486678357959136e-12,0.9999651178981218,22,48,-1.8744489480706077e-16,1.9664078950525278e-06,3.933702513058124e-07,True,0.0,,,,,,,,,,,,,,,,,,,,,,,,,,,,,,,,,,,,,,,,,,,,,,,,,,,,,,,,,,,,,,,,
energy_extension_scan,,,,,,,,,,,,cutoff48:delta0.34:low,48,0.34,low,610.0,280.0,238.0,10.0,0.9837401985812029,exact_finite_cutoff_cavity_pure_loss,False,True,48,2,48,3.84410927752241,1.6132220575852422e-16,5.485063519376048e-16,0.9999771530762811,2.284692371889996e-05,0.9999771530762811,0.9999885765381406,-3.2024625568937417e-16,20,96,0.0,0.0,1.9999771529457842,2.1793677973391823e-13,0.9999771530760632,20,48,-7.956374826162517e-17,1.2904373734893054e-06,6.540817005929004e-07,True,0.0,,,,,,,,,,,,,,,,,,,,,,,,,,,,,,,,,,,,,,,,,,,,,,,,,,,,,,,,,,,,,,,,
energy_extension_scan,,,,,,,,,,,,cutoff24:delta0.28:high,24,0.28,high,245.0,50.0,60.0,10.0,0.9600054412854777,exact_finite_cutoff_cavity_pure_loss,False,True,24,2,24,5.280939052774171,1.575458047496241e-16,3.348508494907509e-16,0.9997093238234024,0.00029067617659761513,0.9997093238234024,0.9998546619117012,-3.236686180732214e-17,21,48,6.661338147750939e-16,0.0,1.999709302697172,2.8057556278326956e-12,0.9997093238262081,21,24,-9.263565522953557e-49,1.282634366850031e-05,7.095511074760674e-08,True,0.0,,,,,,,,,,,,,,,,,,,,,,,,,,,,,,,,,,,,,,,,,,,,,,,,,,,,,,,,,,,,,,,,
energy_extension_scan,,,,,,,,,,,,cutoff24:delta0.28:medium,24,0.28,medium,490.0,100.0,120.0,10.0,0.9797986738537043,exact_finite_cutoff_cavity_pure_loss,False,True,24,2,24,5.280939052774171,1.575458047496241e-16,1.6495901774305902e-16,0.99987940157528,0.0001205984247200087,0.99987940157528,0.99993970078764,-1.3297073841891622e-19,19,48,0.0,0.0,1.9998793979390657,3.994804487206238e-12,0.9998794015712852,19,24,-7.976340103657866e-19,4.467493523350378e-05,1.1069532077501145e-07,True,0.0,,,,,,,,,,,,,,,,,,,,,,,,,,,,,,,,,,,,,,,,,,,,,,,,,,,,,,,,,,,,,,,,
energy_extension_scan,,,,,,,,,,,,cutoff24:delta0.28:low,24,0.28,low,610.0,280.0,238.0,10.0,0.9837401985812029,exact_finite_cutoff_cavity_pure_loss,False,True,24,2,24,5.280939052774171,1.575458047496241e-16,2.2600885452579254e-16,0.99990717983885,9.282016114997571e-05,0.99990717983885,0.999953589919425,-1.0192683679331112e-20,17,48,4.440892098500626e-16,0.0,1.9999071776848545,1.0547118733938987e-13,0.9999071798387446,17,24,-7.27787703237789e-18,1.947811153412161e-06,7.78391753897631e-07,True,0.0,,,,,,,,,,,,,,,,,,,,,,,,,,,,,,,,,,,,,,,,,,,,,,,,,,,,,,,,,,,,,,,,
energy_extension_scan,,,,,,,,,,,,cutoff36:delta0.28:high,36,0.28,high,245.0,50.0,60.0,10.0,0.9600054412854777,exact_finite_cutoff_cavity_pure_loss,False,True,36,2,36,5.762764424645623,6.220128644003091e-16,7.810399293355616e-16,0.9999821011768256,1.7898823174378187e-05,0.9999821011768256,0.9999910505884129,-2.340852085086025e-20,25,72,8.881784197001252e-16,0.0,1.999982101096733,6.025180354640725e-13,0.9999821011774281,25,36,-1.1859388815556139e-18,2.536536057643068e-05,8.319859743039349e-07,True,0.0,,,,,,,,,,,,,,,,,,,,,,,,,,,,,,,,,,,,,,,,,,,,,,,,,,,,,,,,,,,,,,,,
energy_extension_scan,,,,,,,,,,,,cutoff36:delta0.28:medium,36,0.28,medium,490.0,100.0,120.0,10.0,0.9797986738537043,exact_finite_cutoff_cavity_pure_loss,False,True,36,2,36,5.762764424645623,6.220128644003091e-16,5.343721533615327e-16,0.9999977053652903,2.294634709687493e-06,0.9999977053652903,0.9999988526826451,-1.027789199094158e-22,21,72,4.440892098500626e-16,0.0,1.999997705363974,1.372568725344081e-12,0.9999977053666629,21,36,-8.345631632078369e-18,9.413078874113964e-07,9.137090339652794e-07,True,0.0,,,,,,,,,,,,,,,,,,,,,,,,,,,,,,,,,,,,,,,,,,,,,,,,,,,,,,,,,,,,,,,,
energy_extension_scan,,,,,,,,,,,,cutoff36:delta0.28:low,36,0.28,low,610.0,280.0,238.0,10.0,0.9837401985812029,exact_finite_cutoff_cavity_pure_loss,False,True,36,2,36,5.762764424645623,6.220128644003091e-16,5.393609978308089e-16,0.9999986843299653,1.3156700346961259e-06,0.9999986843299653,0.9999993421649827,-1.1075314795469893e-22,20,72,0.0,0.0,1.9999986843295325,2.4946711363327267e-13,0.9999986843302148,20,36,-9.025105351575046e-17,6.207991721064768e-07,5.95794005940139e-07,True,0.0,,,,,,,,,,,,,,,,,,,,,,,,,,,,,,,,,,,,,,,,,,,,,,,,,,,,,,,,,,,,,,,,
energy_extension_scan,,,,,,,,,,,,cutoff48:delta0.28:high,48,0.28,high,245.0,50.0,60.0,10.0,0.9600054412854777,exact_finite_cutoff_cavity_pure_loss,False,True,48,2,48,5.865475509301993,5.126458160399157e-16,2.0814254510814516e-16,0.9999869289251987,1.3071074801307425e-05,0.9999869289251987,0.9999934644625994,-6.103584424402558e-23,28,96,0.0,0.0,1.9999869288824852,2.986499936241671e-14,0.9999869289251688,28,48,-9.036690328605803e-17,5.9769437767229865e-06,6.233483808422873e-07,True,0.0,,,,,,,,,,,,,,,,,,,,,,,,,,,,,,,,,,,,,,,,,,,,,,,,,,,,,,,,,,,,,,,,
energy_extension_scan,,,,,,,,,,,,cutoff48:delta0.28:medium,48,0.28,medium,490.0,100.0,120.0,10.0,0.9797986738537043,exact_finite_cutoff_cavity_pure_loss,False,True,48,2,48,5.865475509301993,5.126458160399157e-16,3.889737092081223e-16,0.9999988857666635,1.1142333364855261e-06,0.9999988857666635,0.9999994428833318,-6.152283554618248e-22,22,96,2.220446049250313e-16,0.0,1.999998885766353,2.3070434451710753e-13,0.9999988857664328,22,48,-1.4382564884258292e-16,5.87854487744397e-07,1.2041807927421106e-06,True,0.0,,,,,,,,,,,,,,,,,,,,,,,,,,,,,,,,,,,,,,,,,,,,,,,,,,,,,,,,,,,,,,,,
energy_extension_scan,,,,,,,,,,,,cutoff48:delta0.28:low,48,0.28,low,610.0,280.0,238.0,10.0,0.9837401985812029,exact_finite_cutoff_cavity_pure_loss,False,True,48,2,48,5.865475509301993,5.126458160399157e-16,3.0189798972653383e-16,0.9999994319516742,5.680483258219127e-07,0.9999994319516742,0.9999997159758371,-1.534608721157905e-24,22,96,0.0,0.0,1.9999994319515935,1.3703482792948307e-12,0.9999994319503038,22,48,-6.560796420895056e-17,1.7628399591402567e-05,3.830053571720872e-07,True,0.0,,,,,,,,,,,,,,,,,,,,,,,,,,,,,,,,,,,,,,,,,,,,,,,,,,,,,,,,,,,,,,,,
cutoff_diagnostic,,,,,,,,,,,,,,0.34,high,,,,,,,,,,,,,,,,,,,,,,,,,,,,,,,,,,,,,,,,,,,,,,,,,,,,,,,,,,,matched_delta_cutoff,12,24,False,0.0004789592326130965,0.0004789592326130965,0.7738180915691273,False,,,,,,,,,,,,,,,,,,,,,,,,,,,,,,,
cutoff_diagnostic,,,,,,,,,,,,,,0.34,high,,,,,,,,,,,,,,,,,,,,,,,,,,,,,,,,,,,,,,,,,,,,,,,,,,,,,,,,,,,matched_delta_cutoff,24,36,False,3.582918251643363e-05,3.582918251643363e-05,0.0937786659991886,False,,,,,,,,,,,,,,,,,,,,,,,,,,,,,,,
cutoff_diagnostic,,,,,,,,,,,,,,0.34,high,,,,,,,,,,,,,,,,,,,,,,,,,,,,,,,,,,,,,,,,,,,,,,,,,,,,,,,,,,,matched_delta_cutoff,36,40,False,-6.649238237788069e-08,6.649238237788069e-08,0.0013575874572415714,False,,,,,,,,,,,,,,,,,,,,,,,,,,,,,,,
cutoff_diagnostic,,,,,,,,,,,,,,0.34,high,,,,,,,,,,,,,,,,,,,,,,,,,,,,,,,,,,,,,,,,,,,,,,,,,,,,,,,,,,,matched_delta_cutoff,40,48,True,4.847535958196758e-07,4.847535958196758e-07,0.006242923110097109,False,,,,,,,,,,,,,,,,,,,,,,,,,,,,,,,
cutoff_diagnostic,,,,,,,,,,,,,,0.34,medium,,,,,,,,,,,,,,,,,,,,,,,,,,,,,,,,,,,,,,,,,,,,,,,,,,,,,,,,,,,matched_delta_cutoff,12,24,False,0.00013294619214332393,0.00013294619214332393,0.7738180915691273,False,,,,,,,,,,,,,,,,,,,,,,,,,,,,,,,
cutoff_diagnostic,,,,,,,,,,,,,,0.34,medium,,,,,,,,,,,,,,,,,,,,,,,,,,,,,,,,,,,,,,,,,,,,,,,,,,,,,,,,,,,matched_delta_cutoff,24,36,False,2.0652360160466898e-05,2.0652360160466898e-05,0.0937786659991886,False,,,,,,,,,,,,,,,,,,,,,,,,,,,,,,,
cutoff_diagnostic,,,,,,,,,,,,,,0.34,medium,,,,,,,,,,,,,,,,,,,,,,,,,,,,,,,,,,,,,,,,,,,,,,,,,,,,,,,,,,,matched_delta_cutoff,36,40,False,6.139269503879774e-08,6.139269503879774e-08,0.0013575874572415714,False,,,,,,,,,,,,,,,,,,,,,,,,,,,,,,,
cutoff_diagnostic,,,,,,,,,,,,,,0.34,medium,,,,,,,,,,,,,,,,,,,,,,,,,,,,,,,,,,,,,,,,,,,,,,,,,,,,,,,,,,,matched_delta_cutoff,40,48,True,9.23723265655596e-08,9.23723265655596e-08,0.006242923110097109,False,,,,,,,,,,,,,,,,,,,,,,,,,,,,,,,
cutoff_diagnostic,,,,,,,,,,,,,,0.34,low,,,,,,,,,,,,,,,,,,,,,,,,,,,,,,,,,,,,,,,,,,,,,,,,,,,,,,,,,,,matched_delta_cutoff,12,24,False,9.120722846889251e-05,9.120722846889251e-05,0.7738180915691273,False,,,,,,,,,,,,,,,,,,,,,,,,,,,,,,,
cutoff_diagnostic,,,,,,,,,,,,,,0.34,low,,,,,,,,,,,,,,,,,,,,,,,,,,,,,,,,,,,,,,,,,,,,,,,,,,,,,,,,,,,matched_delta_cutoff,24,36,False,1.7123591723899878e-05,1.7123591723899878e-05,0.0937786659991886,False,,,,,,,,,,,,,,,,,,,,,,,,,,,,,,,
cutoff_diagnostic,,,,,,,,,,,,,,0.34,low,,,,,,,,,,,,,,,,,,,,,,,,,,,,,,,,,,,,,,,,,,,,,,,,,,,,,,,,,,,matched_delta_cutoff,36,40,False,6.521590889541073e-08,6.521590889541073e-08,0.0013575874572415714,False,,,,,,,,,,,,,,,,,,,,,,,,,,,,,,,
cutoff_diagnostic,,,,,,,,,,,,,,0.34,low,,,,,,,,,,,,,,,,,,,,,,,,,,,,,,,,,,,,,,,,,,,,,,,,,,,,,,,,,,,matched_delta_cutoff,40,48,True,4.705600409327104e-08,4.705600409327104e-08,0.006242923110097109,False,,,,,,,,,,,,,,,,,,,,,,,,,,,,,,,
cutoff_diagnostic,,,,,,,,,,,,,,0.44,high,,,,,,,,,,,,,,,,,,,,,,,,,,,,,,,,,,,,,,,,,,,,,,,,,,,,,,,,,,,energy_terminal_cutoff,36,48,True,1.5331524716444278e-08,1.5331524716444278e-08,2.4145791175822495e-05,False,,,,,,,,,,,,,,,,,,,,,,,,,,,,,,,
cutoff_diagnostic,,,,,,,,,,,,,,0.44,medium,,,,,,,,,,,,,,,,,,,,,,,,,,,,,,,,,,,,,,,,,,,,,,,,,,,,,,,,,,,energy_terminal_cutoff,36,48,True,1.1857514303770245e-08,1.1857514303770245e-08,2.4145791175822495e-05,False,,,,,,,,,,,,,,,,,,,,,,,,,,,,,,,
cutoff_diagnostic,,,,,,,,,,,,,,0.44,low,,,,,,,,,,,,,,,,,,,,,,,,,,,,,,,,,,,,,,,,,,,,,,,,,,,,,,,,,,,energy_terminal_cutoff,36,48,True,1.037355323862954e-08,1.037355323862954e-08,2.4145791175822495e-05,False,,,,,,,,,,,,,,,,,,,,,,,,,,,,,,,
cutoff_diagnostic,,,,,,,,,,,,,,0.34,high,,,,,,,,,,,,,,,,,,,,,,,,,,,,,,,,,,,,,,,,,,,,,,,,,,,,,,,,,,,energy_terminal_cutoff,36,48,True,4.182612134417951e-07,4.182612134417951e-07,0.007600510567338681,False,,,,,,,,,,,,,,,,,,,,,,,,,,,,,,,
cutoff_diagnostic,,,,,,,,,,,,,,0.34,medium,,,,,,,,,,,,,,,,,,,,,,,,,,,,,,,,,,,,,,,,,,,,,,,,,,,,,,,,,,,energy_terminal_cutoff,36,48,True,1.5376502160435734e-07,1.5376502160435734e-07,0.007600510567338681,False,,,,,,,,,,,,,,,,,,,,,,,,,,,,,,,
cutoff_diagnostic,,,,,,,,,,,,,,0.34,low,,,,,,,,,,,,,,,,,,,,,,,,,,,,,,,,,,,,,,,,,,,,,,,,,,,,,,,,,,,energy_terminal_cutoff,36,48,True,1.1227191298868178e-07,1.1227191298868178e-07,0.007600510567338681,False,,,,,,,,,,,,,,,,,,,,,,,,,,,,,,,
cutoff_diagnostic,,,,,,,,,,,,,,0.28,high,,,,,,,,,,,,,,,,,,,,,,,,,,,,,,,,,,,,,,,,,,,,,,,,,,,,,,,,,,,energy_terminal_cutoff,36,48,True,4.8277483730707615e-06,4.8277483730707615e-06,0.10271108465636924,False,,,,,,,,,,,,,,,,,,,,,,,,,,,,,,,
cutoff_diagnostic,,,,,,,,,,,,,,0.28,medium,,,,,,,,,,,,,,,,,,,,,,,,,,,,,,,,,,,,,,,,,,,,,,,,,,,,,,,,,,,energy_terminal_cutoff,36,48,True,1.180401373201967e-06,1.180401373201967e-06,0.10271108465636924,False,,,,,,,,,,,,,,,,,,,,,,,,,,,,,,,
cutoff_diagnostic,,,,,,,,,,,,,,0.28,low,,,,,,,,,,,,,,,,,,,,,,,,,,,,,,,,,,,,,,,,,,,,,,,,,,,,,,,,,,,energy_terminal_cutoff,36,48,True,7.476217088742132e-07,7.476217088742132e-07,0.10271108465636924,False,,,,,,,,,,,,,,,,,,,,,,,,,,,,,,,
actual_sbs_gap,,,,,,,,,,,,cutoff12:high:actual_sbs_gap,12,,high,,,,,,,,,,,,,,,,,,,,,,,,,,,,,,,,,,,,,,,,,,,,,,,,,,,,,,,,,,,,,,,,,,,cutoff12:high:qec_on,1,10.0,0.4292206095626052,0.43951584362143487,0.5604841563785652,0.1401210390946413,0.5693416486572465,terminal decode Vdagger rho V plus mean-leakage replacement by I_L/2; adds mean_leakage/d_L^2 to F_e,0.9993179908976132,0.9996589954488067,0.9994334871960451,0.9994336356114453,petz_theorem_intersect_repaired_primal_dual_sdp,0.4300918385387986,0.4300919869541988,SCHEDULE_MISMATCHED_DIAGNOSTIC_ONLY,bound permits one arbitrary terminal recovery after 10 us cavity pure loss; actual nominal sBs interleaves two gate-reset rounds with cavity and ancilla noise,False,False,,,,,,,,,,,
actual_sbs_gap,,,,,,,,,,,,cutoff12:medium:actual_sbs_gap,12,,medium,,,,,,,,,,,,,,,,,,,,,,,,,,,,,,,,,,,,,,,,,,,,,,,,,,,,,,,,,,,,,,,,,,,cutoff12:medium:qec_on,1,10.0,0.44298781321745234,0.452584136416727,0.547415863583273,0.13685396589581825,0.5798417791132706,terminal decode Vdagger rho V plus mean-leakage replacement by I_L/2; adds mean_leakage/d_L^2 to F_e,0.9998113655795478,0.9999056827897739,0.9998338787284493,0.9998339453968967,petz_theorem_intersect_repaired_primal_dual_sdp,0.4199920996151787,0.4199921662836261,SCHEDULE_MISMATCHED_DIAGNOSTIC_ONLY,bound permits one arbitrary terminal recovery after 10 us cavity pure loss; actual nominal sBs interleaves two gate-reset rounds with cavity and ancilla noise,False,False,,,,,,,,,,,
actual_sbs_gap,,,,,,,,,,,,cutoff12:low:actual_sbs_gap,12,,low,,,,,,,,,,,,,,,,,,,,,,,,,,,,,,,,,,,,,,,,,,,,,,,,,,,,,,,,,,,,,,,,,,,cutoff12:low:qec_on,1,10.0,0.4460921724340581,0.455521642735188,0.544478357264812,0.136119589316203,0.5822117617502611,terminal decode Vdagger rho V plus mean-leakage replacement by I_L/2; adds mean_leakage/d_L^2 to F_e,0.9998687099841753,0.9999343549920876,0.9998826092089012,0.9998826853945499,petz_theorem_intersect_repaired_primal_dual_sdp,0.41767084745864,0.4176709236442888,SCHEDULE_MISMATCHED_DIAGNOSTIC_ONLY,bound permits one arbitrary terminal recovery after 10 us cavity pure loss; actual nominal sBs interleaves two gate-reset rounds with cavity and ancilla noise,False,False,,,,,,,,,,,
actual_sbs_gap,,,,,,,,,,,,cutoff24:high:actual_sbs_gap,24,,high,,,,,,,,,,,,,,,,,,,,,,,,,,,,,,,,,,,,,,,,,,,,,,,,,,,,,,,,,,,,,,,,,,,cutoff24:high:qec_on,1,10.0,0.5912648094096317,0.5914995242270575,0.40850047577294246,0.10212511894323562,0.6933899283528673,terminal decode Vdagger rho V plus mean-leakage replacement by I_L/2; adds mean_leakage/d_L^2 to F_e,0.9997969501302263,0.9998984750651132,0.9997969501302263,0.9998984750651132,petz_theorem_only_no_large_cutoff_sdp,0.306407021777359,0.3065085467122459,SCHEDULE_MISMATCHED_DIAGNOSTIC_ONLY,bound permits one arbitrary terminal recovery after 10 us cavity pure loss; actual nominal sBs interleaves two gate-reset rounds with cavity and ancilla noise,False,False,,,,,,,,,,,
actual_sbs_gap,,,,,,,,,,,,cutoff24:medium:actual_sbs_gap,24,,medium,,,,,,,,,,,,,,,,,,,,,,,,,,,,,,,,,,,,,,,,,,,,,,,,,,,,,,,,,,,,,,,,,,,cutoff24:medium:qec_on,1,10.0,0.6245533515107393,0.6247404246906763,0.37525957530932375,0.09381489382733094,0.7183682453380702,terminal decode Vdagger rho V plus mean-leakage replacement by I_L/2; adds mean_leakage/d_L^2 to F_e,0.9999443117716911,0.9999721558858455,0.9999443117716911,0.9999721558858455,petz_theorem_only_no_large_cutoff_sdp,0.2815760664336209,0.28160391054777534,SCHEDULE_MISMATCHED_DIAGNOSTIC_ONLY,bound permits one arbitrary terminal recovery after 10 us cavity pure loss; actual nominal sBs interleaves two gate-reset rounds with cavity and ancilla noise,False,False,,,,,,,,,,,
actual_sbs_gap,,,,,,,,,,,,cutoff24:low:actual_sbs_gap,24,,low,,,,,,,,,,,,,,,,,,,,,,,,,,,,,,,,,,,,,,,,,,,,,,,,,,,,,,,,,,,,,,,,,,,cutoff24:low:qec_on,1,10.0,0.6318875575131495,0.6320638584583305,0.36793614154166954,0.09198403538541738,0.7238715928985668,terminal decode Vdagger rho V plus mean-leakage replacement by I_L/2; adds mean_leakage/d_L^2 to F_e,0.9999599172126442,0.999979958606322,0.9999599172126442,0.999979958606322,petz_theorem_only_no_large_cutoff_sdp,0.27608832431407737,0.2761083657077552,SCHEDULE_MISMATCHED_DIAGNOSTIC_ONLY,bound permits one arbitrary terminal recovery after 10 us cavity pure loss; actual nominal sBs interleaves two gate-reset rounds with cavity and ancilla noise,False,False,,,,,,,,,,,
actual_sbs_gap,,,,,,,,,,,,cutoff36:high:actual_sbs_gap,36,,high,,,,,,,,,,,,,,,,,,,,,,,,,,,,,,,,,,,,,,,,,,,,,,,,,,,,,,,,,,,,,,,,,,,cutoff36:high:qec_on,1,10.0,0.592191041294799,0.5922230639624302,0.4077769360375698,0.10194423400939245,0.6941352753041915,terminal decode Vdagger rho V plus mean-leakage replacement by I_L/2; adds mean_leakage/d_L^2 to F_e,0.9998327793127427,0.9999163896563714,0.9998327793127427,0.9999163896563714,petz_theorem_only_no_large_cutoff_sdp,0.3056975040085512,0.3057811143521799,SCHEDULE_MISMATCHED_DIAGNOSTIC_ONLY,bound permits one arbitrary terminal recovery after 10 us cavity pure loss; actual nominal sBs interleaves two gate-reset rounds with cavity and ancilla noise,False,False,,,,,,,,,,,
actual_sbs_gap,,,,,,,,,,,,cutoff36:medium:actual_sbs_gap,36,,medium,,,,,,,,,,,,,,,,,,,,,,,,,,,,,,,,,,,,,,,,,,,,,,,,,,,,,,,,,,,,,,,,,,,cutoff36:medium:qec_on,1,10.0,0.6257007132366454,0.6257146548653296,0.3742853451346704,0.0935713362836676,0.7192720495203131,terminal decode Vdagger rho V plus mean-leakage replacement by I_L/2; adds mean_leakage/d_L^2 to F_e,0.9999649641318515,0.9999824820659258,0.9999649641318515,0.9999824820659258,petz_theorem_only_no_large_cutoff_sdp,0.28069291461153845,0.2807104325456127,SCHEDULE_MISMATCHED_DIAGNOSTIC_ONLY,bound permits one arbitrary terminal recovery after 10 us cavity pure loss; actual nominal sBs interleaves two gate-reset rounds with cavity and ancilla noise,False,False,,,,,,,,,,,
actual_sbs_gap,,,,,,,,,,,,cutoff36:low:actual_sbs_gap,36,,low,,,,,,,,,,,,,,,,,,,,,,,,,,,,,,,,,,,,,,,,,,,,,,,,,,,,,,,,,,,,,,,,,,,cutoff36:low:qec_on,1,10.0,0.633031516840924,0.633042949654913,0.36695705034508697,0.09173926258627174,0.7247707794271957,terminal decode Vdagger rho V plus mean-leakage replacement by I_L/2; adds mean_leakage/d_L^2 to F_e,0.9999770408043681,0.9999885204021841,0.9999770408043681,0.9999885204021841,petz_theorem_only_no_large_cutoff_sdp,0.2752062613771724,0.2752177409749884,SCHEDULE_MISMATCHED_DIAGNOSTIC_ONLY,bound permits one arbitrary terminal recovery after 10 us cavity pure loss; actual nominal sBs interleaves two gate-reset rounds with cavity and ancilla noise,False,False,,,,,,,,,,,
actual_sbs_gap,,,,,,,,,,,,cutoff40:high:actual_sbs_gap,40,,high,,,,,,,,,,,,,,,,,,,,,,,,,,,,,,,,,,,,,,,,,,,,,,,,,,,,,,,,,,,,,,,,,,,cutoff40:high:qec_on,1,10.0,0.5919464999484729,0.5919756616982875,0.4080243383017125,0.10200608457542812,0.6939525845239011,terminal decode Vdagger rho V plus mean-leakage replacement by I_L/2; adds mean_leakage/d_L^2 to F_e,0.9998327128203603,0.9999163564101802,0.9998327128203603,0.9999163564101802,petz_theorem_only_no_large_cutoff_sdp,0.3058801282964593,0.3059637718862791,SCHEDULE_MISMATCHED_DIAGNOSTIC_ONLY,bound permits one arbitrary terminal recovery after 10 us cavity pure loss; actual nominal sBs interleaves two gate-reset rounds with cavity and ancilla noise,False,False,,,,,,,,,,,
actual_sbs_gap,,,,,,,,,,,,cutoff40:medium:actual_sbs_gap,40,,medium,,,,,,,,,,,,,,,,,,,,,,,,,,,,,,,,,,,,,,,,,,,,,,,,,,,,,,,,,,,,,,,,,,,cutoff40:medium:qec_on,1,10.0,0.6253640509447065,0.6253749901443337,0.37462500985566627,0.09365625246391657,0.7190203034086231,terminal decode Vdagger rho V plus mean-leakage replacement by I_L/2; adds mean_leakage/d_L^2 to F_e,0.9999650255245466,0.9999825127622732,0.9999650255245466,0.9999825127622732,petz_theorem_only_no_large_cutoff_sdp,0.2809447221159235,0.2809622093536501,SCHEDULE_MISMATCHED_DIAGNOSTIC_ONLY,bound permits one arbitrary terminal recovery after 10 us cavity pure loss; actual nominal sBs interleaves two gate-reset rounds with cavity and ancilla noise,False,False,,,,,,,,,,,
actual_sbs_gap,,,,,,,,,,,,cutoff40:low:actual_sbs_gap,40,,low,,,,,,,,,,,,,,,,,,,,,,,,,,,,,,,,,,,,,,,,,,,,,,,,,,,,,,,,,,,,,,,,,,,cutoff40:low:qec_on,1,10.0,0.6326721097504902,0.6326806388719652,0.36731936112803476,0.09182984028200869,0.7245019500324988,terminal decode Vdagger rho V plus mean-leakage replacement by I_L/2; adds mean_leakage/d_L^2 to F_e,0.999977106020277,0.9999885530101384,0.999977106020277,0.9999885530101384,petz_theorem_only_no_large_cutoff_sdp,0.27547515598777816,0.2754866029776396,SCHEDULE_MISMATCHED_DIAGNOSTIC_ONLY,bound permits one arbitrary terminal recovery after 10 us cavity pure loss; actual nominal sBs interleaves two gate-reset rounds with cavity and ancilla noise,False,False,,,,,,,,,,,
teacher_student_gap,,,INCOMPARABLE,,,,,,,,,cutoff12:teacher:recovery_bound_gap,12,,,,,,,,,,,,,,,,,,,,,,,,,,,,,,,,,,,,,,,,,,,,,,,,,,,,,,,,,,,,,,,,,,,,,,,,,,,,,,,,,,,,,,,,,teacher,T4.4.4,10,"trajectory selection score, fidelity lifetime and logical-Z lifetime",1,encoding-pure-loss arbitrary-terminal-recovery entanglement fidelity,,T4.4.4 is a ten-cycle two-level history-conditioned controller lane without matched six-state channel Choi data; lifetime cannot be subtracted from one-cycle F_e,False,,
teacher_student_gap,,,INCOMPARABLE,,,,,,,,,cutoff12:student:recovery_bound_gap,12,,,,,,,,,,,,,,,,,,,,,,,,,,,,,,,,,,,,,,,,,,,,,,,,,,,,,,,,,,,,,,,,,,,,,,,,,,,,,,,,,,,,,,,,,student,T4.4.4,10,"trajectory selection score, fidelity lifetime and logical-Z lifetime",1,encoding-pure-loss arbitrary-terminal-recovery entanglement fidelity,,T4.4.4 is a ten-cycle two-level history-conditioned controller lane without matched six-state channel Choi data; lifetime cannot be subtracted from one-cycle F_e,False,,
teacher_student_gap,,,INCOMPARABLE,,,,,,,,,cutoff16:teacher:recovery_bound_gap,16,,,,,,,,,,,,,,,,,,,,,,,,,,,,,,,,,,,,,,,,,,,,,,,,,,,,,,,,,,,,,,,,,,,,,,,,,,,,,,,,,,,,,,,,,teacher,T4.4.4,10,"trajectory selection score, fidelity lifetime and logical-Z lifetime",1,encoding-pure-loss arbitrary-terminal-recovery entanglement fidelity,,T4.4.4 is a ten-cycle two-level history-conditioned controller lane without matched six-state channel Choi data; lifetime cannot be subtracted from one-cycle F_e,False,,
teacher_student_gap,,,INCOMPARABLE,,,,,,,,,cutoff16:student:recovery_bound_gap,16,,,,,,,,,,,,,,,,,,,,,,,,,,,,,,,,,,,,,,,,,,,,,,,,,,,,,,,,,,,,,,,,,,,,,,,,,,,,,,,,,,,,,,,,,student,T4.4.4,10,"trajectory selection score, fidelity lifetime and logical-Z lifetime",1,encoding-pure-loss arbitrary-terminal-recovery entanglement fidelity,,T4.4.4 is a ten-cycle two-level history-conditioned controller lane without matched six-state channel Choi data; lifetime cannot be subtracted from one-cycle F_e,False,,
gate,,,,,,,,,,,,,,,,,,,,,,,,,,,,,,,,,,,,,,,,,,,,,,,,,,,,,,,,,,,,,,,,,,,,,,,,,,,,,,,,,,,,,,,,,,,,,,,,,,,,,,,,,,,,,,,all_three_parent_artifacts_and_implementations_are_live,True
gate,,,,,,,,,,,,,,,,,,,,,,,,,,,,,,,,,,,,,,,,,,,,,,,,,,,,,,,,,,,,,,,,,,,,,,,,,,,,,,,,,,,,,,,,,,,,,,,,,,,,,,,,,,,,,,,formal_config_is_frozen,True
gate,,,,,,,,,,,,,,,,,,,,,,,,,,,,,,,,,,,,,,,,,,,,,,,,,,,,,,,,,,,,,,,,,,,,,,,,,,,,,,,,,,,,,,,,,,,,,,,,,,,,,,,,,,,,,,,fifteen_small_cutoff_noise_sdp_lanes_are_complete,True
gate,,,,,,,,,,,,,,,,,,,,,,,,,,,,,,,,,,,,,,,,,,,,,,,,,,,,,,,,,,,,,,,,,,,,,,,,,,,,,,,,,,,,,,,,,,,,,,,,,,,,,,,,,,,,,,,all_encodings_and_encoded_channels_are_physical,True
gate,,,,,,,,,,,,,,,,,,,,,,,,,,,,,,,,,,,,,,,,,,,,,,,,,,,,,,,,,,,,,,,,,,,,,,,,,,,,,,,,,,,,,,,,,,,,,,,,,,,,,,,,,,,,,,,all_qec_matrices_are_psd_trace_consistent,True
gate,,,,,,,,,,,,,,,,,,,,,,,,,,,,,,,,,,,,,,,,,,,,,,,,,,,,,,,,,,,,,,,,,,,,,,,,,,,,,,,,,,,,,,,,,,,,,,,,,,,,,,,,,,,,,,,qec_matrix_and_direct_petz_fidelities_agree_with_conditioning_audit,True
gate,,,,,,,,,,,,,,,,,,,,,,,,,,,,,,,,,,,,,,,,,,,,,,,,,,,,,,,,,,,,,,,,,,,,,,,,,,,,,,,,,,,,,,,,,,,,,,,,,,,,,,,,,,,,,,,petz_theorem_intervals_are_ordered_and_bounded,True
gate,,,,,,,,,,,,,,,,,,,,,,,,,,,,,,,,,,,,,,,,,,,,,,,,,,,,,,,,,,,,,,,,,,,,,,,,,,,,,,,,,,,,,,,,,,,,,,,,,,,,,,,,,,,,,,,all_small_cutoff_solver_statuses_are_accepted_with_repaired_certificates,True
gate,,,,,,,,,,,,,,,,,,,,,,,,,,,,,,,,,,,,,,,,,,,,,,,,,,,,,,,,,,,,,,,,,,,,,,,,,,,,,,,,,,,,,,,,,,,,,,,,,,,,,,,,,,,,,,,all_repaired_primal_choi_certificates_are_cptp,True
gate,,,,,,,,,,,,,,,,,,,,,,,,,,,,,,,,,,,,,,,,,,,,,,,,,,,,,,,,,,,,,,,,,,,,,,,,,,,,,,,,,,,,,,,,,,,,,,,,,,,,,,,,,,,,,,,all_shifted_dual_certificates_are_feasible,True
gate,,,,,,,,,,,,,,,,,,,,,,,,,,,,,,,,,,,,,,,,,,,,,,,,,,,,,,,,,,,,,,,,,,,,,,,,,,,,,,,,,,,,,,,,,,,,,,,,,,,,,,,,,,,,,,,all_sdp_and_petz_theorem_intersections_are_nonempty,True
gate,,,,,,,,,,,,,,,,,,,,,,,,,,,,,,,,,,,,,,,,,,,,,,,,,,,,,,,,,,,,,,,,,,,,,,,,,,,,,,,,,,,,,,,,,,,,,,,,,,,,,,,,,,,,,,,small_cutoff_sdp_certificates_are_numerically_tight,True
gate,,,,,,,,,,,,,,,,,,,,,,,,,,,,,,,,,,,,,,,,,,,,,,,,,,,,,,,,,,,,,,,,,,,,,,,,,,,,,,,,,,,,,,,,,,,,,,,,,,,,,,,,,,,,,,,fifteen_extended_cutoff_noise_bounds_reach_cutoff_48,True
gate,,,,,,,,,,,,,,,,,,,,,,,,,,,,,,,,,,,,,,,,,,,,,,,,,,,,,,,,,,,,,,,,,,,,,,,,,,,,,,,,,,,,,,,,,,,,,,,,,,,,,,,,,,,,,,,twenty_seven_energy_extension_rows_are_complete,True
gate,,,,,,,,,,,,,,,,,,,,,,,,,,,,,,,,,,,,,,,,,,,,,,,,,,,,,,,,,,,,,,,,,,,,,,,,,,,,,,,,,,,,,,,,,,,,,,,,,,,,,,,,,,,,,,,smaller_delta_increases_registered_mean_code_energy_at_cutoff48,True
gate,,,,,,,,,,,,,,,,,,,,,,,,,,,,,,,,,,,,,,,,,,,,,,,,,,,,,,,,,,,,,,,,,,,,,,,,,,,,,,,,,,,,,,,,,,,,,,,,,,,,,,,,,,,,,,,all_cutoff_diagnostics_retain_finite_cutoff_boundary,True
gate,,,,,,,,,,,,,,,,,,,,,,,,,,,,,,,,,,,,,,,,,,,,,,,,,,,,,,,,,,,,,,,,,,,,,,,,,,,,,,,,,,,,,,,,,,,,,,,,,,,,,,,,,,,,,,,twelve_actual_sbs_rows_are_parent_bound_and_completed,True
gate,,,,,,,,,,,,,,,,,,,,,,,,,,,,,,,,,,,,,,,,,,,,,,,,,,,,,,,,,,,,,,,,,,,,,,,,,,,,,,,,,,,,,,,,,,,,,,,,,,,,,,,,,,,,,,,actual_sbs_gaps_are_explicitly_schedule_mismatched_diagnostics,True
gate,,,,,,,,,,,,,,,,,,,,,,,,,,,,,,,,,,,,,,,,,,,,,,,,,,,,,,,,,,,,,,,,,,,,,,,,,,,,,,,,,,,,,,,,,,,,,,,,,,,,,,,,,,,,,,,teacher_student_gaps_are_null_and_incomparable,True
gate,,,,,,,,,,,,,,,,,,,,,,,,,,,,,,,,,,,,,,,,,,,,,,,,,,,,,,,,,,,,,,,,,,,,,,,,,,,,,,,,,,,,,,,,,,,,,,,,,,,,,,,,,,,,,,,verdict_separates_bound_sdp_actual_and_heterogeneous_lanes,True
gate,,,,,,,,,,,,,,,,,,,,,,,,,,,,,,,,,,,,,,,,,,,,,,,,,,,,,,,,,,,,,,,,,,,,,,,,,,,,,,,,,,,,,,,,,,,,,,,,,,,,,,,,,,,,,,,claim_boundary_remains_arbitrary_recovery_not_deployable_decoder,True
