section,row_id,lane_or_task,state_or_verdict,payload_json,payload_sha256
lane_decision,MULTIMODE_SOFTWARE_ALGORITHM,MULTIMODE_SOFTWARE_ALGORITHM,NO_GO,"{""decision"":""NO_GO"",""direct_evidence"":{""baseline_p_L"":0.11197916666666667,""formal_or_pilot_accessed"":false,""headroom_verdict"":""NO_GO_MULTIMODE_CAUSAL_HEADROOM"",""proposed_p_L"":0.11197916666666667,""relative_improvement_lcb"":0.0,""relative_improvement_point"":0.0,""strongest_baseline"":""static_mixture_exact_mld"",""task_status"":""Dropped""},""gate_passed"":false,""lane_id"":""MULTIMODE_SOFTWARE_ALGORITHM"",""matrix_context"":""NO_GO_PRIMARY_WITH_OPENED_TASK_LOCAL_CONTEXT"",""permitted_claim"":""opened task-local context plus mandatory v1 strongest-baseline NO-GO"",""required_task"":""T6.24.5""}",73e24770a2a092909fb58498af423b79a85136e47695fda369a3ad61161e0bf4
lane_decision,SINGLE_MODE_DETERMINISTIC_RTL,SINGLE_MODE_DETERMINISTIC_RTL,GO,"{""decision"":""GO"",""direct_evidence"":{""formal_verdict"":""PASS_CONVERGED_PRODUCTION_TOP_PROPERTY_COVER_MUTATION_CLOSED"",""hardware_verdict"":""PASS_EXACT_CONVERGED_TOP_THREE_SEED_PREBOARD_HARDWARE_LANE"",""initiation_interval_cycles"":1,""latency_cycles"":6,""long_verdict"":""PASS_EXACT_CONVERGED_TOP_MILLION_CYCLE_CXXRTL_QUALIFICATION"",""measured_fields"":{""board_deadline_miss_rate"":null,""board_jitter_ns"":null,""board_latency_ns"":null,""board_power_mw"":null,""physical_commit_latency_us"":null,""physical_transfer_latency_us"":null},""minimum_fmax_mhz"":36.79446792602539,""task_status"":""Done"",""wrapper_may_dominate_all"":true},""gate_passed"":true,""lane_id"":""SINGLE_MODE_DETERMINISTIC_RTL"",""matrix_context"":""GO_EXACT_TOP_PREBOARD_HARDWARE_LANE"",""permitted_claim"":""exact-top deterministic/atomic/fail-closed pre-board hardware lane"",""required_task"":""T6.25.4""}",4fab000f660e22bd207a5137d003fdef5b1c33429a584dbf7b3fcc1134209a30
lane_decision,LEARNED_APPROXIMATION_EXTENSION,LEARNED_APPROXIMATION_EXTENSION,DROPPED_ABLATION_ONLY,"{""decision"":""DROPPED_ABLATION_ONLY"",""direct_evidence"":{""changes_overall_verdict"":false,""task_status"":""Dropped""},""gate_passed"":false,""lane_id"":""LEARNED_APPROXIMATION_EXTENSION"",""matrix_context"":""DROPPED_ABSENT"",""permitted_claim"":""dropped/ablation status only"",""required_task"":""T6.26.2""}",26b615b5f92ae729d0bf6ef6bc18b5d38404b43615105187d0a99c74d14a8546
final_claim,MM_OPENED_TASK_LOCAL_GAIN,MULTIMODE_SOFTWARE_ALGORITHM,RETAIN_CONTEXT_ONLY,"{""blocking_gaps"":[""not the strongest eligible deployable denominator"",""opened task-local development evidence"",""T6.24.5 not run""],""claim_id"":""MM_OPENED_TASK_LOCAL_GAIN"",""current_evidence"":{""absolute_improvement"":{""ci_high"":0.06492635677083333,""ci_low"":0.0644128125,""clusters"":32,""mean"":0.0646684375,""resamples"":20000},""candidate_allocated_bytes_first_decode_max"":20448,""candidate_cvar95_window_ler"":0.24062666933760685,""candidate_p_L"":0.1722609375,""candidate_runtime_seconds"":1853.8019994000108,""candidate_seconds_per_decode"":0.00019310437493750112,""candidate_worst_window_ler"":0.291015625,""cycles"":9600000,""static_euclidean_p_L"":0.236929375},""final_disposition"":""RETAIN_CONTEXT_ONLY"",""final_wording"":""Retain only as opened task-local multimode context alongside the mandatory strongest-baseline NO-GO."",""forbidden_wording"":[""multimode SOTA"",""strongest deployable baseline"",""implemented by the six-cycle RTL""],""lane_id"":""MULTIMODE_SOFTWARE_ALGORITHM"",""paper_placements"":[""Results"",""Discussion"",""Supplement""],""parent_evidence_keys"":{""code"":[""mm_opened_code""],""configs"":[""self_config"",""mm_opened_config""],""raw_data"":[""mm_opened_raw""],""reports"":[""mm_opened_report""],""selectors"":[""summaries.aggregate"",""comparisons.aggregate"",""formal_counts"",""claim_boundary""],""sources"":[""mm_official_source""]},""parent_payload_sha256"":""031d58ebf9d59d200fa5f5f6e5c7f272aebb10cb1a2af0527463becda0e3402f"",""parent_state"":""RESULTS_ONLY_NONRANKING"",""revocation_conditions"":[""hide T6.20.4 zero-headroom result"",""call the result frozen-benchmark or universal SOTA""]}",c3f180b8f96dca7c6971a42bd0f5e34d738434a485830e3ca28652f0c566750c
final_claim,MM_V1_CAUSAL_HEADROOM_NO_GO,MULTIMODE_SOFTWARE_ALGORITHM,MANDATORY_NEGATIVE,"{""blocking_gaps"":[""relative improvement point is 0%"",""paired 95% lower bound is 0%"",""pilot/formal unaccessed""],""claim_id"":""MM_V1_CAUSAL_HEADROOM_NO_GO"",""current_evidence"":{""baseline_p_L"":0.11197916666666667,""formal_or_pilot_accessed"":false,""proposed_p_L"":0.11197916666666667,""relative_improvement_lcb"":0.0,""relative_improvement_point"":0.0,""strongest_baseline"":""static_mixture_exact_mld"",""verdict"":""NO_GO_MULTIMODE_CAUSAL_HEADROOM""},""final_disposition"":""MANDATORY_NEGATIVE"",""final_wording"":""Mandatory negative: Phase-6D v1 did not enter implementation or formal because usable causal headroom over the strongest retained static baseline was zero."",""forbidden_wording"":[""passed the 10% gate"",""delete the strongest baseline"",""rescued by RTL safety""],""lane_id"":""MULTIMODE_SOFTWARE_ALGORITHM"",""paper_placements"":[""Results"",""Discussion"",""Supplement""],""parent_evidence_keys"":{""code"":[""mm_headroom_code""],""configs"":[""self_config"",""mm_headroom_config""],""raw_data"":[""mm_headroom_raw"",""mm_headroom_source_data""],""reports"":[""mm_headroom_report""],""selectors"":[""strongest_development_baseline_selection"",""paired_bootstrap"",""headroom_gate"",""scope""],""sources"":[""mm_headroom_source"",""cancellation_ledger""]},""parent_payload_sha256"":""1c397ade51f0cea79045209638d16d1b0073457d8bd2e99e264d605c1c35f400"",""parent_state"":""MANDATORY_NEGATIVE"",""revocation_conditions"":[""delete static-mixture exact MLD"",""delete an unfavorable family"",""use RTL evidence to rescue the gate""]}",6114da58c068c924e0d130fcff7b0e8307ba52a63965ee5c81d70c6493fac586
final_claim,MM_FROZEN_BENCHMARK_SOTA_BLOCKED,MULTIMODE_SOFTWARE_ALGORITHM,BLOCKED,"{""blocking_gaps"":[""T6.24.5 Dropped"",""no untouched formal result"",""no simultaneous >10% LCB against every eligible baseline""],""claim_id"":""MM_FROZEN_BENCHMARK_SOTA_BLOCKED"",""current_evidence"":null,""final_disposition"":""BLOCKED"",""final_wording"":""Frozen-benchmark multimode SOTA is not established."",""forbidden_wording"":[""frozen-benchmark SOTA"",""universal GKP SOTA"",""formal confirmation""],""lane_id"":""MULTIMODE_SOFTWARE_ALGORITHM"",""paper_placements"":[""AbstractBoundary"",""Results"",""Limitations"",""Supplement""],""parent_evidence_keys"":{""code"":[""mm_headroom_code""],""configs"":[""self_config"",""mm_headroom_config""],""raw_data"":[""mm_headroom_raw"",""mm_headroom_source_data""],""reports"":[""mm_headroom_report""],""selectors"":[""strongest_development_baseline_selection"",""paired_bootstrap"",""headroom_gate"",""scope""],""sources"":[""mm_headroom_source"",""cancellation_ledger""]},""parent_payload_sha256"":""c57b44104198c3b92387bb073dcccfd8885e23ae9fe5abbc217713c1a24ff3ca"",""parent_state"":""BLOCKED_NOT_RUN"",""revocation_conditions"":[""write frozen-benchmark SOTA"",""write universal GKP SOTA"",""promote T6.18.3 into formal""]}",a27cd2fae95db1df0fc03ab2a710566db6f5e7529e44124990b3feb8ab13c252
final_claim,RTL_DETERMINISTIC_SIX_CYCLE_II1,SINGLE_MODE_DETERMINISTIC_RTL,PROMOTED_RESTRICTED,"{""blocking_gaps"":[""physical transport/CDC/pins absent"",""nanosecond board latency unmeasured""],""claim_id"":""RTL_DETERMINISTIC_SIX_CYCLE_II1"",""current_evidence"":{""cycles_qualified"":1000000,""ii1_input_pairs"":998435,""ii1_output_pairs"":998435,""initiation_interval_cycles"":1,""latency_cycles"":6,""mismatches"":0},""final_disposition"":""PROMOTED_RESTRICTED"",""final_wording"":""The exact single-mode converged RTL supports a six-cycle, II=1 pre-board architecture and passed one-million-cycle full-vector CXXRTL qualification."",""forbidden_wording"":[""multimode decoder latency"",""board-measured latency"",""fastest FPGA decoder""],""lane_id"":""SINGLE_MODE_DETERMINISTIC_RTL"",""paper_placements"":[""Abstract"",""Methods"",""Results"",""Conclusion"",""Supplement""],""parent_evidence_keys"":{""code"":[""rtl_formal_code"",""rtl_long_code"",""rtl_hardware_code""],""configs"":[""self_config"",""rtl_formal_config"",""rtl_long_config"",""rtl_hardware_config""],""raw_data"":[""rtl_formal_raw"",""rtl_long_raw"",""rtl_hardware_raw""],""reports"":[""rtl_formal_report"",""rtl_long_report"",""rtl_hardware_report""],""selectors"":[""formal_results"",""aggregate_python"",""clock_model"",""fmax_mhz"",""resource_summary"",""critical_paths""],""sources"":[""rtl_production_source"",""rtl_long_source"",""rtl_hardware_source""]},""parent_payload_sha256"":""db15c85f9e6749b0575c3aa7231ec9798456143d484250ff1b006796ee39e0af"",""parent_state"":""CURRENT_RESTRICTED"",""revocation_conditions"":[""source hash drift"",""nonzero CXXRTL mismatch"",""latency or II contract failure""]}",ee782b24309bdee9f8edf3180c04607a5062daac88ce31b14c22beaaefb1a836
final_claim,RTL_ATOMIC_FAIL_CLOSED,SINGLE_MODE_DETERMINISTIC_RTL,PROMOTED_RESTRICTED,"{""blocking_gaps"":[""two-state RTL scope"",""physical CDC/metastability absent"",""unbounded liveness not claimed""],""claim_id"":""RTL_ATOMIC_FAIL_CLOSED"",""current_evidence"":{""formal_gates"":{""passed"":17,""total"":17},""formal_mutations"":{""killed"":21,""minimum"":18,""total"":21},""long_gates"":{""passed"":19,""total"":19},""long_semantic_mutations"":{""detected"":21,""total"":21}},""final_disposition"":""PROMOTED_RESTRICTED"",""final_wording"":""The exact converged production top passes the stated pre-board atomic versioned-bank and fail-closed property contract."",""forbidden_wording"":[""physical fail-safe proof"",""multimode safety proof"",""board verified""],""lane_id"":""SINGLE_MODE_DETERMINISTIC_RTL"",""paper_placements"":[""Abstract"",""Methods"",""Results"",""Conclusion"",""Supplement""],""parent_evidence_keys"":{""code"":[""rtl_formal_code"",""rtl_long_code"",""rtl_hardware_code""],""configs"":[""self_config"",""rtl_formal_config"",""rtl_long_config"",""rtl_hardware_config""],""raw_data"":[""rtl_formal_raw"",""rtl_long_raw"",""rtl_hardware_raw""],""reports"":[""rtl_formal_report"",""rtl_long_report"",""rtl_hardware_report""],""selectors"":[""formal_results"",""aggregate_python"",""clock_model"",""fmax_mhz"",""resource_summary"",""critical_paths""],""sources"":[""rtl_production_source"",""rtl_long_source"",""rtl_hardware_source""]},""parent_payload_sha256"":""713bb9d4809c30accded64d4ca72c7d36e3bc11304e5311457ab27c52067b0fd"",""parent_state"":""CURRENT_RESTRICTED"",""revocation_conditions"":[""formal gate or mutation failure"",""reintroduce raw config/trust bypass"",""cross-top evidence stitching""]}",ad2bc1583a035badce20cae6862ead88a1a7eec3ad84f18c705b78652a77bf3b
final_claim,RTL_POST_ROUTE_ESTIMATE,SINGLE_MODE_DETERMINISTIC_RTL,PROMOTED_RESTRICTED,"{""blocking_gaps"":[""open-source estimate, not vendor signoff"",""observability fold may dominate critical path"",""no physical bitstream or board""],""claim_id"":""RTL_POST_ROUTE_ESTIMATE"",""current_evidence"":{""clock_model"":{""at_27mhz_ns"":222.22222222222223,""at_minimum_fmax_ns"":163.06799196180498,""cycles"":6,""deadline_miss_count"":null,""evidence_level"":""post-route clock model; no transport or physical jitter"",""initiation_interval_cycles"":1,""jitter_ns"":null},""critical_paths"":[{""clock_to_q_ns"":0.23100000619888306,""end_cell"":""fold[11]_DFFR_Q"",""end_component"":""observability_fold"",""end_location"":[7,12],""from_clock"":""posedge converged.clk"",""logic_ns"":11.972000300884247,""period_ns"":26.40700029209256,""routing_ns"":14.16899998486042,""seed"":1,""segment_count"":93,""setup_ns"":0.03500000014901161,""start_cell"":""converged.core.phase_frame_x_DFFRE_Q"",""start_component"":""production_core"",""start_location"":[22,14],""to_clock"":""posedge converged.clk"",""wrapper_may_dominate"":true},{""clock_to_q_ns"":0.23100000619888306,""end_cell"":""fold[11]_DFFR_Q_15"",""end_component"":""observability_fold"",""end_location"":[6,14],""from_clock"":""posedge converged.clk"",""logic_ns"":9.858000248670578,""period_ns"":26.500000212341547,""routing_ns"":16.375999957323074,""seed"":7,""segment_count"":77,""setup_ns"":0.03500000014901161,""start_cell"":""converged.core.leakage_clean_run_DFFRE_Q_1"",""start_component"":""production_core"",""start_location"":[19,15],""to_clock"":""posedge converged.clk"",""wrapper_may_dominate"":true},{""clock_to_q_ns"":0.23100000619888306,""end_cell"":""fold[11]_DFFR_Q"",""end_component"":""observability_fold"",""end_location"":[7,10],""from_clock"":""posedge converged.clk"",""logic_ns"":10.30700021982193,""period_ns"":27.17800024524331,""routing_ns"":16.605000019073486,""seed"":19,""segment_count"":81,""setup_ns"":0.03500000014901161,""start_cell"":""converged.core.leakage_clean_run_DFFRE_Q"",""start_component"":""production_core"",""start_location"":[22,11],""to_clock"":""posedge converged.clk"",""wrapper_may_dominate"":true}],""fmax_mhz"":{""maximum"":37.86874771118164,""median"":37.73584747314453,""minimum"":36.79446792602539,""spread"":1.07427978515625},""resource_summary"":{""ALU"":{""available"":15552,""maximum"":590,""median"":590,""minimum"":590},""BSRAM"":{""available"":46,""maximum"":8,""median"":8,""minimum"":8},""DFF"":{""available"":15552,""maximum"":2495,""median"":2495,""minimum"":2495},""IOB"":{""available"":384,""maximum"":18,""median"":18,""minimum"":18},""LUT4"":{""available"":20736,""maximum"":6130,""median"":6118,""minimum"":6108},""MULT18X18"":{""available"":48,""maximum"":1,""median"":1,""minimum"":1},""MULT9X9"":{""available"":96,""maximum"":1,""median"":1,""minimum"":1}}},""final_disposition"":""PROMOTED_RESTRICTED"",""final_wording"":""The exact qualified top passes three-seed 27 MHz open-source P&R; reported Fmax/resources are whole-harness pre-board estimates."",""forbidden_wording"":[""bare-core Fmax"",""vendor signoff"",""measured power"",""fastest""],""lane_id"":""SINGLE_MODE_DETERMINISTIC_RTL"",""paper_placements"":[""Methods"",""Results"",""Supplement""],""parent_evidence_keys"":{""code"":[""rtl_formal_code"",""rtl_long_code"",""rtl_hardware_code""],""configs"":[""self_config"",""rtl_formal_config"",""rtl_long_config"",""rtl_hardware_config""],""raw_data"":[""rtl_formal_raw"",""rtl_long_raw"",""rtl_hardware_raw""],""reports"":[""rtl_formal_report"",""rtl_long_report"",""rtl_hardware_report""],""selectors"":[""formal_results"",""aggregate_python"",""clock_model"",""fmax_mhz"",""resource_summary"",""critical_paths""],""sources"":[""rtl_production_source"",""rtl_long_source"",""rtl_hardware_source""]},""parent_payload_sha256"":""db53d155d70ba2f0f8ddef47e92379efc2b13e5447e7f9273d636394047e0033"",""parent_state"":""CURRENT_RESTRICTED"",""revocation_conditions"":[""any seed fails 27 MHz"",""source/netlist binding drift"",""rename harness Fmax as bare-core or board speed""]}",4674ac8b00f9f0b73d87c575d23651784d344e16844d2cc691919b525cf1b350
final_claim,RTL_BOARD_MEASUREMENT_BLOCKED,SINGLE_MODE_DETERMINISTIC_RTL,BLOCKED,"{""blocking_gaps"":[""T6.9.2 Blocked"",""no board correctness/latency/jitter/deadline/power"",""transport/CDC unimplemented""],""claim_id"":""RTL_BOARD_MEASUREMENT_BLOCKED"",""current_evidence"":{""board_deadline_miss_rate"":null,""board_jitter_ns"":null,""board_latency_ns"":null,""board_power_mw"":null,""physical_commit_latency_us"":null,""physical_transfer_latency_us"":null},""final_disposition"":""BLOCKED"",""final_wording"":""All physical-board fields remain null and unavailable."",""forbidden_wording"":[""board measured"",""zero physical deadline miss"",""measured power""],""lane_id"":""SINGLE_MODE_DETERMINISTIC_RTL"",""paper_placements"":[""Methods"",""Results"",""Limitations"",""Supplement""],""parent_evidence_keys"":{""code"":[""rtl_hardware_code"",""board_blocker_code""],""configs"":[""self_config"",""rtl_hardware_config""],""raw_data"":[""rtl_hardware_raw""],""reports"":[""rtl_hardware_report"",""board_blocker_report""],""selectors"":[""measured_fields"",""evidence_boundary""],""sources"":[""rtl_production_source"",""rtl_hardware_source""]},""parent_payload_sha256"":""a082b1ea6eae3f3317ab4d9a7a70b95efdcc35803581799fe54f96dd0446d9f3"",""parent_state"":""BLOCKED_NOT_RUN"",""revocation_conditions"":[""populate any measured field from clock model/P&R/analytic power"",""mark T6.9.2 Done without physical protocol""]}",5d2a14c381b2f72ea9b4a4c088e4bcba3de51cd8e0fdf715b67147b746674c05
final_claim,RTL_SPEED_ADVANTAGE_PROHIBITED,SINGLE_MODE_DETERMINISTIC_RTL,PROHIBITED_POSITIVE,"{""blocking_gaps"":[""no same-task board comparator"",""current Fmax is observability-harness estimate"",""external tasks are incommensurate""],""claim_id"":""RTL_SPEED_ADVANTAGE_PROHIBITED"",""current_evidence"":{""fastest_or_sota"":false},""final_disposition"":""PROHIBITED_POSITIVE"",""final_wording"":""No FPGA speed advantage is claimed."",""forbidden_wording"":[""faster than existing FPGA decoders"",""fastest"",""SOTA latency""],""lane_id"":""SINGLE_MODE_DETERMINISTIC_RTL"",""paper_placements"":[""RelatedWork"",""Limitations"",""Supplement""],""parent_evidence_keys"":{""code"":[""rtl_formal_code"",""rtl_long_code"",""rtl_hardware_code""],""configs"":[""self_config"",""rtl_formal_config"",""rtl_long_config"",""rtl_hardware_config""],""raw_data"":[""rtl_formal_raw"",""rtl_long_raw"",""rtl_hardware_raw""],""reports"":[""rtl_formal_report"",""rtl_long_report"",""rtl_hardware_report""],""selectors"":[""formal_results"",""aggregate_python"",""clock_model"",""fmax_mhz"",""resource_summary"",""critical_paths""],""sources"":[""rtl_production_source"",""rtl_long_source"",""rtl_hardware_source""]},""parent_payload_sha256"":""910e074d155ad8328f6b28a63c2e98c5359d1839380011f8ac019f9a4f3b5a78"",""parent_state"":""PROHIBITED_POSITIVE"",""revocation_conditions"":[""write faster/fastest/SOTA latency"",""rank raw nanoseconds across code families""]}",d3723402b33bc7dbed051ab2a5c85d3aaf359bd3fe54e74ab36282c7818001a4
final_claim,LEARNING_APPROXIMATION_DROPPED,LEARNED_APPROXIMATION_EXTENSION,DROPPED_ABLATION_ONLY,"{""blocking_gaps"":[""no authorized Phase-6D teacher"",""no distillation/quantization/formal retention"",""T6.26.2 Dropped""],""claim_id"":""LEARNING_APPROXIMATION_DROPPED"",""current_evidence"":{""T6.26.1"":""Dropped"",""T6.26.2"":""Dropped"",""present_in_primary_rtl"":false},""final_disposition"":""DROPPED_ABLATION_ONLY"",""final_wording"":""CNN/student is absent from the primary Phase-6D result and retained only as a dropped/ablation status."",""forbidden_wording"":[""CNN-centric primary contribution"",""student proves SOTA"",""student proves RTL safety""],""lane_id"":""LEARNED_APPROXIMATION_EXTENSION"",""paper_placements"":[""Methods"",""Results"",""Supplement""],""parent_evidence_keys"":{""code"":[""dual_contract_code"",""mm_headroom_code"",""rtl_hardware_code""],""configs"":[""self_config"",""mm_headroom_config"",""rtl_hardware_config""],""raw_data"":[""dual_contract_raw"",""mm_headroom_source_data"",""rtl_hardware_raw""],""reports"":[""dual_contract_report"",""mm_headroom_report"",""rtl_hardware_report""],""selectors"":[""lanes.LEARNED_APPROXIMATION_EXTENSION"",""scope"",""learning_extension""],""sources"":[""cancellation_ledger"",""rtl_hardware_source""]},""parent_payload_sha256"":""13800de86246eec398137b5ee9a6506fc0b0826ddc486df7c509c27d2ef78d75"",""parent_state"":""DROPPED_ABSENT"",""revocation_conditions"":[""make CNN/student a primary contribution"",""use legacy CNN to alter either lane verdict""]}",16bf646e71ef68ebb90c5009e473200a463b7f491c8b86bfb98bb1d4e4c239e2
final_claim,DUAL_LANE_NONTRANSFERABILITY,META_CONTRACT,MANDATORY_META_BOUNDARY,"{""blocking_gaps"":[""current RTL does not execute multimode MLD"",""lanes have different task signatures and metrics""],""claim_id"":""DUAL_LANE_NONTRANSFERABILITY"",""current_evidence"":{""global_weighted_score"":null,""one_lane_cannot_satisfy_another_lane_gate"":true},""final_disposition"":""MANDATORY_META_BOUNDARY"",""final_wording"":""The two evidence lanes are parallel and connected by a contract pattern, not by a common performance denominator or current decoder deployment."",""forbidden_wording"":[""combined LER-latency score"",""RTL rescues multimode"",""multimode validates RTL""],""lane_id"":""META_CONTRACT"",""paper_placements"":[""TitleBoundary"",""Abstract"",""Methods"",""Discussion"",""Conclusion""],""parent_evidence_keys"":{""code"":[""dual_contract_code"",""mm_headroom_code"",""rtl_hardware_code""],""configs"":[""self_config"",""mm_headroom_config"",""rtl_hardware_config""],""raw_data"":[""dual_contract_raw"",""mm_headroom_source_data"",""rtl_hardware_raw""],""reports"":[""dual_contract_report"",""mm_headroom_report"",""rtl_hardware_report""],""selectors"":[""forbidden_transfers"",""headroom_gate"",""evidence_boundary""],""sources"":[""cancellation_ledger"",""rtl_production_source""]},""parent_payload_sha256"":""0b5502c8d2548ba52d2eaa424d3e9bf7da80b0c04c2358ded4cff8d152657eed"",""parent_state"":""META_BOUNDARY"",""revocation_conditions"":[""add a weighted LER-latency score"",""allow one lane to satisfy another lane gate"",""draw a deployment arrow without compiler/equivalence proof""]}",317d39b6dc5237c5fb695b5e90fb3083cfb091a0395143d4b4e794062b65c055
phase7_handoff,T7.1.5,T7.1.5,READY_AFTER_T6_26_4,"{""status"":""READY_AFTER_T6_26_4"",""task_id"":""T7.1.5""}",3f141d2dd5bc943c1f1e9cf622215e990070b16be4188b582c330b79837b23ea
phase7_handoff,T7.2.6,T7.2.6,WAIT_T7_1_5,"{""status"":""WAIT_T7_1_5"",""task_id"":""T7.2.6""}",eae0d5c3a4d6a9ce453246293bc605b941788ca1e65c6b2671e0854536ac0243
phase7_handoff,T7.3.8,T7.3.8,READY_FOR_NEGATIVE_ANSWER,"{""status"":""READY_FOR_NEGATIVE_ANSWER"",""task_id"":""T7.3.8""}",a960af816b64db4907e478d53f6271d80db366b34445c88948414aa5716048c7
phase7_handoff,T7.3.9,T7.3.9,READY_FOR_CONTRACT_BRIDGE_ANSWER,"{""status"":""READY_FOR_CONTRACT_BRIDGE_ANSWER"",""task_id"":""T7.3.9""}",c21f70a2fecaa11fba034dc18ce0ffacf47bfea8d56ca7180f124854c51eaa6f
phase7_handoff,T7.4.1,T7.4.1,WAIT_PHASE7_DELTA,"{""status"":""WAIT_PHASE7_DELTA"",""task_id"":""T7.4.1""}",2a2e1216973773b85389e3d99aca32843227293fddb1ebc04fd142366480e0cd
phase7_handoff,T7.4.3,T7.4.3,WAIT_PHASE7_DELTA,"{""status"":""WAIT_PHASE7_DELTA"",""task_id"":""T7.4.3""}",e7689be0a6c8f2ae18c08b599d78f1081939d1b0246578a474ddad9618923957
truth_table,"multimode=true,rtl=true",META,GO_TWO_LANE,"{""truth_key"":""multimode=true,rtl=true"",""verdict"":""GO_TWO_LANE""}",04548a749cdefce89f69c9d2e77634505d496bb2c64c1d3d09795cb05680fe05
truth_table,"multimode=true,rtl=false",META,GO_MULTIMODE_ONLY,"{""truth_key"":""multimode=true,rtl=false"",""verdict"":""GO_MULTIMODE_ONLY""}",c4b1a8138a8e0f6d3e4e381c65382da47f990f53975da99665769c610d77a733
truth_table,"multimode=false,rtl=true",META,GO_RTL_ONLY,"{""truth_key"":""multimode=false,rtl=true"",""verdict"":""GO_RTL_ONLY""}",d86b69da5c24ef245e3d50961c674f7fca2dff587f7a899c437765237e93f998
truth_table,"multimode=false,rtl=false",META,NO_GO,"{""truth_key"":""multimode=false,rtl=false"",""verdict"":""NO_GO""}",ffa8fed1520dfa36867d1145271ba9ef26b083a13188c7cf8b547d3dbd8e07b3
artifact,implementation,META,BINDING,"{""artifact_id"":""implementation"",""bytes"":36059,""path"":""cnn_fpga/benchmark/phase6d_final_dual_lane_gate.py"",""sha256"":""e7ff068ac48a8ab94bb1009a13d4bcde5a0310c8d9f75fa87a2da0d5fd00629a""}",ea9a914190af0ca85adc81edcc8928be2ba52d043f8cced9d19da8048e7e9bf4
artifact,self_config,META,BINDING,"{""artifact_id"":""self_config"",""bytes"":1608,""path"":""configs/phase6d/t6_26_4_final_dual_lane_gate.json"",""sha256"":""ac3978417cbed1ae651fb1b5ba160db3f21380762b0dde137509e33bd07e7655""}",61d748472090b3a8332ff05429270ff046abb219b5b277af3a5c9c048c58bb93
artifact,matrix_report,META,BINDING,"{""artifact_id"":""matrix_report"",""bytes"":65189,""path"":""docs/t6_26_3_dual_lane_evidence_matrix.json"",""sha256"":""3a45888a836faae56b6640a5437342de4cebcdce69bddd6716a92472f33220a1""}",ba3e62fc0b72d612fb0001dfd29186c6513c5531a7d28a6837710e6506c215a3
artifact,matrix_source_data,META,BINDING,"{""artifact_id"":""matrix_source_data"",""bytes"":47002,""path"":""docs/t6_26_3_dual_lane_evidence_source_data.csv"",""sha256"":""882823c835fb3f79d05f7d5fe779edc262422811d855938b4a98b97c1ceeef02""}",18e491b7b2e1fe7621b2951925a362f13fbc077abc874d1a6816e2a5ccf1d043
artifact,matrix_config,META,BINDING,"{""artifact_id"":""matrix_config"",""bytes"":2312,""path"":""configs/phase6d/t6_26_3_dual_lane_evidence_matrix.json"",""sha256"":""09dd65e9b3d8b655025e4965951bfe40d20fe876961c84abc756815800984d7c""}",f982995aa9247bc0cc8abfd581a8c791a7066a3889c30551c170f9beb17ce8db
artifact,matrix_code,META,BINDING,"{""artifact_id"":""matrix_code"",""bytes"":50664,""path"":""cnn_fpga/benchmark/phase6d_dual_lane_evidence_matrix.py"",""sha256"":""e86ffa21c9623ba5391f66289e975ed3e7d4675c75985c317418422f654574f5""}",8eb1885471b84e4c906cdbacee5838226f7d66ddb86448774b43fb2b407f8fff
artifact,matrix_markdown,META,BINDING,"{""artifact_id"":""matrix_markdown"",""bytes"":3633,""path"":""docs/phase6d_dual_lane_evidence_matrix.md"",""sha256"":""1e4f389924a2c05675a354c4942443c72462edf70f0d9248b0bfc92a611c1cba""}",9855a8df369f54084b0ade0e0e9ea09508084c01b098c65ca1306c33ff6e5553
artifact,cancellation_ledger,META,BINDING,"{""artifact_id"":""cancellation_ledger"",""bytes"":3034,""path"":""docs/phase6d_multimode_v1_cancellation_ledger.md"",""sha256"":""d468d37c973c3360036feab148195013e0247f1a88d0d54f7282d59dde8abf31""}",0185dbc9db2f9be2256e6e6fd376e64b8978eaf63b500d97aef7f12771eca006
artifact,headroom_report,META,BINDING,"{""artifact_id"":""headroom_report"",""bytes"":28011,""path"":""docs/t6_20_4_multimode_causal_headroom.json"",""sha256"":""091e68bdd63f7245999e7506c9eda4fc37970d02792f5d82eb53583364098d93""}",bc53a46d01e55b712ea1a595e281b896e1a5ed211ea6461f5f63d3afe6917524
artifact,headroom_raw,META,BINDING,"{""artifact_id"":""headroom_raw"",""bytes"":391830,""path"":""runs/t6_20_4_causal_headroom_raw.json"",""sha256"":""cf825e703b54a15de05bf8a54ffd498ffd5917fb3727e14f53ccf610105fde35""}",90c36b51f50e178391b0ca237339e69d146bcaae3c617baf52594da25bfb112b
artifact,headroom_config,META,BINDING,"{""artifact_id"":""headroom_config"",""bytes"":2942,""path"":""configs/phase6d/t6_20_4_causal_headroom.json"",""sha256"":""e0f21b8aa220bee40aa9b6e27e84d13cdf2e40a6a69d906e23ddb6c53ff8297f""}",82b7419e530d80d11507386602670d99a4e682b7dc94e0913f423c8e108bed84
artifact,headroom_code,META,BINDING,"{""artifact_id"":""headroom_code"",""bytes"":34126,""path"":""cnn_fpga/benchmark/multimode_causal_headroom.py"",""sha256"":""7b10532716d08e48f1a46c45a2583dcfac6df427218d67386fe19c3b60dbe1e7""}",05adecd646ebd519565e92e22d2d7a776bd61a02c65226e36ad6b69bb00394f6
artifact,headroom_source,META,BINDING,"{""artifact_id"":""headroom_source"",""bytes"":41726,""path"":""scripts/run_t6_20_4_causal_headroom.jl"",""sha256"":""88358c54da640a852fdb9314f29853a464039dcd2b8fcd16d1e0d4301d01e7ae""}",efc5e9815dffe3b768d8809326b24ab01eb1dff1f2bfcb6cb3edd2f2fe0e9f03
artifact,formal_report,META,BINDING,"{""artifact_id"":""formal_report"",""bytes"":102658,""path"":""docs/t6_25_2_converged_rtl_formal.json"",""sha256"":""a8e8b8427cfa0557b77cfe0774dc50fb9300c832acc61cfc5ce5b622f2c4cab7""}",1c80b9ea07fea4640f18f7c8cee0a3bea7c7567cb8ff13abb1f6f41525c61f56
artifact,formal_source_data,META,BINDING,"{""artifact_id"":""formal_source_data"",""bytes"":7985,""path"":""docs/t6_25_2_converged_rtl_formal_source_data.csv"",""sha256"":""3f5f816931431aaab2f70947954490125c2c831e31a67a5f24a693737052b54b""}",b4eda8e9c94bca15c69a41d041ea9dc5a70f51f7e15af22b0d1b7542d246b118
artifact,formal_code,META,BINDING,"{""artifact_id"":""formal_code"",""bytes"":33350,""path"":""cnn_fpga/benchmark/converged_rtl_formal.py"",""sha256"":""7ca58c14dcfb28bced2fe653f18e0a54ed47ffb9d6bd1dc0fd36ec55fa09e707""}",4019a20c9fc4cff6aa6e883cd959ced7202165eb2f1c56f38d756e90537db4b5
artifact,long_report,META,BINDING,"{""artifact_id"":""long_report"",""bytes"":40956,""path"":""docs/t6_25_3_converged_long_rtl.json"",""sha256"":""24f39dcad4677895d07b087793823f9054cc8d48ac4dd13fe4346cfa62fcadea""}",6df8a749a7862771c64efb3f4703a61b2e36d79f76f2554b8367b224bd7f6ba5
artifact,long_source_data,META,BINDING,"{""artifact_id"":""long_source_data"",""bytes"":6546,""path"":""docs/t6_25_3_converged_long_rtl_source_data.csv"",""sha256"":""d7050e84605cd066b75be4b4cbf24171d9bb4db7e5e40f85f6f97c548f5d2d2a""}",1954b8397bc286622a8ecf66c1683533ff94cbb905c5f46d305675245187783c
artifact,long_code,META,BINDING,"{""artifact_id"":""long_code"",""bytes"":55315,""path"":""cnn_fpga/benchmark/converged_long_rtl_qualification.py"",""sha256"":""5e61ba4b1a1bd9e321438ebdc85761cafbf77c25bbf10a242f854c90c5d5af11""}",74474446bd0a745c1ddfe660d420eef078ac5d2d7a59edbda9d82f0e49393b8a
artifact,hardware_report,META,BINDING,"{""artifact_id"":""hardware_report"",""bytes"":32395,""path"":""docs/t6_25_4_converged_hardware.json"",""sha256"":""953162d728e887ec563c6a96d08395024345ea0ae12780fb3c85b2292d435104""}",17925c56f49b1507615d99a511b4f405a355157f83c2d08f96f47526706c56f1
artifact,hardware_source_data,META,BINDING,"{""artifact_id"":""hardware_source_data"",""bytes"":1137,""path"":""docs/t6_25_4_converged_hardware_source_data.csv"",""sha256"":""26c55466146625d9c360560609839128b7b0a83a5591f3715c3939d7b942e425""}",e26f30992638dcf911df050f898af30d61c420e0e3be4ba1e6767ef7e5d84826
artifact,hardware_config,META,BINDING,"{""artifact_id"":""hardware_config"",""bytes"":754,""path"":""configs/phase6d/t6_25_4_converged_hardware.json"",""sha256"":""678622dcd19a34d939d9cd00d6902dd78ed82d32f839841bdcf0e6ea0038bcf1""}",df2a6179217869ad3a24f9497432b647bb84123442fb36d4ad624b138a4753d5
artifact,hardware_code,META,BINDING,"{""artifact_id"":""hardware_code"",""bytes"":36856,""path"":""cnn_fpga/benchmark/converged_hardware_lane_qualification.py"",""sha256"":""6b1c61f4690ff22501b47f0a1c6a1238281645b3a39dfcae254e6514dcebf4da""}",942965e9604c48ebf94ccc4627ed2ce2a37fd2e1c95b75bc15557e32dc916b00
artifact,production_rtl,META,BINDING,"{""artifact_id"":""production_rtl"",""bytes"":13007,""path"":""cnn_fpga/rtl/gkp_route_a_converged_production_top.sv"",""sha256"":""67bd18122a60d9107e048b2f97f49d52d39be784835ffcff85d404f105618269""}",93698c730f4c830ff9805ad05bea497e9ae2b90976b51165da1601a38f85a963
artifact,synthesis_rtl,META,BINDING,"{""artifact_id"":""synthesis_rtl"",""bytes"":12317,""path"":""cnn_fpga/rtl/gkp_route_a_converged_synth_top.sv"",""sha256"":""9f59e2afe58832ef27d3390e37743de0a22cf8086645f744628db4087f12cfd0""}",d9626c54017f14e5f3e338705160df9abcb6554a35dc4ea204f17e4924ecb7a8
artifact,hardware_netlist,META,BINDING,"{""artifact_id"":""hardware_netlist"",""bytes"":11898531,""path"":""docs/t6_25_4_converged_synth_netlist.json"",""sha256"":""b771b5da8761cd458b3d159b4e2d004aed3fdc024e78574a0fbcf36f1c08feaf""}",aa40b5af42c2f2edc46d97b68e56ef2c85a641f5c6b609636b41f0136f43db58
artifact,board_blocker_report,META,BINDING,"{""artifact_id"":""board_blocker_report"",""bytes"":9311,""path"":""docs/t6_9_2_route_a_board_measurement_blocker.json"",""sha256"":""3ba6b5fbaf88049b62a6bb8fe32d3a1ccb2c4e234c7b4f96e7401e3f598bf8c8""}",79b3ab6bb9be357e9ee660d456bdd7bde83fbec2c19ae1736d53f3a61c5cc8a0
artifact,board_blocker_code,META,BINDING,"{""artifact_id"":""board_blocker_code"",""bytes"":14700,""path"":""cnn_fpga/benchmark/route_a_board_measurement_gate.py"",""sha256"":""397c2dc76a7bba0d71a1b1582cddb01b385c8beee4429ea21d20ea322466352b""}",df708ef71f20d41bf1078692a6bcabfaa0ff2fcba8e2ab3e3fe7f2303044a836
artifact,historical_claim_snapshot,META,BINDING,"{""artifact_id"":""historical_claim_snapshot"",""bytes"":80985,""path"":""docs/t7_1_1_claim_evidence_boundary_matrix.json"",""sha256"":""d3126d0c7b3a8991a23b1b4281558020e5c76f8b00a071717c30a491d546253c""}",2933c943f00de34baf0540fe82a35f5695c33642ae7c4cb3956431c1301bb824
artifact,historical_main_figure_1_2,META,BINDING,"{""artifact_id"":""historical_main_figure_1_2"",""bytes"":31787,""path"":""docs/t7_1_2_main_figure_contract.json"",""sha256"":""a943b34868dcfd4d650954e1717601b620b371b45e82a9a6b29c678e41181ed4""}",8c4b123b4de74c42aa5dbe9b67dbd97f48b205a6bd1455daf788c360cd528366
artifact,historical_main_figure_3_4,META,BINDING,"{""artifact_id"":""historical_main_figure_3_4"",""bytes"":57101,""path"":""docs/t7_1_3_main_result_figure_contract.json"",""sha256"":""e6a4e490d294a55856ad313d00b1c2065db6a0d558339bf763451696c2f07092""}",a8d7eceecb2b066cbd98fc8d360d1bb414134641935c244ac5bb23cf0f57083d
