record_type,record_id,lane_id,payload_json,canonical_sha256
lane,MULTIMODE_SOFTWARE_ALGORITHM,MULTIMODE_SOFTWARE_ALGORITHM,"{""action"":""logical-coset decision per correction round"",""code_family"":""surface_square_gkp_multimode"",""deployment_status"":""SOFTWARE_ONLY_NOT_CURRENT_RTL"",""lane_id"":""MULTIMODE_SOFTWARE_ALGORITHM"",""observable"":""current analog syndrome plus causal observed-only prefix"",""precision"":""float64 reference plus preregistered approximate precision"",""primary_gate_ids"":[""T6.24.5""],""primary_metrics"":[""per_round_p_L""],""prohibited_claims"":[""current RTL implements multimode logical-coset MLD"",""single-mode six-cycle latency applies to this decoder"",""universal or device-level SOTA""],""required_evidence"":[""OFFICIAL_CODE_REPRODUCTION"",""UNTOUCHED_FORMAL_SIMULATION""],""role"":""PRIMARY_EVIDENCE_LANE"",""secondary_metrics"":[""p_X"",""p_Y"",""p_Z"",""worst_window_LER"",""CVaR95_window_LER"",""adaptation_lag"",""calibration"",""runtime"",""peak_memory"",""deadline_miss""],""task_signature"":{""code_family"":""surface_square_gkp_multimode"",""compute_budget"":""matched_cpu_core_memory_update_deadline"",""decision_target"":""logical_coset"",""evidence_level"":""untouched_project_native_formal"",""history_horizon"":""prefix_through_current_round_no_future_suffix"",""input_semantics"":""current_analog_syndrome_and_causal_prefix"",""modes_or_distance"":""surface_distance_d3_d5"",""noise_model"":""phase6d_frozen_multimode_suite"",""observability"":""observed_only"",""online_privilege"":""causal_budgeted"",""output_action"":""logical_coset_action"",""precision"":""float64_reference_plus_frozen_approximation"",""time_basis"":""per_round_software_source_to_decision""},""timing_boundaries"":[""software_source_to_decision"",""software_update_compute""]}",dc15c0b2962d8034b6a2353007beab40e9371a187aeceb51377b0bf766ec8db2
lane,SINGLE_MODE_DETERMINISTIC_RTL,SINGLE_MODE_DETERMINISTIC_RTL,"{""action"":""bounded frame/event action with version and reason code"",""code_family"":""single_mode_square_gkp_production_fast_path"",""deployment_status"":""ACTUAL_SINGLE_MODE_RTL_PREBOARD"",""frozen_fast_path"":{""bank_semantics"":""atomic_old_or_new"",""failure_semantics"":""fail_closed_reason_coded_action"",""initiation_interval_cycles"":1,""integrity"":[""CRC"",""version"",""CAS"",""LKG_rollback""],""latency_cycles"":6},""lane_id"":""SINGLE_MODE_DETERMINISTIC_RTL"",""observable"":""58-bit fixed-point syndrome/event/health input word"",""precision"":""production RTL fixed-point formats and saturating arithmetic"",""primary_gate_ids"":[""T6.25.4""],""primary_metrics"":[""latency_cycles"",""initiation_interval_cycles"",""atomic_old_or_new"",""fail_closed_property""],""prohibited_claims"":[""multimode decoder latency"",""board-measured latency or power before physical evidence"",""LER SOTA inferred from deterministic timing""],""required_evidence"":[""FIXED_POINT_INTEGER_REFERENCE"",""CXXRTL_PREBOARD"",""RTL_PROPERTY_PROOF"",""POST_ROUTE_ESTIMATE""],""role"":""PRIMARY_EVIDENCE_LANE"",""secondary_metrics"":[""undefined_action_count"",""silent_overflow_count"",""LUT"",""FF"",""BRAM"",""DSP"",""post_route_fmax"",""estimated_power""],""task_signature"":{""code_family"":""single_mode_square_gkp_production_fast_path"",""compute_budget"":""six_cycle_ii1_fixed_hardware_budget"",""decision_target"":""bounded_fast_path_action"",""evidence_level"":""cxxrtl_property_postroute_preboard"",""history_horizon"":""bounded_local_fsm_and_versioned_bank_state"",""input_semantics"":""t5_5_1_58_bit_fixed_point_wire_word"",""modes_or_distance"":""one_oscillator_two_quadrature_phases"",""noise_model"":""digital_replay_and_fault_injection"",""observability"":""wire_observed_only"",""online_privilege"":""local_fail_closed_no_hidden_truth"",""output_action"":""t5_5_1_fast_output_word"",""precision"":""production_rtl_fixed_point"",""time_basis"":""input_accept_to_action_valid_cycles""},""timing_boundaries"":[""rtl_input_accept_to_action_valid"",""rtl_initiation_interval""]}",7ac14df086f9e725f541aa37c3893cc025e9e9de1724711a8e41a909c537be5e
lane,LEARNED_APPROXIMATION_EXTENSION,LEARNED_APPROXIMATION_EXTENSION,"{""action"":""posterior/LLR/coset-probability/action approximation"",""code_family"":""replaceable_cnn_or_student_approximation"",""depends_on_lane"":""MULTIMODE_SOFTWARE_ALGORITHM"",""deployment_status"":""OPTIONAL_NOT_AN_INDEPENDENT_PRIMARY_LANE"",""failure_disposition"":""DROPPED_TO_ABLATION"",""lane_id"":""LEARNED_APPROXIMATION_EXTENSION"",""observable"":""exactly the parent algorithm observed-only inputs"",""precision"":""frozen matched-budget floating or quantized student"",""primary_gate_ids"":[],""primary_metrics"":[],""prohibited_claims"":[""independent algorithm SOTA"",""replacement for exact decoder formal gate"",""RTL safety or latency without actual RTL integration proof""],""promotion_task"":""T6.26.2"",""required_evidence"":[""UNTOUCHED_FORMAL_SIMULATION""],""role"":""OPTIONAL_DEPENDENT_EXTENSION"",""secondary_metrics"":[""posterior_calibration"",""action_agreement"",""LER_retention"",""worst_family_retention"",""runtime"",""memory"",""quantization_error""],""task_signature"":{""code_family"":""replaceable_cnn_or_student_approximation"",""compute_budget"":""matched_against_classical_approximation"",""decision_target"":""posterior_llr_coset_probability_or_action"",""evidence_level"":""dependent_retention_evidence_only"",""history_horizon"":""same_causal_parent_horizon"",""input_semantics"":""same_observed_only_parent_inputs"",""modes_or_distance"":""inherits_frozen_multimode_parent"",""noise_model"":""same_phase6d_frozen_multimode_suite"",""observability"":""observed_only_no_truth_teacher_at_inference"",""online_privilege"":""matched_budget_optional"",""output_action"":""approximation_target_plus_uncertainty"",""precision"":""frozen_float_or_quantized_student"",""time_basis"":""software_inference_boundary""},""timing_boundaries"":[""software_inference_only_unless_separately_integrated""]}",3eba1e6fc53c8cdfb8849760050d7072a7fde453473c38b202bbb858aea47de0
claim,C-MM-FROZEN-BENCHMARK-LER-SOTA,MULTIMODE_SOFTWARE_ALGORITHM,"{""claim_id"":""C-MM-FROZEN-BENCHMARK-LER-SOTA"",""forbidden_wording"":[""universal GKP SOTA"",""implemented by the current six-cycle RTL""],""lane_id"":""MULTIMODE_SOFTWARE_ALGORITHM"",""required_gate"":""T6.24.5"",""required_layers"":[""OFFICIAL_CODE_REPRODUCTION"",""UNTOUCHED_FORMAL_SIMULATION""],""safe_wording"":""On the frozen Phase-6D multimode benchmark, the proposed observed-only decoder passes the preregistered relative-LER gate against every eligible strongest deployable baseline."",""state"":""CONDITIONAL_FUTURE""}",cf42cd8c5781de89e649848af6159b78c32ca435f2d788fa00ce67308305742f
claim,C-RTL-HISTORICAL-PREBOARD-IMPLEMENTATION,SINGLE_MODE_DETERMINISTIC_RTL,"{""claim_id"":""C-RTL-HISTORICAL-PREBOARD-IMPLEMENTATION"",""forbidden_wording"":[""board measured"",""multimode decoder latency"",""formal proof complete""],""lane_id"":""SINGLE_MODE_DETERMINISTIC_RTL"",""required_gate"":""T6.2.2+T6.19.1"",""required_layers"":[""FIXED_POINT_INTEGER_REFERENCE"",""CXXRTL_PREBOARD"",""POST_ROUTE_ESTIMATE""],""safe_wording"":""The existing single-mode production RTL has a six-cycle, II=1 pre-board implementation supported by bit-accurate/CXXRTL replay and post-route estimates; this historical evidence does not yet constitute the Phase-6D property qualification."",""state"":""CURRENT_RESTRICTED""}",473c459145a99475795de8c54c13c481b30bf0702203ab90d1313c82000406e7
claim,C-RTL-DETERMINISTIC-ATOMIC-FAIL-CLOSED,SINGLE_MODE_DETERMINISTIC_RTL,"{""claim_id"":""C-RTL-DETERMINISTIC-ATOMIC-FAIL-CLOSED"",""forbidden_wording"":[""board measured"",""multimode decoder latency"",""fastest FPGA decoder""],""lane_id"":""SINGLE_MODE_DETERMINISTIC_RTL"",""required_gate"":""T6.25.4"",""required_layers"":[""CXXRTL_PREBOARD"",""RTL_PROPERTY_PROOF"",""POST_ROUTE_ESTIMATE""],""safe_wording"":""After T6.25.4 passes, the single-mode production RTL may be claimed to have a six-cycle, II=1 pre-board fast path with atomic versioned-bank and fail-closed properties under the stated CXXRTL/property/P&R boundary."",""state"":""CONDITIONAL_FUTURE""}",5ba127dac2dba60541694c234fb2cc724756c74764db3f3ab299e368522399b6
claim,C-ML-OPTIONAL-APPROXIMATION,LEARNED_APPROXIMATION_EXTENSION,"{""claim_id"":""C-ML-OPTIONAL-APPROXIMATION"",""forbidden_wording"":[""independent SOTA"",""proves RTL safety"",""reopens the formal candidate search""],""lane_id"":""LEARNED_APPROXIMATION_EXTENSION"",""required_gate"":""T6.26.2"",""required_layers"":[""UNTOUCHED_FORMAL_SIMULATION""],""safe_wording"":""A matched-budget learned student may be retained as a replaceable approximation when it preserves the frozen classical decoder result and provides a separately demonstrated cost benefit."",""state"":""OPTIONAL_FUTURE""}",a8190b28f77de2b4212bb78ab2f33a9d9b4820970da390978d5a901a677f93b0
claim,C-BOARD-MEASURED-PERFORMANCE,SINGLE_MODE_DETERMINISTIC_RTL,"{""claim_id"":""C-BOARD-MEASURED-PERFORMANCE"",""current_value"":null,""forbidden_wording"":[""measured latency"",""measured power"",""zero board deadline miss""],""lane_id"":""SINGLE_MODE_DETERMINISTIC_RTL"",""required_gate"":""T6.9.2"",""required_layers"":[""BOARD_MEASURED""],""safe_wording"":""Board-measured latency, deadline, resource-power and transport results remain unavailable until the physical-board protocol is executed."",""state"":""BLOCKED_NULL""}",909a388b3479e8d6ae27b2278ef792528c8e3008205f357e19cc717036f09c1d
interface,IF-MM-POSTERIOR-TO-COSET-ACTION,,"{""deployment_implication"":""SOFTWARE_ONLY"",""interface_id"":""IF-MM-POSTERIOR-TO-COSET-ACTION"",""schema"":""phase6d_multimode_posterior_action_v1"",""sink"":""multimode exact/approximate logical-coset decoder"",""source"":""multimode observed-only posterior provider"",""status"":""PLANNED_SOFTWARE_INTERFACE""}",52075460bda6116f1439d4e6dfe6ad450c02bdfbd640a31a7603dcba09f45b7c
interface,IF-SLOW-PROPOSAL-TO-CANDIDATE-IMAGE,,"{""deployment_implication"":""CONTRACT_REUSE_ONLY_REQUIRES_SCHEMA_EQUIVALENCE"",""interface_id"":""IF-SLOW-PROPOSAL-TO-CANDIDATE-IMAGE"",""schema"":""complete_candidate_parameter_image_with_provenance"",""sink"":""schema-specific inactive-bank image adapter"",""source"":""host estimator or optional learned provider"",""status"":""CONTRACT_BRIDGE""}",ea1ba4789d9bf7b8ab35b2af3db4f3c174a7a557f69c4b01c0eef76b0211a208
interface,IF-CANDIDATE-IMAGE-TO-INACTIVE-BANK,,"{""deployment_implication"":""SINGLE_MODE_RTL_ONLY"",""interface_id"":""IF-CANDIDATE-IMAGE-TO-INACTIVE-BANK"",""schema"":""T4.3.2_CRC_SHA_CAS_AB_BANK"",""sink"":""inactive A/B bank"",""source"":""single-mode production image validator"",""status"":""CURRENT_SINGLE_MODE_PREBOARD""}",1b2eeaa74da1ae7a7e9e8ed388d88000382133643ddb90468d8d508f98496422
interface,IF-ATOMIC-COMMIT-TO-FAST-PATH,,"{""deployment_implication"":""SINGLE_MODE_RTL_ONLY"",""interface_id"":""IF-ATOMIC-COMMIT-TO-FAST-PATH"",""schema"":""old_or_new_versioned_parameter_view"",""sink"":""six-cycle II=1 event/action datapath"",""source"":""versioned active-bank commit"",""status"":""CURRENT_SINGLE_MODE_PREBOARD""}",aae8e8a009315b0f87a805c3c861403ed4a5c3d9de3f420eca2350c166f9d66f
forbidden_transfer,FT-MM-LER-TO-CURRENT-RTL,MULTIMODE_SOFTWARE_ALGORITHM,"{""reason"":""different code family, action and precision"",""rejection_code"":""CROSS_LANE_IMPLEMENTATION_PROMOTION"",""source_lane"":""MULTIMODE_SOFTWARE_ALGORITHM"",""target_lane"":""SINGLE_MODE_DETERMINISTIC_RTL"",""transfer_id"":""FT-MM-LER-TO-CURRENT-RTL"",""trigger"":""promote multimode LER to current RTL implementation""}",bde76c32227f35b1cb8aa3bc099aa62bdcae53ef7cf94925e296a5bd835d2407
forbidden_transfer,FT-RTL-LATENCY-TO-MULTIMODE,SINGLE_MODE_DETERMINISTIC_RTL,"{""reason"":""multimode compute graph is not the RTL datapath"",""rejection_code"":""CROSS_LANE_TIMING_PROMOTION"",""source_lane"":""SINGLE_MODE_DETERMINISTIC_RTL"",""target_lane"":""MULTIMODE_SOFTWARE_ALGORITHM"",""transfer_id"":""FT-RTL-LATENCY-TO-MULTIMODE"",""trigger"":""attach six-cycle latency to multimode decoder""}",8d5557a0880b57f75e7e4872a080bc6bb602715caa1ff92af2ad5824a1c6a877
forbidden_transfer,FT-CNN-TO-ALGORITHM-SOTA,LEARNED_APPROXIMATION_EXTENSION,"{""reason"":""agreement cannot replace untouched LER comparison"",""rejection_code"":""SURROGATE_TO_PRIMARY_PROMOTION"",""source_lane"":""LEARNED_APPROXIMATION_EXTENSION"",""target_lane"":""MULTIMODE_SOFTWARE_ALGORITHM"",""transfer_id"":""FT-CNN-TO-ALGORITHM-SOTA"",""trigger"":""use student agreement as the algorithm SOTA gate""}",415cf685da3e8adc1b8ea126b38038e0e2982f80cb2730c513dfd36121bf2037
forbidden_transfer,FT-CNN-TO-RTL-SAFETY,LEARNED_APPROXIMATION_EXTENSION,"{""reason"":""software accuracy does not prove atomicity or fail-closed behavior"",""rejection_code"":""SURROGATE_TO_RTL_PROMOTION"",""source_lane"":""LEARNED_APPROXIMATION_EXTENSION"",""target_lane"":""SINGLE_MODE_DETERMINISTIC_RTL"",""transfer_id"":""FT-CNN-TO-RTL-SAFETY"",""trigger"":""use model accuracy as RTL safety evidence""}",408800db730892f0a57134edf935d79b9da29a28edb86f332b68fab89994ebde
forbidden_transfer,FT-PREBOARD-TO-BOARD-MEASURED,SINGLE_MODE_DETERMINISTIC_RTL,"{""reason"":""physical bitstream, transport and instrument evidence are absent"",""rejection_code"":""EVIDENCE_LAYER_PROMOTION"",""source_lane"":""SINGLE_MODE_DETERMINISTIC_RTL"",""target_lane"":""SINGLE_MODE_DETERMINISTIC_RTL"",""transfer_id"":""FT-PREBOARD-TO-BOARD-MEASURED"",""trigger"":""rename CXXRTL/P&R estimate as board measurement""}",c2a8177a4a9130e4deda0e430a52e6ebef2cc8e5a6774a717c6f320d17d3c675
forbidden_transfer,FT-OPENED-DEVELOPMENT-TO-FORMAL,MULTIMODE_SOFTWARE_ALGORITHM,"{""reason"":""development and untouched formal evidence must be disjoint"",""rejection_code"":""SPLIT_CONTAMINATION"",""source_lane"":""MULTIMODE_SOFTWARE_ALGORITHM"",""target_lane"":""MULTIMODE_SOFTWARE_ALGORITHM"",""transfer_id"":""FT-OPENED-DEVELOPMENT-TO-FORMAL"",""trigger"":""reuse T6.18.3 opened outcomes as Phase-6D formal""}",ea93c45454016990108200c8e71efd0d9831dc29a1224259fd7c9a5417951a4f
forbidden_transfer,FT-SOURCE-PRESENCE-TO-REPRODUCTION,MULTIMODE_SOFTWARE_ALGORITHM,"{""reason"":""source audit is not execution or anchor agreement"",""rejection_code"":""PROVENANCE_PROMOTION"",""source_lane"":""MULTIMODE_SOFTWARE_ALGORITHM"",""target_lane"":""MULTIMODE_SOFTWARE_ALGORITHM"",""transfer_id"":""FT-SOURCE-PRESENCE-TO-REPRODUCTION"",""trigger"":""treat pinned exact-MLD source as a reproduced baseline""}",620d5381290eb39cab77ecce7e41ab66a377b3e1ff0917d76f200ac934ef45ce
forbidden_transfer,FT-TRUE-METRIC-CPD-TO-EXACT-ORACLE,MULTIMODE_SOFTWARE_ALGORITHM,"{""reason"":""metric knowledge does not perform logical-coset probability summation"",""rejection_code"":""ORACLE_HIERARCHY_COLLAPSE"",""source_lane"":""MULTIMODE_SOFTWARE_ALGORITHM"",""target_lane"":""MULTIMODE_SOFTWARE_ALGORITHM"",""transfer_id"":""FT-TRUE-METRIC-CPD-TO-EXACT-ORACLE"",""trigger"":""label true-metric CPD as exact decoding oracle""}",2767255d09d8ffb0cde457ee2ff1d5db685defca2fc1641d3601c1cb287e7726
forbidden_transfer,FT-CROSS-LANE-WEIGHTED-SCORE,MULTIMODE_SOFTWARE_ALGORITHM,"{""reason"":""primary metrics and task signatures are incommensurate"",""rejection_code"":""GLOBAL_SCORE_PROHIBITED"",""source_lane"":""MULTIMODE_SOFTWARE_ALGORITHM"",""target_lane"":""SINGLE_MODE_DETERMINISTIC_RTL"",""transfer_id"":""FT-CROSS-LANE-WEIGHTED-SCORE"",""trigger"":""combine LER and latency/safety into one weighted rank""}",952ec67a0d09c55681b45b2b42126e7da8920a423c8489ccff7d4326b4085d5e
evidence_binding,multimode_baseline_registry,,"{""bytes"":13082,""path"":""docs/multimode_strong_baseline_registry.md"",""sha256"":""6baf8bd3715a74967729c2dfaffa4bb5ac47c2867b07a9b10589d7c15ef1aed7""}",c5ab306ad548b60e6cc8c585a02055ea662691f49ca7f99d519afc923ec440a6
evidence_binding,historical_claim_boundary,,"{""bytes"":80985,""path"":""docs/t7_1_1_claim_evidence_boundary_matrix.json"",""sha256"":""de45b2b97cb51c1044a091a3668d382267edbff28479077208f878aaf0492c74""}",090fef63fd1df73c20dcbce1b30ff908adb7a6610b9966e691a0da93d3c718fb
evidence_binding,comparison_ontology,,"{""bytes"":61056,""path"":""docs/t6_16_2_comparison_ontology.json"",""sha256"":""c3d1138466993c6685b1ec4a75feb857c436cc3c15ca9eedd18aab225a81b21c""}",67d524d781fd71823981dce15b27ac05d50fb7088f082f7980319b14ea6de977
evidence_binding,unified_execution_source,,"{""bytes"":32740,""path"":""cnn_fpga/runtime/unified_execution_contract.py"",""sha256"":""4be20609164ea6ba6bf540dd9a8cffd8dd7515fa42ae2af37c8c78dcdf506f36""}",184f2475ccc6c0f5143465a8a94001553139e29ff2c815a1f89770e8855f55d4
evidence_binding,domain_timescale_contract,,"{""bytes"":14350,""path"":""docs/two_domains_three_timescales.json"",""sha256"":""f3fd8728bc3945417e0a2d977d1cbba52f69ee4714d52af257b4a1bd2463672b""}",70d6b2333a2fc5ca7ea160ca0e9d4b0ebdb98bafaca3b3ec5d7d5eff0c5475de
evidence_binding,long_rtl_qualification,,"{""bytes"":28673,""path"":""docs/t6_2_2_long_rtl_qualification.json"",""sha256"":""207b4e82b65a286e5ee23f16f387730a783ea34101d8cf7b9f80ae6e39d2b2cd""}",b33be5cc9c0e3cac2f46eb102b8f105876a1effa22bc1a5e2ece889875492ce1
evidence_binding,production_rtl_audit,,"{""bytes"":3813,""path"":""docs/t6_2_1_production_rtl_audit.json"",""sha256"":""b8f7d0a1e694e32749c6c585b19a2e1ef962c080152fdb236221e33cf2b89602""}",44fa1aa3f5fb5863b9b1d4698b6a3e40af3919b33caf918d766f5b6b419546a5
evidence_binding,production_rtl,,"{""bytes"":23726,""path"":""cnn_fpga/rtl/gkp_fast_path_production_top.sv"",""sha256"":""a81989f6e642210e3e582872a44f1fdf1d886b233d036120fdc9d8ebda7a7e8a""}",e4f59f6fe92e4b02932fb66f30257b49cce0f59e33a2e0ba185b425a771700c9
evidence_binding,official_lattice_gkp_source,,"{""bytes"":6914,""path"":""third_party/LatticeAlgorithms.jl/src/gkp.jl"",""sha256"":""9f8c62d77731ed41d95ac9d6fde73facec3db9498bde83462737e2823bdd1d29""}",9a5ec2b5116b1a28fda9fecb042e8c6fe3e09b3ea5d48b6cf42f7713a1cf0259
evidence_binding,implementation,,"{""bytes"":41834,""path"":""cnn_fpga/benchmark/dual_evidence_lane_contract.py"",""sha256"":""385c7e87e4c0f274f5746f980c2a128381a7a9f27b1abdc92541b241b7a40ece""}",9eba069d00710bcfd151207d7afbedbcdb4dedb9c0077120b126c72133bae086
