brier,decision_sha256,failures,gate,logical_error_rate,max_transient_workspace_bytes,max_update_macs,method_id,nll,passed,private_model_state_bytes,ranking_status,row_type,samples,table,window_id
0.0621337890625,,509,,0.03106689453125,,,standard_binning,21.46025046998235,,,,method_metric,16384,deployable_common_trace_qualification,
0.03538460850633523,,379,,0.02313232421875,,,static_joint_map,0.06893061001918638,,,,method_metric,16384,deployable_common_trace_qualification,
0.011705374812482362,,122,,0.0074462890625,,,window_map,0.02725976552706558,,,,method_metric,16384,deployable_common_trace_qualification,
0.011846513189000017,,123,,0.00750732421875,,,ewma_adaptive_map,0.027461625296629034,,,,method_metric,16384,deployable_common_trace_qualification,
0.012166839822281356,,124,,0.007568359375,,,kalman_adaptive_map,0.02780714732889734,,,,method_metric,16384,deployable_common_trace_qualification,
0.035495675623734305,,383,,0.02337646484375,,,proposed_route_a,0.06946452821674919,,,,method_metric,16384,deployable_common_trace_qualification,
0.0054667901178731635,,59,,0.00360107421875,,,hidden_state_oracle,0.009610420312930367,,,,method_metric,16384,oracle_upper_bound_only,
0.00390625,,2,,0.001953125,,,standard_binning,1.3491709529261986,,,,window_metric,1024,,0
0.00390625,,2,,0.001953125,,,standard_binning,1.3491709529261986,,,,window_metric,1024,,1
0.001953125,,1,,0.0009765625,,,standard_binning,0.6745854764630993,,,,window_metric,1024,,2
0.0,,0,,0.0,,,standard_binning,0.0,,,,window_metric,1024,,3
0.001953125,,1,,0.0009765625,,,standard_binning,0.6745854764630993,,,,window_metric,1024,,4
0.00390625,,2,,0.001953125,,,standard_binning,1.3491709529261986,,,,window_metric,1024,,5
0.001953125,,1,,0.0009765625,,,standard_binning,0.6745854764630993,,,,window_metric,1024,,6
0.005859375,,3,,0.0029296875,,,standard_binning,2.023756429389298,,,,window_metric,1024,,7
0.134765625,,69,,0.0673828125,,,standard_binning,46.54639787595385,,,,window_metric,1024,,8
0.1171875,,60,,0.05859375,,,standard_binning,40.47512858778596,,,,window_metric,1024,,9
0.111328125,,57,,0.0556640625,,,standard_binning,38.451372158396666,,,,window_metric,1024,,10
0.103515625,,53,,0.0517578125,,,standard_binning,35.753030252544264,,,,window_metric,1024,,11
0.126953125,,65,,0.0634765625,,,standard_binning,43.848055970101456,,,,window_metric,1024,,12
0.115234375,,59,,0.0576171875,,,standard_binning,39.80054311132286,,,,window_metric,1024,,13
0.138671875,,71,,0.0693359375,,,standard_binning,47.89556882888005,,,,window_metric,1024,,14
0.123046875,,63,,0.0615234375,,,standard_binning,42.498885017175255,,,,window_metric,1024,,15
0.0023695483587978863,,1,,0.0009765625,,,static_joint_map,0.0047611167230256594,,,,window_metric,1024,,0
0.003212158465193359,,2,,0.001953125,,,static_joint_map,0.005467508202493396,,,,window_metric,1024,,1
0.0016830656808566407,,1,,0.0009765625,,,static_joint_map,0.00380423974493758,,,,window_metric,1024,,2
0.000555004164448143,,0,,0.0,,,static_joint_map,0.0024709776439631515,,,,window_metric,1024,,3
0.001251976298886656,,1,,0.0009765625,,,static_joint_map,0.003699580882126204,,,,window_metric,1024,,4
0.002072386511492925,,1,,0.0009765625,,,static_joint_map,0.004108806110500919,,,,window_metric,1024,,5
0.0015977907123156995,,1,,0.0009765625,,,static_joint_map,0.003863676965005577,,,,window_metric,1024,,6
0.0026707028929075995,,2,,0.001953125,,,static_joint_map,0.005092661243238788,,,,window_metric,1024,,7
0.07649128539843106,,51,,0.0498046875,,,static_joint_map,0.14205480995779807,,,,window_metric,1024,,8
0.06718792484336067,,50,,0.048828125,,,static_joint_map,0.13364102994420024,,,,window_metric,1024,,9
0.05927434713034923,,40,,0.0390625,,,static_joint_map,0.10967946066814475,,,,window_metric,1024,,10
0.057243461281652794,,38,,0.037109375,,,static_joint_map,0.10384135045073765,,,,window_metric,1024,,11
0.07646190292436608,,50,,0.048828125,,,static_joint_map,0.15620855295807543,,,,window_metric,1024,,12
0.06778105101775517,,45,,0.0439453125,,,static_joint_map,0.13230554519235682,,,,window_metric,1024,,13
0.07664510595169993,,50,,0.048828125,,,static_joint_map,0.1522610110897611,,,,window_metric,1024,,14
0.06965602446884983,,46,,0.044921875,,,static_joint_map,0.1396294325306166,,,,window_metric,1024,,15
0.001672614882046941,,1,,0.0009765625,,,window_map,0.0026725718992607547,,,,window_metric,1024,,0
0.0004223637249418383,,0,,0.0,,,window_map,0.0009591142073902638,,,,window_metric,1024,,1
0.0002197891997583069,,0,,0.0,,,window_map,0.000701642818402812,,,,window_metric,1024,,2
0.00015335934298786336,,0,,0.0,,,window_map,0.000605416145173029,,,,window_metric,1024,,3
0.0003129572648692785,,0,,0.0,,,window_map,0.0008735953438442625,,,,window_metric,1024,,4
0.0008770538270583298,,0,,0.0,,,window_map,0.0016298312319484145,,,,window_metric,1024,,5
0.0016060288372448997,,1,,0.0009765625,,,window_map,0.0026793533850854733,,,,window_metric,1024,,6
0.002882704028732597,,2,,0.001953125,,,window_map,0.0043089337881630305,,,,window_metric,1024,,7
0.10704179970551593,,66,,0.064453125,,,window_map,0.29483828154591063,,,,window_metric,1024,,8
0.008882508890104697,,6,,0.005859375,,,window_map,0.015569236089482017,,,,window_metric,1024,,9
0.009345781590874201,,7,,0.0068359375,,,window_map,0.01832946557320566,,,,window_metric,1024,,10
0.007272162140471414,,5,,0.0048828125,,,window_map,0.014252420364393618,,,,window_metric,1024,,11
0.011877394792355358,,8,,0.0078125,,,window_map,0.02073664428548662,,,,window_metric,1024,,12
0.011910965761581157,,9,,0.0087890625,,,window_map,0.018974646637880663,,,,window_metric,1024,,13
0.010755983120074057,,8,,0.0078125,,,window_map,0.018296667859012856,,,,window_metric,1024,,14
0.01205252989110092,,9,,0.0087890625,,,window_map,0.020728427258409215,,,,window_metric,1024,,15
0.001672614882046941,,1,,0.0009765625,,,ewma_adaptive_map,0.0026725718992607547,,,,window_metric,1024,,0
0.0004501431215775656,,0,,0.0,,,ewma_adaptive_map,0.0009895062077288491,,,,window_metric,1024,,1
0.00020834260646150691,,0,,0.0,,,ewma_adaptive_map,0.000684584370155167,,,,window_metric,1024,,2
0.0001698222411623648,,0,,0.0,,,ewma_adaptive_map,0.0006261356306342914,,,,window_metric,1024,,3
0.00028757839273790733,,0,,0.0,,,ewma_adaptive_map,0.0008599208571451469,,,,window_metric,1024,,4
0.0008781370351536113,,0,,0.0,,,ewma_adaptive_map,0.0016099947223058898,,,,window_metric,1024,,5
0.001594666780099494,,1,,0.0009765625,,,ewma_adaptive_map,0.0026429981878458345,,,,window_metric,1024,,6
0.002937612699539778,,2,,0.001953125,,,ewma_adaptive_map,0.004420598121212577,,,,window_metric,1024,,7
0.1088532124098738,,68,,0.06640625,,,ewma_adaptive_map,0.29766682808726375,,,,window_metric,1024,,8
0.009644297126904521,,6,,0.005859375,,,ewma_adaptive_map,0.016437163780565388,,,,window_metric,1024,,9
0.00933362604881275,,7,,0.0068359375,,,ewma_adaptive_map,0.018237542304150357,,,,window_metric,1024,,10
0.007135676520854657,,4,,0.00390625,,,ewma_adaptive_map,0.014029955656748281,,,,window_metric,1024,,11
0.011893482410912773,,8,,0.0078125,,,ewma_adaptive_map,0.020724021847623706,,,,window_metric,1024,,12
0.011506891192271973,,9,,0.0087890625,,,ewma_adaptive_map,0.018432052077411262,,,,window_metric,1024,,13
0.01090735230255179,,8,,0.0078125,,,ewma_adaptive_map,0.018532572555048105,,,,window_metric,1024,,14
0.012070755253038825,,9,,0.0087890625,,,ewma_adaptive_map,0.020819558440965155,,,,window_metric,1024,,15
0.0016726148820469403,,1,,0.0009765625,,,kalman_adaptive_map,0.002672571899260754,,,,window_metric,1024,,0
0.00044409016159527754,,0,,0.0,,,kalman_adaptive_map,0.0009824120646409118,,,,window_metric,1024,,1
0.00020845378784201384,,0,,0.0,,,kalman_adaptive_map,0.0006812155434571187,,,,window_metric,1024,,2
0.00015678311241973654,,0,,0.0,,,kalman_adaptive_map,0.0006042666965427013,,,,window_metric,1024,,3
0.00028213403758617876,,0,,0.0,,,kalman_adaptive_map,0.0008579727443241736,,,,window_metric,1024,,4
0.0008796215995594985,,0,,0.0,,,kalman_adaptive_map,0.0015920839027586905,,,,window_metric,1024,,5
0.0016042024194466,,1,,0.0009765625,,,kalman_adaptive_map,0.0026787774898335438,,,,window_metric,1024,,6
0.00301390577531896,,2,,0.001953125,,,kalman_adaptive_map,0.0045960900682862765,,,,window_metric,1024,,7
0.10937390999596497,,68,,0.06640625,,,kalman_adaptive_map,0.2944748036862917,,,,window_metric,1024,,8
0.01247010468810866,,8,,0.0078125,,,kalman_adaptive_map,0.02068659339583902,,,,window_metric,1024,,9
0.009328296569807163,,7,,0.0068359375,,,kalman_adaptive_map,0.018328810181637904,,,,window_metric,1024,,10
0.008245488048066043,,4,,0.00390625,,,kalman_adaptive_map,0.016541207863289213,,,,window_metric,1024,,11
0.013016915786239418,,10,,0.009765625,,,kalman_adaptive_map,0.02171544885498656,,,,window_metric,1024,,12
0.010849036546694949,,7,,0.0068359375,,,kalman_adaptive_map,0.018286536853248447,,,,window_metric,1024,,13
0.010981312428102172,,8,,0.0078125,,,kalman_adaptive_map,0.018925067600418642,,,,window_metric,1024,,14
0.012142567317703128,,8,,0.0078125,,,kalman_adaptive_map,0.02129049841754184,,,,window_metric,1024,,15
0.0020908928069425627,,1,,0.0009765625,,,proposed_route_a,0.0032356141060143383,,,,window_metric,1024,,0
0.00044409016159527754,,0,,0.0,,,proposed_route_a,0.0009824120646409118,,,,window_metric,1024,,1
0.00020845378784201384,,0,,0.0,,,proposed_route_a,0.0006812155434571187,,,,window_metric,1024,,2
0.00015678311241973654,,0,,0.0,,,proposed_route_a,0.0006042666965427013,,,,window_metric,1024,,3
0.00028213403758617876,,0,,0.0,,,proposed_route_a,0.0008579727443241736,,,,window_metric,1024,,4
0.0008796215995594985,,0,,0.0,,,proposed_route_a,0.0015920839027586905,,,,window_metric,1024,,5
0.0016042024194466,,1,,0.0009765625,,,proposed_route_a,0.0026787774898335438,,,,window_metric,1024,,6
0.00301390577531896,,2,,0.001953125,,,proposed_route_a,0.0045960900682862765,,,,window_metric,1024,,7
0.07751980486596155,,53,,0.0517578125,,,proposed_route_a,0.1483418078743438,,,,window_metric,1024,,8
0.06724382671857702,,50,,0.048828125,,,proposed_route_a,0.13375475382548224,,,,window_metric,1024,,9
0.06205358498515252,,42,,0.041015625,,,proposed_route_a,0.12308526831172296,,,,window_metric,1024,,10
0.057243461281652794,,38,,0.037109375,,,proposed_route_a,0.10384135045073765,,,,window_metric,1024,,11
0.07747530792609406,,51,,0.0498046875,,,proposed_route_a,0.15836423120789372,,,,window_metric,1024,,12
0.07141361008105038,,49,,0.0478515625,,,proposed_route_a,0.13692616356157117,,,,window_metric,1024,,13
0.07664510595169993,,50,,0.048828125,,,proposed_route_a,0.1522610110897611,,,,window_metric,1024,,14
0.06965602446884983,,46,,0.044921875,,,proposed_route_a,0.1396294325306166,,,,window_metric,1024,,15
0.0019069593591825905,,1,,0.0009765625,,,hidden_state_oracle,0.003048864643722694,,,,window_metric,1024,,0
0.0005163115919039452,,0,,0.0,,,hidden_state_oracle,0.00108961955208661,,,,window_metric,1024,,1
0.0002620331099433049,,0,,0.0,,,hidden_state_oracle,0.0007778310021462295,,,,window_metric,1024,,2
0.00025426461688589336,,0,,0.0,,,hidden_state_oracle,0.0007397005147245651,,,,window_metric,1024,,3
0.0002320304232781642,,0,,0.0,,,hidden_state_oracle,0.0008594106025886444,,,,window_metric,1024,,4
0.0009653694226924856,,1,,0.0009765625,,,hidden_state_oracle,0.0016313915953795049,,,,window_metric,1024,,5
0.0015334753056652935,,1,,0.0009765625,,,hidden_state_oracle,0.0023973703357923312,,,,window_metric,1024,,6
0.003066576569231219,,2,,0.001953125,,,hidden_state_oracle,0.004685917933273116,,,,window_metric,1024,,7
0.00921871710915814,,7,,0.0068359375,,,hidden_state_oracle,0.015382666592113141,,,,window_metric,1024,,8
0.008641034147363077,,5,,0.0048828125,,,hidden_state_oracle,0.014785396343759055,,,,window_metric,1024,,9
0.008901499701243862,,6,,0.005859375,,,hidden_state_oracle,0.017404274285683627,,,,window_metric,1024,,10
0.0068141531619079565,,4,,0.00390625,,,hidden_state_oracle,0.013167019322311124,,,,window_metric,1024,,11
0.011866765393669612,,8,,0.0078125,,,hidden_state_oracle,0.020847287905805797,,,,window_metric,1024,,12
0.00964299032100549,,7,,0.0068359375,,,hidden_state_oracle,0.015987811691182994,,,,window_metric,1024,,13
0.010940399880057529,,8,,0.0078125,,,hidden_state_oracle,0.018524144656957627,,,,window_metric,1024,,14
0.012706061772782055,,9,,0.0087890625,,,hidden_state_oracle,0.022438018029358835,,,,window_metric,1024,,15
,fa43239bcee7b97ca62f007cc68487560a39e19f74f3dde7486db3f98df8e471,,,,0,0,standard_binning,,,0,eligible_for_common_trace_qualification,method_cost,,,
,1c95c9244e0c1911efad78902bcd35a081db2b541ada288e30ea105dd094c4a6,,,,256,0,static_joint_map,,,24,eligible_for_common_trace_qualification,method_cost,,,
,0700f42aa1e59a6b49f8cff3d250be8638a67a7897b189ebae963e0b41de81f3,,,,512,128,window_map,,,32,eligible_for_common_trace_qualification,method_cost,,,
,fba960c33ae77e273f10c1a22d6c8e9330487a4c87b5774cb52abfc3ffcac921,,,,512,136,ewma_adaptive_map,,,80,eligible_for_common_trace_qualification,method_cost,,,
,1210f5fa820951af16261a1369ab3a5966fae84f82112d739aabbf5d5d9b2a49,,,,2048,7121,kalman_adaptive_map,,,1740,eligible_for_common_trace_qualification,method_cost,,,
,0926d1368fb494f4e3ff9787fdf998a928cf767605758bd45a2555fc068a0601,,,,3072,8047,proposed_route_a,,,5468,integration_qualification_only_not_formal_result,method_cost,,,
,c629407bf3ac8ddcaa1885617c28d711a4c2c02e1ff1429e9ccb8d833e776585,,,,65536,3489984,legacy_cnn_residual,,,1586368,ablation_only_failed_input_schema_and_matched_budget,method_cost,,,
,,,registry_exactly_seven_deployable_candidates_plus_oracle,,,,,,True,,,gate,,,
,,,versioned_adapter_overlay_binds_all_methods_without_mutating_t652,,,,,,True,,,gate,,,
,,,six_schema_conforming_methods_execute_same_packet_trace,,,,,,True,,,gate,,,
,,,all_common_trace_methods_have_real_decision_hashes,,,,,,True,,,gate,,,
,,,packet_bridge_is_q_then_p_adjacent_and_wire_validated,,,,,,True,,,gate,,,
,,,parameter_window_and_regime_cadence_match_contract,,,,,,True,,,gate,,,
,,,all_eligible_accounting_records_pass_exact_six_cycle_and_budget_contract,,,,,,True,,,gate,,,
,,,standard_rule_has_exhaustive_current_lut_action_equivalence,,,,,,True,,,gate,,,
,,,periodic_feature_frontend_has_exhaustive_product_free_grid_equivalence,,,,,,True,,,gate,,,
,,,joint_and_adaptive_software_rows_do_not_claim_current_rtl_equivalence,,,,,,True,,,gate,,,
,,,prefix_causality_holds_for_every_common_trace_method,,,,,,True,,,gate,,,
,,,route_a_executes_real_hmm_and_candidate_but_is_not_formal_claim,,,,,,True,,,gate,,,
,,,legacy_cnn_checkpoint_really_executes_without_online_labels,,,,,,True,,,gate,,,
,,,legacy_cnn_is_automatically_demoted_on_schema_and_budget,,,,,,True,,,gate,,,
,,,oracle_is_physically_separate_and_never_ranked_deployable,,,,,,True,,,gate,,,
,,,mutation_audit_fails_closed,,,,,,True,,,gate,,,
,,,qualification_metric_rows_are_complete_and_finite,,,,,,True,,,gate,,,
,,,qualification_metrics_are_explicitly_nonformal,,,,,,True,,,gate,,,
