row_type,key,family,value,detail
method_summary,standard_binning,aggregate,0.0009786111337167244,"{""p95_window_ler"": 0.005859375, ""p_L"": 0.0009786111337167244, ""p_X"": 0.0006578586719654224, ""p_Y"": 2.472488968460648e-06, ""p_Z"": 0.00031827997278284146, ""worst_window_ler"": 0.033203125}"
family_ler,standard_binning,mean_drift,0.000946327492042824,same formal trace
family_ler,standard_binning,variance_drift,0.0005620320638020833,same formal trace
family_ler,standard_binning,correlation_drift,2.8257016782407408e-05,same formal trace
family_ler,standard_binning,periodic_drift,0.0023778279622395835,same formal trace
method_summary,static_joint_map,aggregate,0.0009681913587782118,"{""p95_window_ler"": 0.005859375, ""p_L"": 0.0009681913587782118, ""p_X"": 0.0006402686790183738, ""p_Y"": 2.6844165943287038e-06, ""p_Z"": 0.00032523826316550923, ""worst_window_ler"": 0.03125}"
family_ler,static_joint_map,mean_drift,0.0007926093207465276,same formal trace
family_ler,static_joint_map,variance_drift,0.0006576820656105323,same formal trace
family_ler,static_joint_map,correlation_drift,3.5462556061921295e-05,same formal trace
family_ler,static_joint_map,periodic_drift,0.002387011492693866,same formal trace
method_summary,topk_k4_static_map,aggregate,0.0009681913587782118,"{""p95_window_ler"": 0.005859375, ""p_L"": 0.0009681913587782118, ""p_X"": 0.0006402686790183738, ""p_Y"": 2.6844165943287038e-06, ""p_Z"": 0.00032523826316550923, ""worst_window_ler"": 0.03125}"
family_ler,topk_k4_static_map,mean_drift,0.0007926093207465276,same formal trace
family_ler,topk_k4_static_map,variance_drift,0.0006576820656105323,same formal trace
family_ler,topk_k4_static_map,correlation_drift,3.5462556061921295e-05,same formal trace
family_ler,topk_k4_static_map,periodic_drift,0.002387011492693866,same formal trace
method_summary,proposed_route_a,aggregate,0.000992739642107928,"{""p95_window_ler"": 0.00390625, ""p_L"": 0.0009927396421079283, ""p_X"": 0.0007410049438476562, ""p_Y"": 1.0243168583622686e-06, ""p_Z"": 0.00025071038140190975, ""worst_window_ler"": 0.115234375}"
family_ler,proposed_route_a,mean_drift,0.00024159749348958334,same formal trace
family_ler,proposed_route_a,variance_drift,0.0005583586516203703,same formal trace
family_ler,proposed_route_a,correlation_drift,1.6954210069444442e-05,same formal trace
family_ler,proposed_route_a,periodic_drift,0.0031540482132523147,same formal trace
method_summary,hidden_state_oracle,aggregate,0.00016233656141493053,"{""p95_window_ler"": 0.001953125, ""p_L"": 0.00016233656141493056, ""p_X"": 8.703161168981481e-05, ""p_Y"": 6.004616066261574e-07, ""p_Z"": 7.470448811848958e-05, ""worst_window_ler"": 0.013671875}"
family_ler,hidden_state_oracle,mean_drift,2.882215711805555e-05,same formal trace
family_ler,hidden_state_oracle,variance_drift,0.0005483274106626157,same formal trace
family_ler,hidden_state_oracle,correlation_drift,1.5400074146412038e-05,same formal trace
family_ler,hidden_state_oracle,periodic_drift,5.6796603732638884e-05,same formal trace
grid_chunk,q0:32,complete_adc_domain,0,"{""hard_disagreements"": 0, ""p_llr_max_abs_error"": 7.105427357601002e-15, ""points"": 32768, ""q_llr_max_abs_error"": 3.552713678800501e-15, ""q_start"": 0, ""q_stop"": 32}"
grid_chunk,q32:64,complete_adc_domain,0,"{""hard_disagreements"": 0, ""p_llr_max_abs_error"": 7.105427357601002e-15, ""points"": 32768, ""q_llr_max_abs_error"": 3.552713678800501e-15, ""q_start"": 32, ""q_stop"": 64}"
grid_chunk,q64:96,complete_adc_domain,0,"{""hard_disagreements"": 0, ""p_llr_max_abs_error"": 7.105427357601002e-15, ""points"": 32768, ""q_llr_max_abs_error"": 3.552713678800501e-15, ""q_start"": 64, ""q_stop"": 96}"
grid_chunk,q96:128,complete_adc_domain,0,"{""hard_disagreements"": 0, ""p_llr_max_abs_error"": 7.105427357601002e-15, ""points"": 32768, ""q_llr_max_abs_error"": 2.6645352591003757e-15, ""q_start"": 96, ""q_stop"": 128}"
grid_chunk,q128:160,complete_adc_domain,0,"{""hard_disagreements"": 0, ""p_llr_max_abs_error"": 7.105427357601002e-15, ""points"": 32768, ""q_llr_max_abs_error"": 2.6645352591003757e-15, ""q_start"": 128, ""q_stop"": 160}"
grid_chunk,q160:192,complete_adc_domain,0,"{""hard_disagreements"": 0, ""p_llr_max_abs_error"": 7.105427357601002e-15, ""points"": 32768, ""q_llr_max_abs_error"": 2.6645352591003757e-15, ""q_start"": 160, ""q_stop"": 192}"
grid_chunk,q192:224,complete_adc_domain,0,"{""hard_disagreements"": 0, ""p_llr_max_abs_error"": 7.105427357601002e-15, ""points"": 32768, ""q_llr_max_abs_error"": 2.6645352591003757e-15, ""q_start"": 192, ""q_stop"": 224}"
grid_chunk,q224:256,complete_adc_domain,0,"{""hard_disagreements"": 0, ""p_llr_max_abs_error"": 7.105427357601002e-15, ""points"": 32768, ""q_llr_max_abs_error"": 2.6645352591003757e-15, ""q_start"": 224, ""q_stop"": 256}"
grid_chunk,q256:288,complete_adc_domain,0,"{""hard_disagreements"": 0, ""p_llr_max_abs_error"": 7.105427357601002e-15, ""points"": 32768, ""q_llr_max_abs_error"": 3.552713678800501e-15, ""q_start"": 256, ""q_stop"": 288}"
grid_chunk,q288:320,complete_adc_domain,0,"{""hard_disagreements"": 0, ""p_llr_max_abs_error"": 7.105427357601002e-15, ""points"": 32768, ""q_llr_max_abs_error"": 3.552713678800501e-15, ""q_start"": 288, ""q_stop"": 320}"
grid_chunk,q320:352,complete_adc_domain,0,"{""hard_disagreements"": 0, ""p_llr_max_abs_error"": 7.105427357601002e-15, ""points"": 32768, ""q_llr_max_abs_error"": 3.552713678800501e-15, ""q_start"": 320, ""q_stop"": 352}"
grid_chunk,q352:384,complete_adc_domain,0,"{""hard_disagreements"": 0, ""p_llr_max_abs_error"": 7.105427357601002e-15, ""points"": 32768, ""q_llr_max_abs_error"": 3.552713678800501e-15, ""q_start"": 352, ""q_stop"": 384}"
grid_chunk,q384:416,complete_adc_domain,0,"{""hard_disagreements"": 0, ""p_llr_max_abs_error"": 7.105427357601002e-15, ""points"": 32768, ""q_llr_max_abs_error"": 3.552713678800501e-15, ""q_start"": 384, ""q_stop"": 416}"
grid_chunk,q416:448,complete_adc_domain,0,"{""hard_disagreements"": 0, ""p_llr_max_abs_error"": 7.105427357601002e-15, ""points"": 32768, ""q_llr_max_abs_error"": 5.329070518200751e-15, ""q_start"": 416, ""q_stop"": 448}"
grid_chunk,q448:480,complete_adc_domain,0,"{""hard_disagreements"": 0, ""p_llr_max_abs_error"": 3.552713678800501e-15, ""points"": 32768, ""q_llr_max_abs_error"": 5.329070518200751e-15, ""q_start"": 448, ""q_stop"": 480}"
grid_chunk,q480:512,complete_adc_domain,0,"{""hard_disagreements"": 0, ""p_llr_max_abs_error"": 7.105427357601002e-15, ""points"": 32768, ""q_llr_max_abs_error"": 5.329070518200751e-15, ""q_start"": 480, ""q_stop"": 512}"
grid_chunk,q512:544,complete_adc_domain,0,"{""hard_disagreements"": 0, ""p_llr_max_abs_error"": 7.105427357601002e-15, ""points"": 32768, ""q_llr_max_abs_error"": 7.105427357601002e-15, ""q_start"": 512, ""q_stop"": 544}"
grid_chunk,q544:576,complete_adc_domain,0,"{""hard_disagreements"": 0, ""p_llr_max_abs_error"": 7.105427357601002e-15, ""points"": 32768, ""q_llr_max_abs_error"": 5.329070518200751e-15, ""q_start"": 544, ""q_stop"": 576}"
grid_chunk,q576:608,complete_adc_domain,0,"{""hard_disagreements"": 0, ""p_llr_max_abs_error"": 3.552713678800501e-15, ""points"": 32768, ""q_llr_max_abs_error"": 5.329070518200751e-15, ""q_start"": 576, ""q_stop"": 608}"
grid_chunk,q608:640,complete_adc_domain,0,"{""hard_disagreements"": 0, ""p_llr_max_abs_error"": 3.552713678800501e-15, ""points"": 32768, ""q_llr_max_abs_error"": 3.552713678800501e-15, ""q_start"": 608, ""q_stop"": 640}"
grid_chunk,q640:672,complete_adc_domain,0,"{""hard_disagreements"": 0, ""p_llr_max_abs_error"": 7.105427357601002e-15, ""points"": 32768, ""q_llr_max_abs_error"": 3.552713678800501e-15, ""q_start"": 640, ""q_stop"": 672}"
grid_chunk,q672:704,complete_adc_domain,0,"{""hard_disagreements"": 0, ""p_llr_max_abs_error"": 7.105427357601002e-15, ""points"": 32768, ""q_llr_max_abs_error"": 3.552713678800501e-15, ""q_start"": 672, ""q_stop"": 704}"
grid_chunk,q704:736,complete_adc_domain,0,"{""hard_disagreements"": 0, ""p_llr_max_abs_error"": 7.105427357601002e-15, ""points"": 32768, ""q_llr_max_abs_error"": 3.552713678800501e-15, ""q_start"": 704, ""q_stop"": 736}"
grid_chunk,q736:768,complete_adc_domain,0,"{""hard_disagreements"": 0, ""p_llr_max_abs_error"": 7.105427357601002e-15, ""points"": 32768, ""q_llr_max_abs_error"": 3.552713678800501e-15, ""q_start"": 736, ""q_stop"": 768}"
grid_chunk,q768:800,complete_adc_domain,0,"{""hard_disagreements"": 0, ""p_llr_max_abs_error"": 7.105427357601002e-15, ""points"": 32768, ""q_llr_max_abs_error"": 3.552713678800501e-15, ""q_start"": 768, ""q_stop"": 800}"
grid_chunk,q800:832,complete_adc_domain,0,"{""hard_disagreements"": 0, ""p_llr_max_abs_error"": 7.105427357601002e-15, ""points"": 32768, ""q_llr_max_abs_error"": 3.552713678800501e-15, ""q_start"": 800, ""q_stop"": 832}"
grid_chunk,q832:864,complete_adc_domain,0,"{""hard_disagreements"": 0, ""p_llr_max_abs_error"": 7.105427357601002e-15, ""points"": 32768, ""q_llr_max_abs_error"": 1.7763568394002505e-15, ""q_start"": 832, ""q_stop"": 864}"
grid_chunk,q864:896,complete_adc_domain,0,"{""hard_disagreements"": 0, ""p_llr_max_abs_error"": 7.105427357601002e-15, ""points"": 32768, ""q_llr_max_abs_error"": 3.552713678800501e-15, ""q_start"": 864, ""q_stop"": 896}"
grid_chunk,q896:928,complete_adc_domain,0,"{""hard_disagreements"": 0, ""p_llr_max_abs_error"": 8.881784197001252e-15, ""points"": 32768, ""q_llr_max_abs_error"": 3.552713678800501e-15, ""q_start"": 896, ""q_stop"": 928}"
grid_chunk,q928:960,complete_adc_domain,0,"{""hard_disagreements"": 0, ""p_llr_max_abs_error"": 7.105427357601002e-15, ""points"": 32768, ""q_llr_max_abs_error"": 2.6645352591003757e-15, ""q_start"": 928, ""q_stop"": 960}"
grid_chunk,q960:992,complete_adc_domain,0,"{""hard_disagreements"": 0, ""p_llr_max_abs_error"": 7.105427357601002e-15, ""points"": 32768, ""q_llr_max_abs_error"": 3.552713678800501e-15, ""q_start"": 960, ""q_stop"": 992}"
grid_chunk,q992:1024,complete_adc_domain,0,"{""hard_disagreements"": 0, ""p_llr_max_abs_error"": 7.105427357601002e-15, ""points"": 32768, ""q_llr_max_abs_error"": 3.552713678800501e-15, ""q_start"": 992, ""q_stop"": 1024}"
gate,G01_parent_formal_report_recomputes,,true,
gate,G02_exact_same_trace_methods_and_oracle_partition,,true,
gate,G03_all_rows_report_pauli_average_tail_and_family_metrics,,true,
gate,G04_full_formal_scale_is_preserved,,true,
gate,G05_topk_k4_is_exhaustively_hard_action_equivalent,,true,
gate,G06_topk_soft_approximation_is_not_hidden,,true,
gate,G07_paired_static_contrast_falsifies_route_a_superiority,,true,
gate,G08_literature_rows_are_primary_and_forbid_cross_model_raw_ranking,,true,
gate,G09_claim_registry_freezes_negative_result,,true,
gate,G10_cost_and_hardware_scope_are_explicit,,true,
gate,G11_semantic_mutations_fail_closed,,true,
