claim_id,source_group,source_state,publication_state,assertion_polarity,lane_id,evidence_grade,current_layers_json,required_layers_json,placements_json,report_artifacts_json,raw_artifacts_json,code_artifacts_json,artifact_hashes_json,selectors_json,display_target,safe_wording_en,boundary_zh,current_result_json,upgrade_or_revocation_condition,forbidden_wording_json
CONTRACT_SYSTEM_INTEGRATION,V4_FINAL_GATE,SUPPORTED_RESTRICTED_PREBOARD,ALLOWED_RESTRICTED,POSITIVE,,PROJECT_NATIVE_PREBOARD,"[""PROJECT_NATIVE_SIMULATION"",""FIXED_POINT_INTEGER_REFERENCE"",""CXXRTL_PREBOARD""]","[""BOARD_MEASURED""]","{""abstract"":true,""conclusion"":true,""related_work"":false,""results"":true,""supplement"":false,""title"":true}","[""v4_report""]","[""v4_source""]","[""v4_code""]","{""v4_code"":""45e1ec5995546c2c54305df2989d7b40fead4a9074c2648f59c19de41278f762"",""v4_report"":""45d159f0a5075e8d4f20d0e6a0f7909becf0456e86fe3fc3151d47fa6f899191"",""v4_source"":""efdf9de35dffa5e3379a4d06110c0a3764af3ce6eca743f42d1c8f72d4f6ed4c""}","[""claims.CONTRACT_SYSTEM_INTEGRATION"",""upstream:T6.7.4:promotion_decision"",""upstream:T6.7.4:scientific_results.rtl"",""upstream:T6.9.1:pareto_decision"",""upstream:T6.9.1:profiles.route_a_core_no_student""]",Fig. 1; Table 1,Route-A integrates a locked MAP fast path with regime-aware contract/FSM safety and passes preregistered simulator plus one-million-cycle preboard correctness gates.,仅限预板系统集成与确定性执行合同，不代表新 V5 性能或真板结果。,"{""measured_board_latency"":false,""promotion_verdict"":""GO_ROUTE_A_CONTRACT_SYSTEM_RESTRICTED_SIMULATOR_AND_PREBOARD_CLAIMS"",""rtl_cycles"":1000000,""rtl_mismatches"":0}",T6.9.2 board evidence plus stronger full-system performance is required for a full cross-lane paper.,"[""overall best decoder"",""broad tail improvement"",""measured closed-loop hardware""]"
SMOOTH_LOCKED_EWMA_ADVANTAGE,V4_FINAL_GATE,SUPPORTED_PAIRED_OUTCOME,ALLOWED_RESTRICTED,POSITIVE,,PROJECT_NATIVE_MATCHED,"[""PROJECT_NATIVE_SIMULATION""]",[],"{""abstract"":true,""conclusion"":true,""related_work"":false,""results"":true,""supplement"":false,""title"":false}","[""v4_report""]","[""v4_source""]","[""v4_code""]","{""v4_code"":""45e1ec5995546c2c54305df2989d7b40fead4a9074c2648f59c19de41278f762"",""v4_report"":""45d159f0a5075e8d4f20d0e6a0f7909becf0456e86fe3fc3151d47fa6f899191"",""v4_source"":""efdf9de35dffa5e3379a4d06110c0a3764af3ce6eca743f42d1c8f72d4f6ed4c""}","[""claims.SMOOTH_LOCKED_EWMA_ADVANTAGE"",""upstream:T6.7.4:scientific_results.smooth.primary_contrast"",""upstream:T6.7.4:scientific_results.smooth.holm_confirmed_families""]",Fig. 3a; Table S2,"On the preregistered smooth matrix, Route-A lowers aggregate paired LER relative to the locked EWMA baseline; periodic drift is the only Holm-confirmed family.",只允许报告冻结 smooth matrix 的 aggregate paired 结果；Holm 确认仅 periodic drift。,"{""holm_confirmed_families"":[""periodic_drift""],""primary_contrast"":{""ci95_high"":2.454828332971639e-05,""ci95_low"":1.9002843786168966e-05,""contrast"":""ewma_adaptive_map_LER_minus_proposed_route_a_LER"",""estimate"":2.1687260380497668e-05,""one_sided_p_nonpositive"":4.999750012499375e-05,""passes_95_lcb_strictly_greater_than_zero"":true},""route_a_is_global_best"":false}",A new frozen method must beat the strongest deployable baselines across preregistered families before global LER wording.,"[""best smooth decoder"",""advantage over static or Window MAP"",""all-family drift advantage""]"
STATIC_GKP_SUPERIORITY,V4_FINAL_GATE,FALSIFIED,MANDATORY_NEGATIVE,NEGATIVE,,NEGATIVE,"[""PROJECT_NATIVE_SIMULATION""]",[],"{""abstract"":false,""conclusion"":true,""related_work"":false,""results"":true,""supplement"":false,""title"":false}","[""v4_report""]","[""v4_source""]","[""v4_code""]","{""v4_code"":""45e1ec5995546c2c54305df2989d7b40fead4a9074c2648f59c19de41278f762"",""v4_report"":""45d159f0a5075e8d4f20d0e6a0f7909becf0456e86fe3fc3151d47fa6f899191"",""v4_source"":""efdf9de35dffa5e3379a4d06110c0a3764af3ce6eca743f42d1c8f72d4f6ed4c""}","[""claims.STATIC_GKP_SUPERIORITY"",""upstream:T6.8.7:claims.STATIC_GKP_SUPERIORITY""]",Fig. 3a; Table S2,Static joint MAP has lower average LER than Route-A on the frozen same-model smooth benchmark.,必须保留 static joint MAP 更优的反例，不得隐藏或改写为总体优势。,"{""route_a_average_ler"":0.000992739642107928,""route_a_worst_window_ler"":0.115234375,""static_average_ler"":0.0009681913587782118,""static_minus_route_a"":{""bootstrap_seed"":202607176999,""ci95_high"":-9.112887912326431e-06,""ci95_low"":-3.9595144766348346e-05,""cluster"":""formal seed"",""clusters"":24,""contrast"":""static_full_MAP_LER_minus_Route_A_LER"",""estimate"":-2.4548283329716452e-05,""one_sided_p_nonpositive"":0.9990000499975001,""replicates"":20000,""route_a_superiority_passes_lcb_gt_zero"":false},""static_worst_window_ler"":0.03125}",Requires a new preregistered same-model experiment with paired improvement CI above zero.,"[""Route-A outperforms static GKP"",""static-to-oracle gap closure""]"
STATIC_K4_HARD_ACTION_EQUIVALENCE,V4_FINAL_GATE,SUPPORTED_PREBOARD_NARROW,RESULTS_ONLY,POSITIVE,,PROJECT_NATIVE_PREBOARD,"[""PROJECT_NATIVE_SIMULATION"",""FIXED_POINT_INTEGER_REFERENCE""]",[],"{""abstract"":false,""conclusion"":false,""related_work"":false,""results"":true,""supplement"":true,""title"":false}","[""v4_report""]","[""v4_source""]","[""v4_code""]","{""v4_code"":""45e1ec5995546c2c54305df2989d7b40fead4a9074c2648f59c19de41278f762"",""v4_report"":""45d159f0a5075e8d4f20d0e6a0f7909becf0456e86fe3fc3151d47fa6f899191"",""v4_source"":""efdf9de35dffa5e3379a4d06110c0a3764af3ce6eca743f42d1c8f72d4f6ed4c""}","[""claims.STATIC_K4_HARD_ACTION_EQUIVALENCE"",""upstream:T6.8.7:claims.STATIC_K4_HARD_ACTION_EQUIVALENCE""]",Table S3,"For the frozen covariance/prior and complete 10-bit syndrome domain, K4/full static MAP hard actions are identical; resource reductions remain proxies until integrated implementation.",仅对冻结 covariance/prior 与完整 10-bit domain 的 hard action 等价成立。,"{""domain_points"":1048576,""hard_action_disagreements"":0,""retained_bits_full"":3200,""retained_bits_k4"":512}",Re-enumerate every changed model and integrate K4 into RTL/P&R before hardware promotion.,"[""K4 universally exact"",""measured FPGA compression advantage""]"
TAIL_SAFETY_AND_IMPROVEMENT,V4_FINAL_GATE,SAFETY_NONINFERIORITY_ONLY,ALLOWED_RESTRICTED,POSITIVE,,PROJECT_NATIVE_MATCHED,"[""PROJECT_NATIVE_SIMULATION""]",[],"{""abstract"":false,""conclusion"":true,""related_work"":false,""results"":true,""supplement"":false,""title"":false}","[""v4_report""]","[""v4_source""]","[""v4_code""]","{""v4_code"":""45e1ec5995546c2c54305df2989d7b40fead4a9074c2648f59c19de41278f762"",""v4_report"":""45d159f0a5075e8d4f20d0e6a0f7909becf0456e86fe3fc3151d47fa6f899191"",""v4_source"":""efdf9de35dffa5e3379a4d06110c0a3764af3ce6eca743f42d1c8f72d4f6ed4c""}","[""claims.TAIL_SAFETY_AND_IMPROVEMENT"",""upstream:T6.7.4:scientific_results.tail""]",Fig. 3b; Table S4,"Abrupt/OOD gates establish locked-EWMA safety/non-inferiority under preregistered catastrophic and nominal margins, not broad tail-LER improvement.",结论是预注册 margin 下的 safety/non-inferiority，不是广义 tail-LER 改善。,"{""broad_tail_improvement_confirmed"":false,""confirmed_average_improvement_families"":[],""exact_equal_average_families"":[""step_calibration_shift"",""telegraph_drift"",""readout_reset_fault"",""leakage_persistence"",""compound_ood""],""tail_safety_gate_passes"":true}",Requires preregistered induced-error reduction plus acceptable fallback/false-update costs across abrupt/compound families.,"[""tail advantage"",""fault robustness improvement"",""low-cost fallback""]"
GENERAL_DRIFT_EXTERNAL_COMPARISON,V4_FINAL_GATE,PERFORMANCE_OUTCOME_BUDGET_FAIL,RESULTS_ONLY,POSITIVE,,PROJECT_NATIVE_MATCHED,"[""PROJECT_NATIVE_SIMULATION""]",[],"{""abstract"":false,""conclusion"":false,""related_work"":false,""results"":true,""supplement"":true,""title"":false}","[""v4_report""]","[""v4_source""]","[""v4_code""]","{""v4_code"":""45e1ec5995546c2c54305df2989d7b40fead4a9074c2648f59c19de41278f762"",""v4_report"":""45d159f0a5075e8d4f20d0e6a0f7909becf0456e86fe3fc3151d47fa6f899191"",""v4_source"":""efdf9de35dffa5e3379a4d06110c0a3764af3ce6eca743f42d1c8f72d4f6ed4c""}","[""claims.GENERAL_DRIFT_EXTERNAL_COMPARISON"",""upstream:T6.8.7:claims.GENERAL_DRIFT_BOCD_OUTCOME"",""upstream:T6.8.7:claims.GENERAL_DRIFT_MATCHED_BUDGET_SOTA""]",Table S5,"Route-A has lower paired LER than the pinned BOCD wrapper on common traces, while that external comparator fails the strict worst-update wall-clock budget; general drift-adaptive SOTA is not established.",BOCD 的 paired LER 结果必须与其 worst-update 预算失败同时报告。,"{""paired_outcome"":{""deadline_miss_count"":1,""external_equal_family_ler"":0.011969094324593593,""external_minus_route_a"":{""ci95_high"":1.2368866891571562e-05,""ci95_low"":7.667926826863132e-06,""clusters"":24,""contrast"":""external_bocd_window_ewma_router_LER_minus_proposed_route_a_LER"",""estimate"":1.0018396859217312e-05,""left_worse_if_lcb_gt_zero"":true,""replicates"":20000,""right_worse_if_ucb_lt_zero"":false},""external_update_worst_us"":13004.1,""route_a_equal_family_ler"":0.011959075927734375,""wallclock_cap_us"":5000.0},""sota_state"":""NOT_ESTABLISHED""}",At least two closest external methods must pass identical worst-case compute/wall-clock budgets.,"[""matched-budget external superiority"",""general drift-adaptive SOTA"",""Bhardwaj exact reproduction""]"
PUVIANI_NMF_SURPASS,V4_FINAL_GATE,PROHIBITED_SOURCE_INCOMPLETE,PROHIBITED_POSITIVE,NEGATIVE,,BLOCKED,[],"[""OFFICIAL_CODE_REPRODUCTION""]","{""abstract"":false,""conclusion"":true,""related_work"":true,""results"":false,""supplement"":true,""title"":false}","[""v4_report""]","[""v4_source""]","[""v4_code""]","{""v4_code"":""45e1ec5995546c2c54305df2989d7b40fead4a9074c2648f59c19de41278f762"",""v4_report"":""45d159f0a5075e8d4f20d0e6a0f7909becf0456e86fe3fc3151d47fa6f899191"",""v4_source"":""efdf9de35dffa5e3379a4d06110c0a3764af3ce6eca743f42d1c8f72d4f6ed4c""}","[""claims.PUVIANI_NMF_SURPASS"",""upstream:T6.8.7:claims.PUVIANI_NMF_SURPASS""]",Table S6 (blocked),Official GQF paper-exact reproduction is blocked by missing/inconsistent source artifacts; no same-GQF lifetime comparison or NMF-surpass claim is available.,GQF 源码/协议未闭合，不得声称超过 NMF 寿命。,"{""exact_status"":""NO_GO_SOURCE_INCOMPLETE"",""matched_branch"":""INELIGIBLE_NEGATIVE_BRANCH_NO_MATCHED_RUN"",""matched_metric_non_null_count"":0,""paper_exact_failed"":15,""paper_exact_passed"":0}",All 15 exact gates plus same-GQF matched lifetime LCB must pass; external missing artifacts are not imputed.,"[""surpasses Puviani NMF"",""longer physical lifetime than NMF"",""paper-exact reproduction""]"
FPGA_DETERMINISTIC_ARCHITECTURE,V4_FINAL_GATE,SUPPORTED_PR_ESTIMATE,ALLOWED_RESTRICTED,POSITIVE,,PROJECT_NATIVE_PREBOARD,"[""FIXED_POINT_INTEGER_REFERENCE"",""CXXRTL_PREBOARD"",""POST_ROUTE_ESTIMATE""]","[""BOARD_MEASURED""]","{""abstract"":true,""conclusion"":true,""related_work"":false,""results"":true,""supplement"":false,""title"":false}","[""v4_report""]","[""v4_source""]","[""v4_code""]","{""v4_code"":""45e1ec5995546c2c54305df2989d7b40fead4a9074c2648f59c19de41278f762"",""v4_report"":""45d159f0a5075e8d4f20d0e6a0f7909becf0456e86fe3fc3151d47fa6f899191"",""v4_source"":""efdf9de35dffa5e3379a4d06110c0a3764af3ce6eca743f42d1c8f72d4f6ed4c""}","[""claims.FPGA_DETERMINISTIC_ARCHITECTURE"",""upstream:T6.9.1:profiles.route_a_core_no_student"",""upstream:T6.9.1:evidence_boundary""]",Fig. 4a; Table 2,"The no-student Route-A profile preserves the deterministic six-cycle architecture and passes three-seed open-source P&R at 27 MHz; Fmax/resources/power are estimates, not board measurements.",六周期、II=1、Fmax/资源均为预板或 post-route estimate。,"{""clock_model_ns"":222.22222222222223,""fmax_mhz"":{""maximum"":40.402408599853516,""median"":40.26413345336914,""minimum"":39.13740921020508,""spread"":1.2649993896484375},""power_sensitivity_mw"":{""high"":48.981335040000005,""low"":2.0408889600000006,""nominal"":12.245333760000001},""resources"":{""ALU"":{""available"":15552,""used"":448},""BSRAM"":{""available"":46,""used"":8},""DFF"":{""available"":15552,""used"":1069},""IOB"":{""available"":384,""used"":18},""LUT4"":{""available"":20736,""used"":3859},""MULT18X18"":{""available"":48,""used"":1},""MULT9X9"":{""available"":96,""used"":1}}}",T6.9.2 must provide same-bitstream layered physical measurements.,"[""measured 222.222 ns"",""vendor timing closure"",""measured power"",""faster than prior FPGA decoders""]"
BOARD_MEASURED_CORRECTNESS_LATENCY,V4_FINAL_GATE,BLOCKED_ALL_FIELDS_NULL,BLOCKED,NEGATIVE,,BLOCKED,[],"[""BOARD_MEASURED""]","{""abstract"":false,""conclusion"":true,""related_work"":false,""results"":false,""supplement"":true,""title"":false}","[""v4_report""]","[""v4_source""]","[""v4_code""]","{""v4_code"":""45e1ec5995546c2c54305df2989d7b40fead4a9074c2648f59c19de41278f762"",""v4_report"":""45d159f0a5075e8d4f20d0e6a0f7909becf0456e86fe3fc3151d47fa6f899191"",""v4_source"":""efdf9de35dffa5e3379a4d06110c0a3764af3ce6eca743f42d1c8f72d4f6ed4c""}","[""claims.BOARD_MEASURED_CORRECTNESS_LATENCY"",""upstream:T6.9.2:prerequisite_ledger"",""upstream:T6.9.2:measured_results"",""upstream:T6.9.2:claim_boundary""]",Table 2 measured rows (null),"No physical-board correctness, latency, deadline, jitter, resource-readback or power result is currently available.",42 个 measured 字段保持 null；不得用 P&R 数值填充。,"{""execution_branch"":""BLOCKED_NO_PHYSICAL_BOARD_BITSTREAM_OR_TRANSPORT"",""null_measured_fields"":42,""physical_prerequisites_failed"":6}",Complete all nine T6.9.2 recovery conditions and rerun the final evidence gate.,"[""zero board deadline misses"",""measured source-to-action latency"",""measured board power""]"
FPGA_SPEED_ADVANTAGE,V4_FINAL_GATE,PROHIBITED_NO_SAME_TASK_BOARD_COMPARATOR,PROHIBITED_POSITIVE,NEGATIVE,,BLOCKED,[],"[""BOARD_MEASURED""]","{""abstract"":false,""conclusion"":true,""related_work"":true,""results"":false,""supplement"":false,""title"":false}","[""v4_report""]","[""v4_source""]","[""v4_code""]","{""v4_code"":""45e1ec5995546c2c54305df2989d7b40fead4a9074c2648f59c19de41278f762"",""v4_report"":""45d159f0a5075e8d4f20d0e6a0f7909becf0456e86fe3fc3151d47fa6f899191"",""v4_source"":""efdf9de35dffa5e3379a4d06110c0a3764af3ce6eca743f42d1c8f72d4f6ed4c""}","[""claims.FPGA_SPEED_ADVANTAGE"",""upstream:T6.8.7:claims.FPGA_SPEED_ADVANTAGE"",""upstream:T6.9.2:claim_boundary""]",Table 2 comparison row (not ranked),No FPGA speed advantage is supported because Route-A has no board measurement and the normalized literature table has zero same-task external comparator rows.,缺少同任务真板 comparator，不能声称 faster/fastest。,"{""board_measured"":false,""same_task_external_comparator_count"":0,""speed_state"":""PROHIBITED""}",Requires T6.9.2 physical measurement and a T6.8.6 same-task comparable subset.,"[""fastest"",""SOTA FPGA decoder"",""lower latency than existing FPGA decoder""]"
CNN_AND_HMM_ROLE,V4_FINAL_GATE,CNN_ABLATION_HMM_SOFTWARE_ONLY,META_BOUNDARY,META,,META,"[""PROJECT_NATIVE_SIMULATION""]",[],"{""abstract"":false,""conclusion"":true,""related_work"":false,""results"":true,""supplement"":true,""title"":false}","[""v4_report""]","[""v4_source""]","[""v4_code""]","{""v4_code"":""45e1ec5995546c2c54305df2989d7b40fead4a9074c2648f59c19de41278f762"",""v4_report"":""45d159f0a5075e8d4f20d0e6a0f7909becf0456e86fe3fc3151d47fa6f899191"",""v4_source"":""efdf9de35dffa5e3379a4d06110c0a3764af3ce6eca743f42d1c8f72d4f6ed4c""}","[""claims.CNN_AND_HMM_ROLE"",""upstream:T6.7.4:claim_registry.CNN_PRIMARY"",""upstream:T6.7.4:scientific_results.rtl.hmm_is_in_rtl"",""upstream:T6.9.1:pareto_decision""]",Fig. 1; ablation Table S7,"CNN/teacher/student remain optional learning ablations, and HMM posterior inference remains a software slow loop; MAP/FSM components own the primary deployable claim.",legacy CNN residual 仅为消融，HMM 仅为软件慢回路。,"{""cnn_state"":""ABLATION_ONLY"",""hmm_is_in_rtl"":false,""selected_hardware_profile"":""route_a_core_no_student""}",A new matched schema/budget performance gate and functional integrated RTL are required for promotion.,"[""CNN-centric decoder"",""HMM implemented on FPGA"",""learning module causes primary LER gain""]"
V5-ALG-LER-10PCT,V5_EARLY_STOP,REVOKED,PROHIBITED_POSITIVE,NEGATIVE,,BLOCKED,[],[],"{""abstract"":false,""conclusion"":true,""related_work"":false,""results"":false,""supplement"":true,""title"":false}","[""v5_report""]","[""v5_source""]","[""v5_code""]","{""v5_code"":""4e2aa0b26f72e3d4c98797e260033472180332de54abd73a2b6c264edbe60dbb"",""v5_report"":""f742bbde35e5e7509f77a84562bf21073d65d8a71135cabb23aed8014d149f91"",""v5_source"":""c8bc2e14456bee1bdbe2bde2197c56a899976e14779984bfa5cd9eb50ceb162a""}","[""claim_registry.V5-ALG-LER-10PCT""]",Boundary Table S1,The preregistered V5 claim of at least 10% LER reduction was revoked at the causal-headroom gate.,该项服从 T6.10.1 早停，不得用 V4 或 Phase 6C 结果替代。,"{""reason"":""strict-causal development headroom is below 10%""}",Only a new preregistered route may reopen this claim.,"[""V5 outperforms"",""V5 is state-of-the-art"",""V5 hardware result""]"
V5-TAIL-CALIBRATION-TELEGRAPH,V5_EARLY_STOP,NOT_RUN_EARLY_STOP,PROHIBITED_POSITIVE,NEGATIVE,,BLOCKED,[],[],"{""abstract"":false,""conclusion"":true,""related_work"":false,""results"":false,""supplement"":true,""title"":false}","[""v5_report""]","[""v5_source""]","[""v5_code""]","{""v5_code"":""4e2aa0b26f72e3d4c98797e260033472180332de54abd73a2b6c264edbe60dbb"",""v5_report"":""f742bbde35e5e7509f77a84562bf21073d65d8a71135cabb23aed8014d149f91"",""v5_source"":""c8bc2e14456bee1bdbe2bde2197c56a899976e14779984bfa5cd9eb50ceb162a""}","[""claim_registry.V5-TAIL-CALIBRATION-TELEGRAPH""]",Boundary Table S1,No V5 calibration/telegraph tail experiment was run after the preregistered early stop.,该项服从 T6.10.1 早停，不得用 V4 或 Phase 6C 结果替代。,"{""reason"":""no V5 candidate entered pilot/formal""}",Only a new preregistered route may reopen this claim.,"[""V5 outperforms"",""V5 is state-of-the-art"",""V5 hardware result""]"
V5-POSTERIOR-MIXTURE-ACTION,V5_EARLY_STOP,REVOKED,PROHIBITED_POSITIVE,NEGATIVE,,BLOCKED,[],[],"{""abstract"":false,""conclusion"":true,""related_work"":false,""results"":false,""supplement"":true,""title"":false}","[""v5_report""]","[""v5_source""]","[""v5_code""]","{""v5_code"":""4e2aa0b26f72e3d4c98797e260033472180332de54abd73a2b6c264edbe60dbb"",""v5_report"":""f742bbde35e5e7509f77a84562bf21073d65d8a71135cabb23aed8014d149f91"",""v5_source"":""c8bc2e14456bee1bdbe2bde2197c56a899976e14779984bfa5cd9eb50ceb162a""}","[""claim_registry.V5-POSTERIOR-MIXTURE-ACTION""]",Boundary Table S1,The proposed V5 posterior-mixture action claim was revoked because incremental action-space headroom was below its entry gate.,该项服从 T6.10.1 早停，不得用 V4 或 Phase 6C 结果替代。,"{""reason"":""incremental action-space upper bound is below 12%""}",Only a new preregistered route may reopen this claim.,"[""V5 outperforms"",""V5 is state-of-the-art"",""V5 hardware result""]"
V5-UNTOUCHED-FORMAL,V5_EARLY_STOP,NOT_RUN_EARLY_STOP,PROHIBITED_POSITIVE,NEGATIVE,,BLOCKED,[],[],"{""abstract"":false,""conclusion"":true,""related_work"":false,""results"":false,""supplement"":true,""title"":false}","[""v5_report""]","[""v5_source""]","[""v5_code""]","{""v5_code"":""4e2aa0b26f72e3d4c98797e260033472180332de54abd73a2b6c264edbe60dbb"",""v5_report"":""f742bbde35e5e7509f77a84562bf21073d65d8a71135cabb23aed8014d149f91"",""v5_source"":""c8bc2e14456bee1bdbe2bde2197c56a899976e14779984bfa5cd9eb50ceb162a""}","[""claim_registry.V5-UNTOUCHED-FORMAL""]",Boundary Table S1,No untouched V5 formal split was accessed or produced.,该项服从 T6.10.1 早停，不得用 V4 或 Phase 6C 结果替代。,"{""reason"":""formal manifest and outputs intentionally absent""}",Only a new preregistered route may reopen this claim.,"[""V5 outperforms"",""V5 is state-of-the-art"",""V5 hardware result""]"
V5-QUANTIZED-RETENTION,V5_EARLY_STOP,NOT_RUN_EARLY_STOP,PROHIBITED_POSITIVE,NEGATIVE,,BLOCKED,[],[],"{""abstract"":false,""conclusion"":true,""related_work"":false,""results"":false,""supplement"":true,""title"":false}","[""v5_report""]","[""v5_source""]","[""v5_code""]","{""v5_code"":""4e2aa0b26f72e3d4c98797e260033472180332de54abd73a2b6c264edbe60dbb"",""v5_report"":""f742bbde35e5e7509f77a84562bf21073d65d8a71135cabb23aed8014d149f91"",""v5_source"":""c8bc2e14456bee1bdbe2bde2197c56a899976e14779984bfa5cd9eb50ceb162a""}","[""claim_registry.V5-QUANTIZED-RETENTION""]",Boundary Table S1,No V5 quantized-retention result exists because no candidate entered implementation.,该项服从 T6.10.1 早停，不得用 V4 或 Phase 6C 结果替代。,"{""reason"":""no eligible V5 action to quantize""}",Only a new preregistered route may reopen this claim.,"[""V5 outperforms"",""V5 is state-of-the-art"",""V5 hardware result""]"
V5-LONG-CXXRTL,V5_EARLY_STOP,NOT_RUN_EARLY_STOP,PROHIBITED_POSITIVE,NEGATIVE,,BLOCKED,[],[],"{""abstract"":false,""conclusion"":true,""related_work"":false,""results"":false,""supplement"":true,""title"":false}","[""v5_report""]","[""v5_source""]","[""v5_code""]","{""v5_code"":""4e2aa0b26f72e3d4c98797e260033472180332de54abd73a2b6c264edbe60dbb"",""v5_report"":""f742bbde35e5e7509f77a84562bf21073d65d8a71135cabb23aed8014d149f91"",""v5_source"":""c8bc2e14456bee1bdbe2bde2197c56a899976e14779984bfa5cd9eb50ceb162a""}","[""claim_registry.V5-LONG-CXXRTL""]",Boundary Table S1,The V4 long CXXRTL replay does not qualify a nonexistent V5 design.,该项服从 T6.10.1 早停，不得用 V4 或 Phase 6C 结果替代。,"{""reason"":""V4 replay cannot substitute for V5 qualification""}",Only a new preregistered route may reopen this claim.,"[""V5 outperforms"",""V5 is state-of-the-art"",""V5 hardware result""]"
V5-FORMAL-ATOMIC-SAFETY,V5_EARLY_STOP,NOT_RUN_EARLY_STOP,PROHIBITED_POSITIVE,NEGATIVE,,BLOCKED,[],[],"{""abstract"":false,""conclusion"":true,""related_work"":false,""results"":false,""supplement"":true,""title"":false}","[""v5_report""]","[""v5_source""]","[""v5_code""]","{""v5_code"":""4e2aa0b26f72e3d4c98797e260033472180332de54abd73a2b6c264edbe60dbb"",""v5_report"":""f742bbde35e5e7509f77a84562bf21073d65d8a71135cabb23aed8014d149f91"",""v5_source"":""c8bc2e14456bee1bdbe2bde2197c56a899976e14779984bfa5cd9eb50ceb162a""}","[""claim_registry.V5-FORMAL-ATOMIC-SAFETY""]",Boundary Table S1,No V5 formal atomic-safety result exists.,该项服从 T6.10.1 早停，不得用 V4 或 Phase 6C 结果替代。,"{""reason"":""no V5 RTL/profile exists""}",Only a new preregistered route may reopen this claim.,"[""V5 outperforms"",""V5 is state-of-the-art"",""V5 hardware result""]"
V5-MULTISEED-PR,V5_EARLY_STOP,NOT_RUN_EARLY_STOP,PROHIBITED_POSITIVE,NEGATIVE,,BLOCKED,[],[],"{""abstract"":false,""conclusion"":true,""related_work"":false,""results"":false,""supplement"":true,""title"":false}","[""v5_report""]","[""v5_source""]","[""v5_code""]","{""v5_code"":""4e2aa0b26f72e3d4c98797e260033472180332de54abd73a2b6c264edbe60dbb"",""v5_report"":""f742bbde35e5e7509f77a84562bf21073d65d8a71135cabb23aed8014d149f91"",""v5_source"":""c8bc2e14456bee1bdbe2bde2197c56a899976e14779984bfa5cd9eb50ceb162a""}","[""claim_registry.V5-MULTISEED-PR""]",Boundary Table S1,No V5 multi-seed place-and-route result exists.,该项服从 T6.10.1 早停，不得用 V4 或 Phase 6C 结果替代。,"{""reason"":""no V5 RTL/profile exists""}",Only a new preregistered route may reopen this claim.,"[""V5 outperforms"",""V5 is state-of-the-art"",""V5 hardware result""]"
V5-MEASURED-HARDWARE,V5_EARLY_STOP,BLOCKED,BLOCKED,NEGATIVE,,BLOCKED,[],"[""BOARD_MEASURED""]","{""abstract"":false,""conclusion"":true,""related_work"":false,""results"":false,""supplement"":true,""title"":false}","[""v5_report""]","[""v5_source""]","[""v5_code""]","{""v5_code"":""4e2aa0b26f72e3d4c98797e260033472180332de54abd73a2b6c264edbe60dbb"",""v5_report"":""f742bbde35e5e7509f77a84562bf21073d65d8a71135cabb23aed8014d149f91"",""v5_source"":""c8bc2e14456bee1bdbe2bde2197c56a899976e14779984bfa5cd9eb50ceb162a""}","[""claim_registry.V5-MEASURED-HARDWARE""]",Boundary Table S1,V5 board measurement remains blocked and all measured fields remain null.,该项服从 T6.10.1 早停，不得用 V4 或 Phase 6C 结果替代。,"{""reason"":""T6.9.2 still has 42 null measured fields""}",Only a new preregistered route may reopen this claim.,"[""V5 outperforms"",""V5 is state-of-the-art"",""V5 hardware result""]"
PHASE6C-READONLY-AUX,V5_EARLY_STOP,ALLOWED_AFTER_THIS_GATE,META_BOUNDARY,META,,META,[],[],"{""abstract"":false,""conclusion"":false,""related_work"":true,""results"":false,""supplement"":true,""title"":false}","[""v5_report""]","[""v5_source""]","[""v5_code""]","{""v5_code"":""4e2aa0b26f72e3d4c98797e260033472180332de54abd73a2b6c264edbe60dbb"",""v5_report"":""f742bbde35e5e7509f77a84562bf21073d65d8a71135cabb23aed8014d149f91"",""v5_source"":""c8bc2e14456bee1bdbe2bde2197c56a899976e14779984bfa5cd9eb50ceb162a""}","[""claim_registry.PHASE6C-READONLY-AUX""]",Boundary Table S1,Phase 6C is a read-only secondary evidence layer and cannot rescue or upgrade Phase 6B.,该项服从 T6.10.1 早停，不得用 V4 或 Phase 6C 结果替代。,"{""reason"":""secondary lanes cannot modify or rescue Phase 6B""}",Only a new preregistered route may reopen this claim.,"[""V5 outperforms"",""V5 is state-of-the-art"",""V5 hardware result""]"
P6C-SINGLE-CI-CPD-EQUIVALENCE,PHASE6C_SECONDARY,SUPPORTED_NARROW,RESULTS_ONLY,POSITIVE,single_mode_decoder,PROJECT_NATIVE_MATCHED,"[""PROJECT_NATIVE_SIMULATION""]",[],"{""abstract"":false,""conclusion"":false,""related_work"":false,""results"":true,""supplement"":true,""title"":false}","[""phase6c_report"",""single_cpd_report""]","[""phase6c_source"",""single_cpd_source""]","[""phase6c_code"",""single_cpd_code""]","{""phase6c_code"":""72825f7f9cdf01743717fed0e4216ed9e8cb67c1d16b624fa96190a2e2bcb21b"",""phase6c_report"":""a17f74d58203c3a90a540aeee0879bd8146682b19387094ad0958abe4aae7c33"",""phase6c_source"":""3258f60a5b65b16c5f282afe9f46843bea29f355e91b393a35fbcb0a14d01ea4"",""single_cpd_code"":""08f182df806c4f2050b51c135790027024aa75422bd8adbe2d9e8e0c4bed751f"",""single_cpd_report"":""25734c74a0c13ff3d3e5def38dc89719587b68364a2b1d0b21056413a1f0f2bf"",""single_cpd_source"":""dc1a8aa7f37def32f89c7510debb60f17cc3655053b019c3918e594d41d2739a""}","[""cells.single_standard_binning_pl"",""upstream.proof_contract"",""upstream.production_domain"",""upstream.boundary_audit""]",Table S8,"For a single-mode square lattice with Euclidean distance, closest-point decoding reduces exactly to closest-integer binning; MAP boundaries remain distinct.",CI=Euclidean CPD 只在冻结的 single-mode square-lattice 条件成立。,"{""atlas_cells"":{""single_standard_binning_pl"":{""evidence_grade"":""PROJECT_NATIVE_MATCHED"",""metric_id"":""p_L"",""value"":0.0009786111337167244,""value_state"":""REPRODUCED_VALUE""}},""upstream_reports"":{""single_cpd_report"":{""task_id"":""T6.17.1"",""verdict"":""PASS_SINGLE_MODE_EUCLIDEAN_CPD_EQUALS_CI_WITH_MAP_BOUNDARIES""}}}",A new preregistered same-task lane is required for any broader comparison.,"[""global winner"",""overall SOTA"",""faster than all FPGA decoders"",""rescues V5""]"
P6C-SURFACE-NOH-CI-ML,PHASE6C_SECONDARY,PROJECT_NATIVE_MATCHED,RESULTS_ONLY,POSITIVE,surface_gkp_gate_outer_code,PROJECT_NATIVE_MATCHED,"[""PROJECT_NATIVE_SIMULATION""]",[],"{""abstract"":false,""conclusion"":false,""related_work"":false,""results"":true,""supplement"":true,""title"":false}","[""phase6c_report"",""surface_cnot_report""]","[""phase6c_source"",""surface_cnot_source""]","[""phase6c_code"",""surface_cnot_code""]","{""phase6c_code"":""72825f7f9cdf01743717fed0e4216ed9e8cb67c1d16b624fa96190a2e2bcb21b"",""phase6c_report"":""a17f74d58203c3a90a540aeee0879bd8146682b19387094ad0958abe4aae7c33"",""phase6c_source"":""3258f60a5b65b16c5f282afe9f46843bea29f355e91b393a35fbcb0a14d01ea4"",""surface_cnot_code"":""2dca9d298a1f5e9b5ee2456c64a77c20dbd08fd3ed2935c811be68047cfbbe2c"",""surface_cnot_report"":""6b19bc5d99f4dbfe30c3f826d05f3f49721ca6bb0854206c739cea16115ae81f"",""surface_cnot_source"":""fd23828e201b580af7a7e810b74db5fb5ff4bc49e2dfc5fc92579f3da58c7e30""}","[""cells.surface_ci_9p0db"",""cells.surface_ml_9p0db"",""cells.surface_ci_12p0db"",""cells.surface_ml_12p0db"",""cells.surface_ci_13p0db"",""cells.surface_ml_13p0db"",""upstream.model_contract"",""upstream.points"",""upstream.multiplicity"",""upstream.boundary_audit""]",Fig. S1,"A project-native matched replay of the Noh CNOT model yields lower failure probabilities for ML than CI at 9, 12 and 13 dB.",这是 outer-code/gate lane 的 project-native matched replay，不是本项目 single-mode 主系统排名。,"{""atlas_cells"":{""surface_ci_12p0db"":{""evidence_grade"":""PROJECT_NATIVE_MATCHED"",""metric_id"":""cnot_failure_probability"",""value"":0.008724636501736112,""value_state"":""REPRODUCED_VALUE""},""surface_ci_13p0db"":{""evidence_grade"":""PROJECT_NATIVE_MATCHED"",""metric_id"":""cnot_failure_probability"",""value"":0.002623686919341216,""value_state"":""REPRODUCED_VALUE""},""surface_ci_9p0db"":{""evidence_grade"":""PROJECT_NATIVE_MATCHED"",""metric_id"":""cnot_failure_probability"",""value"":0.1001434326171875,""value_state"":""REPRODUCED_VALUE""},""surface_ml_12p0db"":{""evidence_grade"":""PROJECT_NATIVE_MATCHED"",""metric_id"":""cnot_failure_probability"",""value"":0.003658718532986111,""value_state"":""REPRODUCED_VALUE""},""surface_ml_13p0db"":{""evidence_grade"":""PROJECT_NATIVE_MATCHED"",""metric_id"":""cnot_failure_probability"",""value"":0.0008400581978462838,""value_state"":""REPRODUCED_VALUE""},""surface_ml_9p0db"":{""evidence_grade"":""PROJECT_NATIVE_MATCHED"",""metric_id"":""cnot_failure_probability"",""value"":0.068939208984375,""value_state"":""REPRODUCED_VALUE""}},""upstream_reports"":{""surface_cnot_report"":{""task_id"":""T6.17.2"",""verdict"":""PASS_PROJECT_NATIVE_MATCHED_NOH_CNOT_CI_ML_REPRODUCTION""}}}",A new preregistered same-task lane is required for any broader comparison.,"[""global winner"",""overall SOTA"",""faster than all FPGA decoders"",""rescues V5""]"
P6C-STRUCTURED-OFFICIAL-CPD,PHASE6C_SECONDARY,OFFICIAL_REPRODUCTION,RESULTS_ONLY,POSITIVE,multimode_structured_lattice_cpd,OFFICIAL_CODE_REPRODUCTION,"[""OFFICIAL_CODE_REPRODUCTION""]",[],"{""abstract"":false,""conclusion"":false,""related_work"":false,""results"":true,""supplement"":true,""title"":false}","[""phase6c_report"",""official_cpd_report""]","[""phase6c_source"",""official_cpd_source""]","[""phase6c_code"",""official_cpd_code""]","{""official_cpd_code"":""290c2418297a1511cfc76ea7a34af06cdc4d5d32cab4508c04572acf5d661d01"",""official_cpd_report"":""4ebdbef259db53675353d2e798c9825739ea926c50d58de18838026e1fe6494f"",""official_cpd_source"":""03ca4313a25f60bb1f45780ff9dec37713a8784de1e2f27cf5bdb07e3335c7a5"",""phase6c_code"":""72825f7f9cdf01743717fed0e4216ed9e8cb67c1d16b624fa96190a2e2bcb21b"",""phase6c_report"":""a17f74d58203c3a90a540aeee0879bd8146682b19387094ad0958abe4aae7c33"",""phase6c_source"":""3258f60a5b65b16c5f282afe9f46843bea29f355e91b393a35fbcb0a14d01ea4""}","[""cells.structured_official_cpd_threshold"",""cells.structured_official_analog_mwpm_threshold"",""upstream.official_import"",""upstream.independent_experiment"",""upstream.evidence_boundary""]",Fig. S2,"The pinned official structured-lattice code reproduces small-distance CPD and analog-MWPM crossings near sigma=0.6025 and 0.5996, respectively.",只报告官方代码的小距离 crossing；不得外推到 single-mode 主任务或更大距离阈值。,"{""atlas_cells"":{""structured_official_analog_mwpm_threshold"":{""evidence_grade"":""OFFICIAL_CODE_REPRODUCTION"",""metric_id"":""noise_threshold_sigma"",""value"":0.5995937637028759,""value_state"":""REPRODUCED_VALUE""},""structured_official_cpd_threshold"":{""evidence_grade"":""OFFICIAL_CODE_REPRODUCTION"",""metric_id"":""noise_threshold_sigma"",""value"":0.6024563484296794,""value_state"":""REPRODUCED_VALUE""}},""upstream_reports"":{""official_cpd_report"":{""task_id"":""T6.18.2"",""verdict"":""PASS_OFFICIAL_CPD_SMALL_DISTANCE_THRESHOLD_REPRODUCTION_WITH_UPSTREAM_CAVEAT""}}}",A new preregistered same-task lane is required for any broader comparison.,"[""global winner"",""overall SOTA"",""faster than all FPGA decoders"",""rescues V5""]"
P6C-MULTIMODE-POSTERIOR-WEIGHTED,PHASE6C_SECONDARY,PROJECT_NATIVE_MATCHED,RESULTS_ONLY,POSITIVE,multimode_structured_lattice_cpd,PROJECT_NATIVE_MATCHED,"[""PROJECT_NATIVE_SIMULATION""]",[],"{""abstract"":false,""conclusion"":false,""related_work"":false,""results"":true,""supplement"":true,""title"":false}","[""phase6c_report"",""multimode_report""]","[""phase6c_source"",""multimode_source""]","[""phase6c_code"",""multimode_code""]","{""multimode_code"":""0669d3046d051fac3306902ed424adcd3f464528051c3c41d311c63e3f0fe320"",""multimode_report"":""064f2211aa30905744d5230b5556b81cd7635fb8fb92c6649c4c0ba23e613fd6"",""multimode_source"":""560cea6e6e9a211347263b353db7b53a28d592038d6e98b48e08b06df52ab814"",""phase6c_code"":""72825f7f9cdf01743717fed0e4216ed9e8cb67c1d16b624fa96190a2e2bcb21b"",""phase6c_report"":""a17f74d58203c3a90a540aeee0879bd8146682b19387094ad0958abe4aae7c33"",""phase6c_source"":""3258f60a5b65b16c5f282afe9f46843bea29f355e91b393a35fbcb0a14d01ea4""}","[""cells.multimode_static_euclidean_pl"",""cells.multimode_weighted_static_pl"",""cells.multimode_observed_only_posterior_predictive_weighted_pl"",""upstream.method_contract"",""upstream.summaries"",""upstream.comparisons"",""upstream.formal_counts""]",Fig. S3,"On the frozen multimode secondary split, observed-only posterior-predictive weighted CPD lowers aggregate pL relative to both static Euclidean and weighted-static CPD.",正结果仅属于独立 multimode secondary split，不进入 V5 >=10% 分母或 Route-A 主排名。,"{""atlas_cells"":{""multimode_observed_only_posterior_predictive_weighted_pl"":{""evidence_grade"":""PROJECT_NATIVE_MATCHED"",""metric_id"":""p_L"",""value"":0.1722609375,""value_state"":""REPRODUCED_VALUE""},""multimode_static_euclidean_pl"":{""evidence_grade"":""PROJECT_NATIVE_MATCHED"",""metric_id"":""p_L"",""value"":0.236929375,""value_state"":""REPRODUCED_VALUE""},""multimode_weighted_static_pl"":{""evidence_grade"":""PROJECT_NATIVE_MATCHED"",""metric_id"":""p_L"",""value"":0.26167854166666665,""value_state"":""REPRODUCED_VALUE""}},""upstream_reports"":{""multimode_report"":{""task_id"":""T6.18.3"",""verdict"":""GO_POSTERIOR_WEIGHTED_CPD_DRIFT_GAIN""}}}",A new preregistered same-task lane is required for any broader comparison.,"[""global winner"",""overall SOTA"",""faster than all FPGA decoders"",""rescues V5""]"
P6C-LEARNED-ELIGIBILITY,PHASE6C_SECONDARY,ZERO_ELIGIBLE,MANDATORY_NEGATIVE,NEGATIVE,controller_rl_nmf,NEGATIVE,"[""PROJECT_NATIVE_SIMULATION""]",[],"{""abstract"":false,""conclusion"":true,""related_work"":false,""results"":true,""supplement"":true,""title"":false}","[""phase6c_report"",""learned_report""]","[""phase6c_source"",""learned_source""]","[""phase6c_code"",""learned_code""]","{""learned_code"":""290ad775906c4ad57ca99d89f58122752ca0a743f902e8d10b782316eb646985"",""learned_report"":""5ed1b79440863e7c5160298b22961f66fd0ca20e81b7ffdd0db0adeff43ce899"",""learned_source"":""c35d0625ee4830ece89c9541c0a444991aeb455e996282d54a20cc524befcdbb"",""phase6c_code"":""72825f7f9cdf01743717fed0e4216ed9e8cb67c1d16b624fa96190a2e2bcb21b"",""phase6c_report"":""a17f74d58203c3a90a540aeee0879bd8146682b19387094ad0958abe4aae7c33"",""phase6c_source"":""3258f60a5b65b16c5f282afe9f46843bea29f355e91b393a35fbcb0a14d01ea4""}","[""cells.controller_learned_same_task"",""upstream.required_signature"",""upstream.candidates"",""upstream.eligibility_summary""]",Table S9,"No learned checkpoint satisfies the frozen same-task schema, observation, action and budget eligibility contract.",learned comparator 数量为零，不能用近似网络或旧 checkpoint 填补。,"{""atlas_cells"":{""controller_learned_same_task"":{""evidence_grade"":""INELIGIBLE"",""metric_id"":""ler_reduction_fraction"",""value"":null,""value_state"":""NULL_NOT_REPORTED""}},""upstream_reports"":{""learned_report"":{""task_id"":""T6.17.3"",""verdict"":""PASS_READONLY_LEARNED_ELIGIBILITY_NO_SAME_TASK_CHECKPOINT""}}}",A new preregistered same-task lane is required for any broader comparison.,"[""global winner"",""overall SOTA"",""faster than all FPGA decoders"",""rescues V5""]"
P6C-NMF-GQF,PHASE6C_SECONDARY,BLOCKED,BLOCKED,NEGATIVE,controller_rl_nmf,BLOCKED,[],[],"{""abstract"":false,""conclusion"":true,""related_work"":true,""results"":false,""supplement"":true,""title"":false}","[""phase6c_report"",""gqf_exact_report"",""gqf_gate_report""]","[""phase6c_source"",""gqf_exact_source"",""gqf_gate_source""]","[""phase6c_code"",""gqf_exact_code"",""gqf_gate_code""]","{""gqf_exact_code"":""0e60f5ee46da162036a644d2a6c70267d317a46ff19daf55a1703de62229c01b"",""gqf_exact_report"":""8677917ad3c8bc6f60f6630dd757546a86c676781594d2c4ecd6f4e41c45ad29"",""gqf_exact_source"":""674a0055202288706986e7da3af403f982cc2ad108cca0525acdb7ce1962a3cb"",""gqf_gate_code"":""e4bfbbbc11059373cebf4d881d1e8b5169a9c2f754597619eaa2b99d84a50ae8"",""gqf_gate_report"":""0ca9ff294e508e46ee10c84f72cc2601be04b3ac7da029f847437fded9c99a5e"",""gqf_gate_source"":""cbc3a41b00d2a72f4885a167a6dfd682cff11a6e21299ebd5b32c717b57425bb"",""phase6c_code"":""72825f7f9cdf01743717fed0e4216ed9e8cb67c1d16b624fa96190a2e2bcb21b"",""phase6c_report"":""a17f74d58203c3a90a540aeee0879bd8146682b19387094ad0958abe4aae7c33"",""phase6c_source"":""3258f60a5b65b16c5f282afe9f46843bea29f355e91b393a35fbcb0a14d01ea4""}","[""cells.controller_gqf_exact"",""cells.controller_gqf_route_a_rank"",""upstream.exact_qualification"",""upstream.exact_reproduction_status"",""upstream.prerequisite_ledger"",""upstream.matched_comparison_metrics""]",Table S9 (blocked),Official GQF/NMF reproduction and a same-task lifetime comparison remain blocked; no NMF-surpass conclusion is available.,源码/协议缺口与跨 simulator lifetime 不可比性必须保留。,"{""atlas_cells"":{""controller_gqf_exact"":{""evidence_grade"":""BLOCKED"",""metric_id"":""lifetime_gain_ratio"",""value"":null,""value_state"":""FAILED""},""controller_gqf_route_a_rank"":{""evidence_grade"":""NEGATIVE"",""metric_id"":""ler_reduction_fraction"",""value"":null,""value_state"":""NEGATIVE""}},""upstream_reports"":{""gqf_exact_report"":{""task_id"":""T6.8.4"",""verdict"":""COMPLETE_GQF_PAPER_EXACT_ATTEMPT_NO_GO_SOURCE_INCOMPLETE""},""gqf_gate_report"":{""task_id"":""T6.8.5"",""verdict"":""COMPLETE_T6_8_5_INELIGIBLE_NEGATIVE_BRANCH""}}}",A new preregistered same-task lane is required for any broader comparison.,"[""global winner"",""overall SOTA"",""faster than all FPGA decoders"",""rescues V5""]"
P6C-AQEC-WALLCLOCK,PHASE6C_SECONDARY,PROJECT_NATIVE_ONLY,RESULTS_ONLY,POSITIVE,aqec_wallclock,PROJECT_NATIVE_MATCHED,"[""PROJECT_NATIVE_SIMULATION""]",[],"{""abstract"":false,""conclusion"":false,""related_work"":false,""results"":true,""supplement"":true,""title"":false}","[""phase6c_report"",""aqec_report""]","[""phase6c_source"",""aqec_source""]","[""phase6c_code"",""aqec_code""]","{""aqec_code"":""482ec7b48bfe1c05cedb5d2f730e47b201e65544a7d62e1dc195b92fdc71b6ed"",""aqec_report"":""87ee4862937858459f09ba9732abc67139df3dc625f0f2ce102f80d7e764503b"",""aqec_source"":""78efa1efb0411b8c05d53f3f34d72bcd3ae8179a5aa1a8c5025d8ebd85543eab"",""phase6c_code"":""72825f7f9cdf01743717fed0e4216ed9e8cb67c1d16b624fa96190a2e2bcb21b"",""phase6c_report"":""a17f74d58203c3a90a540aeee0879bd8146682b19387094ad0958abe4aae7c33"",""phase6c_source"":""3258f60a5b65b16c5f282afe9f46843bea29f355e91b393a35fbcb0a14d01ea4""}","[""cells.aqec_cutoff12_high_measurement_feedback"",""cells.aqec_cutoff12_high_autonomous"",""cells.aqec_official_protocol_blocked"",""upstream.cells"",""upstream.project_result"",""upstream.official_protocol_reproduction""]",Fig. S4,"The common-wall-clock AQEC replay is project-native and reports active-versus-autonomous outcomes, while official-protocol reproduction remains blocked.",不能把 project-native 700-us wall-clock replay 写成官方 AQEC 物理复现或零延迟控制。,"{""atlas_cells"":{""aqec_cutoff12_high_autonomous"":{""evidence_grade"":""PROJECT_NATIVE_MATCHED"",""metric_id"":""lifetime_gain_ratio"",""value"":0.24578455202481556,""value_state"":""REPRODUCED_VALUE""},""aqec_cutoff12_high_measurement_feedback"":{""evidence_grade"":""PROJECT_NATIVE_MATCHED"",""metric_id"":""lifetime_gain_ratio"",""value"":0.26043829289388487,""value_state"":""REPRODUCED_VALUE""},""aqec_official_protocol_blocked"":{""evidence_grade"":""BLOCKED"",""metric_id"":""lifetime_gain_ratio"",""value"":null,""value_state"":""FAILED""}},""upstream_reports"":{""aqec_report"":{""task_id"":""T6.18.1"",""verdict"":""PASS_PROJECT_NATIVE_AQEC_WALLCLOCK_WITH_OFFICIAL_PROTOCOL_BLOCKED""}}}",A new preregistered same-task lane is required for any broader comparison.,"[""global winner"",""overall SOTA"",""faster than all FPGA decoders"",""rescues V5""]"
P6C-FPGA-NORMALIZATION,PHASE6C_SECONDARY,DESCRIPTIVE_ONLY,RELATED_WORK_ONLY,META,fpga_implementation,LITERATURE_ONLY,"[""LITERATURE_ONLY"",""POST_ROUTE_ESTIMATE""]","[""BOARD_MEASURED""]","{""abstract"":false,""conclusion"":false,""related_work"":true,""results"":false,""supplement"":true,""title"":false}","[""phase6c_report"",""preboard_report"",""external_fpga_report""]","[""phase6c_source"",""preboard_source"",""external_fpga_source""]","[""phase6c_code"",""preboard_code"",""external_fpga_code""]","{""external_fpga_code"":""4ebb4e9bc8a78e79fe0800dacaae3f7bc7b4a3fdd5ed4bdade1d987b0765128b"",""external_fpga_report"":""e8f28c8658b00f3117d915a5127f24c78b8a70c316d3f4fa8a861f662403b257"",""external_fpga_source"":""7a2781c8f8e9a6f690967a5703596e852005e631a48777b34702b4721f01881c"",""phase6c_code"":""72825f7f9cdf01743717fed0e4216ed9e8cb67c1d16b624fa96190a2e2bcb21b"",""phase6c_report"":""a17f74d58203c3a90a540aeee0879bd8146682b19387094ad0958abe4aae7c33"",""phase6c_source"":""3258f60a5b65b16c5f282afe9f46843bea29f355e91b393a35fbcb0a14d01ea4"",""preboard_code"":""24a5c13dd1a03aee2dd774a537c1b4d7831943d3dd79e4ba0a14c32d8f4763d3"",""preboard_report"":""cb2ce9f31c9e5b32f2250521307426d593fdbfa958ce8d765068bc96b9a3a315"",""preboard_source"":""44751e8ea47f409e4c7825e726a5c76c41aa6dd6653d9bcd8f6f80f763d7645c""}","[""cells.fpga_project_latency_ns"",""cells.fpga_project_initiation_interval_ns"",""cells.fpga_external_same_task"",""cells.fpga_board_latency_null"",""upstream.hardware_profiles"",""upstream.board_measurement_state"",""upstream.external_rows"",""upstream.comparison_eligibility"",""upstream.claim_boundary""]",Table S10,The FPGA atlas reports literature values and project post-route estimates descriptively; it contains zero same-task external comparator rows and supports no speed ranking.,18 个外部实现只作规范化 related-work atlas；null 不填补、跨任务不排名。,"{""atlas_cells"":{""fpga_board_latency_null"":{""evidence_grade"":""BLOCKED"",""metric_id"":""latency_ns"",""value"":null,""value_state"":""NULL_NOT_REPORTED""},""fpga_external_same_task"":{""evidence_grade"":""NEGATIVE"",""metric_id"":""latency_ns"",""value"":null,""value_state"":""NEGATIVE""},""fpga_project_initiation_interval_ns"":{""evidence_grade"":""PROJECT_NATIVE_MATCHED"",""metric_id"":""initiation_interval_ns"",""value"":37.03703703703704,""value_state"":""ESTIMATE_VALUE""},""fpga_project_latency_ns"":{""evidence_grade"":""PROJECT_NATIVE_MATCHED"",""metric_id"":""latency_ns"",""value"":222.2222222222222,""value_state"":""ESTIMATE_VALUE""}},""upstream_reports"":{""external_fpga_report"":{""task_id"":""T6.19.2"",""verdict"":""PASS_EXTERNAL_FPGA_REFRESH_ZERO_SAME_TASK_NO_SPEED_CLAIM""},""preboard_report"":{""task_id"":""T6.19.1"",""verdict"":""PASS_STATIC_MAP_LUT_PREBOARD_PROFILE_OTHERS_NA_HOST_STAGES_SEPARATE""}}}",A new preregistered same-task lane is required for any broader comparison.,"[""global winner"",""overall SOTA"",""faster than all FPGA decoders"",""rescues V5""]"
