row_id,kind,item_id,payload_json,payload_sha256
claim:MM_OPENED_TASK_LOCAL_GAIN,claim,MM_OPENED_TASK_LOCAL_GAIN,"{""blocking_gaps"":[""not the strongest eligible deployable denominator"",""opened task-local development evidence"",""T6.24.5 not run""],""claim_id"":""MM_OPENED_TASK_LOCAL_GAIN"",""current_evidence"":{""absolute_improvement"":{""ci_high"":0.06492635677083333,""ci_low"":0.0644128125,""clusters"":32,""mean"":0.0646684375,""resamples"":20000},""candidate_allocated_bytes_first_decode_max"":20448,""candidate_cvar95_window_ler"":0.24062666933760685,""candidate_p_L"":0.1722609375,""candidate_runtime_seconds"":1853.8019994000108,""candidate_seconds_per_decode"":0.00019310437493750112,""candidate_worst_window_ler"":0.291015625,""cycles"":9600000,""static_euclidean_p_L"":0.236929375},""element_ids"":[""MM-E1"",""MM-E2"",""MM-E3""],""evidence"":{""code"":[""mm_opened_code"",""delta_contract_code"",""delta_renderer""],""configs"":[""self_config"",""mm_opened_config"",""delta_config""],""hashes"":{""delta_config"":""ba82c53cc4743d1653a2edb62163230edc5dcd2cb4616d26a520ee6015b67aa8"",""delta_contract_code"":""d9bae64d4044a04b462159d227febd01af3bf8dc87e25c46dd5dd912293619e5"",""delta_renderer"":""d9fa42ecaf1f563c7f9012e94e4ecd05333c0e7b4815d9933e372cf55acbf51c"",""final_gate_report"":""d34298991b0aab0af0550a57afdcf63bb2a5f9f16fcb57706e625d973a015780"",""matrix_contract_report"":""3a45888a836faae56b6640a5437342de4cebcdce69bddd6716a92472f33220a1"",""mm_official_source"":""9f8c62d77731ed41d95ac9d6fde73facec3db9498bde83462737e2823bdd1d29"",""mm_opened_code"":""0669d3046d051fac3306902ed424adcd3f464528051c3c41d311c63e3f0fe320"",""mm_opened_config"":""62ffd7b788b3f320d736696506875b7054b78775cd586621c06881a06458ce4b"",""mm_opened_raw"":""560cea6e6e9a211347263b353db7b53a28d592038d6e98b48e08b06df52ab814"",""mm_opened_report"":""7d5f27225f377b88b130e721a3ba5d739662efa52f72796b852d99a0d6e857a8"",""self_config"":""09dd65e9b3d8b655025e4965951bfe40d20fe876961c84abc756815800984d7c""},""raw_data"":[""mm_opened_raw""],""reports"":[""mm_opened_report"",""matrix_contract_report"",""final_gate_report""],""selectors"":[""summaries.aggregate"",""comparisons.aggregate"",""formal_counts"",""claim_boundary"",""T7.1.5.figure_contract"",""T7.1.5.revocation_conditions""],""sources"":[""mm_official_source""]},""figure_ids"":[""Figure 5""],""final_disposition"":""RETAIN_CONTEXT_ONLY"",""final_wording"":""Retain only as opened task-local multimode context alongside the mandatory strongest-baseline NO-GO."",""forbidden_wording"":[""multimode SOTA"",""strongest deployable baseline"",""implemented by the six-cycle RTL""],""lane_id"":""MULTIMODE_SOFTWARE_ALGORITHM"",""paper_placements"":[""Results"",""Discussion"",""Supplement""],""parent_evidence_keys"":{""code"":[""mm_opened_code""],""configs"":[""self_config"",""mm_opened_config""],""raw_data"":[""mm_opened_raw""],""reports"":[""mm_opened_report""],""selectors"":[""summaries.aggregate"",""comparisons.aggregate"",""formal_counts"",""claim_boundary""],""sources"":[""mm_official_source""]},""parent_payload_sha256"":""031d58ebf9d59d200fa5f5f6e5c7f272aebb10cb1a2af0527463becda0e3402f"",""parent_state"":""RESULTS_ONLY_NONRANKING"",""render_binding"":""figure_element"",""revocation_conditions"":[""hide T6.20.4 zero-headroom result"",""call the result frozen-benchmark or universal SOTA""],""source_final_claim_payload_sha256"":""c3f180b8f96dca7c6971a42bd0f5e34d738434a485830e3ca28652f0c566750c""}",4011f333b7dd45107c5bf2ab04a2b4dbdafba7a0b99f5721243f7e47770611c5
claim:MM_V1_CAUSAL_HEADROOM_NO_GO,claim,MM_V1_CAUSAL_HEADROOM_NO_GO,"{""blocking_gaps"":[""relative improvement point is 0%"",""paired 95% lower bound is 0%"",""pilot/formal unaccessed""],""claim_id"":""MM_V1_CAUSAL_HEADROOM_NO_GO"",""current_evidence"":{""baseline_p_L"":0.11197916666666667,""formal_or_pilot_accessed"":false,""proposed_p_L"":0.11197916666666667,""relative_improvement_lcb"":0.0,""relative_improvement_point"":0.0,""strongest_baseline"":""static_mixture_exact_mld"",""verdict"":""NO_GO_MULTIMODE_CAUSAL_HEADROOM""},""element_ids"":[""MM-E4""],""evidence"":{""code"":[""mm_headroom_code"",""delta_contract_code"",""delta_renderer""],""configs"":[""self_config"",""mm_headroom_config"",""delta_config""],""hashes"":{""cancellation_ledger"":""d468d37c973c3360036feab148195013e0247f1a88d0d54f7282d59dde8abf31"",""delta_config"":""ba82c53cc4743d1653a2edb62163230edc5dcd2cb4616d26a520ee6015b67aa8"",""delta_contract_code"":""d9bae64d4044a04b462159d227febd01af3bf8dc87e25c46dd5dd912293619e5"",""delta_renderer"":""d9fa42ecaf1f563c7f9012e94e4ecd05333c0e7b4815d9933e372cf55acbf51c"",""final_gate_report"":""d34298991b0aab0af0550a57afdcf63bb2a5f9f16fcb57706e625d973a015780"",""matrix_contract_report"":""3a45888a836faae56b6640a5437342de4cebcdce69bddd6716a92472f33220a1"",""mm_headroom_code"":""7b10532716d08e48f1a46c45a2583dcfac6df427218d67386fe19c3b60dbe1e7"",""mm_headroom_config"":""e0f21b8aa220bee40aa9b6e27e84d13cdf2e40a6a69d906e23ddb6c53ff8297f"",""mm_headroom_raw"":""cf825e703b54a15de05bf8a54ffd498ffd5917fb3727e14f53ccf610105fde35"",""mm_headroom_report"":""091e68bdd63f7245999e7506c9eda4fc37970d02792f5d82eb53583364098d93"",""mm_headroom_source"":""88358c54da640a852fdb9314f29853a464039dcd2b8fcd16d1e0d4301d01e7ae"",""mm_headroom_source_data"":""41d5dbe60186a2aae3a4b289357c341d83143951fddfd976658ce9c6330c1334"",""self_config"":""09dd65e9b3d8b655025e4965951bfe40d20fe876961c84abc756815800984d7c""},""raw_data"":[""mm_headroom_raw"",""mm_headroom_source_data""],""reports"":[""mm_headroom_report"",""matrix_contract_report"",""final_gate_report""],""selectors"":[""strongest_development_baseline_selection"",""paired_bootstrap"",""headroom_gate"",""scope"",""T7.1.5.figure_contract"",""T7.1.5.revocation_conditions""],""sources"":[""mm_headroom_source"",""cancellation_ledger""]},""figure_ids"":[""Figure 5""],""final_disposition"":""MANDATORY_NEGATIVE"",""final_wording"":""Mandatory negative: Phase-6D v1 did not enter implementation or formal because usable causal headroom over the strongest retained static baseline was zero."",""forbidden_wording"":[""passed the 10% gate"",""delete the strongest baseline"",""rescued by RTL safety""],""lane_id"":""MULTIMODE_SOFTWARE_ALGORITHM"",""paper_placements"":[""Results"",""Discussion"",""Supplement""],""parent_evidence_keys"":{""code"":[""mm_headroom_code""],""configs"":[""self_config"",""mm_headroom_config""],""raw_data"":[""mm_headroom_raw"",""mm_headroom_source_data""],""reports"":[""mm_headroom_report""],""selectors"":[""strongest_development_baseline_selection"",""paired_bootstrap"",""headroom_gate"",""scope""],""sources"":[""mm_headroom_source"",""cancellation_ledger""]},""parent_payload_sha256"":""1c397ade51f0cea79045209638d16d1b0073457d8bd2e99e264d605c1c35f400"",""parent_state"":""MANDATORY_NEGATIVE"",""render_binding"":""figure_element"",""revocation_conditions"":[""delete static-mixture exact MLD"",""delete an unfavorable family"",""use RTL evidence to rescue the gate""],""source_final_claim_payload_sha256"":""6114da58c068c924e0d130fcff7b0e8307ba52a63965ee5c81d70c6493fac586""}",efff90a126db663fd72433f2c829cd5217eb19d7609afa2a19978978ea8ec04e
claim:MM_FROZEN_BENCHMARK_SOTA_BLOCKED,claim,MM_FROZEN_BENCHMARK_SOTA_BLOCKED,"{""blocking_gaps"":[""T6.24.5 Dropped"",""no untouched formal result"",""no simultaneous >10% LCB against every eligible baseline""],""claim_id"":""MM_FROZEN_BENCHMARK_SOTA_BLOCKED"",""current_evidence"":null,""element_ids"":[""MM-D6"",""MM-E5""],""evidence"":{""code"":[""mm_headroom_code"",""delta_contract_code"",""delta_renderer""],""configs"":[""self_config"",""mm_headroom_config"",""delta_config""],""hashes"":{""cancellation_ledger"":""d468d37c973c3360036feab148195013e0247f1a88d0d54f7282d59dde8abf31"",""delta_config"":""ba82c53cc4743d1653a2edb62163230edc5dcd2cb4616d26a520ee6015b67aa8"",""delta_contract_code"":""d9bae64d4044a04b462159d227febd01af3bf8dc87e25c46dd5dd912293619e5"",""delta_renderer"":""d9fa42ecaf1f563c7f9012e94e4ecd05333c0e7b4815d9933e372cf55acbf51c"",""final_gate_report"":""d34298991b0aab0af0550a57afdcf63bb2a5f9f16fcb57706e625d973a015780"",""matrix_contract_report"":""3a45888a836faae56b6640a5437342de4cebcdce69bddd6716a92472f33220a1"",""mm_headroom_code"":""7b10532716d08e48f1a46c45a2583dcfac6df427218d67386fe19c3b60dbe1e7"",""mm_headroom_config"":""e0f21b8aa220bee40aa9b6e27e84d13cdf2e40a6a69d906e23ddb6c53ff8297f"",""mm_headroom_raw"":""cf825e703b54a15de05bf8a54ffd498ffd5917fb3727e14f53ccf610105fde35"",""mm_headroom_report"":""091e68bdd63f7245999e7506c9eda4fc37970d02792f5d82eb53583364098d93"",""mm_headroom_source"":""88358c54da640a852fdb9314f29853a464039dcd2b8fcd16d1e0d4301d01e7ae"",""mm_headroom_source_data"":""41d5dbe60186a2aae3a4b289357c341d83143951fddfd976658ce9c6330c1334"",""self_config"":""09dd65e9b3d8b655025e4965951bfe40d20fe876961c84abc756815800984d7c""},""raw_data"":[""mm_headroom_raw"",""mm_headroom_source_data""],""reports"":[""mm_headroom_report"",""matrix_contract_report"",""final_gate_report""],""selectors"":[""strongest_development_baseline_selection"",""paired_bootstrap"",""headroom_gate"",""scope"",""T7.1.5.figure_contract"",""T7.1.5.revocation_conditions""],""sources"":[""mm_headroom_source"",""cancellation_ledger""]},""figure_ids"":[""Figure 5""],""final_disposition"":""BLOCKED"",""final_wording"":""Frozen-benchmark multimode SOTA is not established."",""forbidden_wording"":[""frozen-benchmark SOTA"",""universal GKP SOTA"",""formal confirmation""],""lane_id"":""MULTIMODE_SOFTWARE_ALGORITHM"",""paper_placements"":[""AbstractBoundary"",""Results"",""Limitations"",""Supplement""],""parent_evidence_keys"":{""code"":[""mm_headroom_code""],""configs"":[""self_config"",""mm_headroom_config""],""raw_data"":[""mm_headroom_raw"",""mm_headroom_source_data""],""reports"":[""mm_headroom_report""],""selectors"":[""strongest_development_baseline_selection"",""paired_bootstrap"",""headroom_gate"",""scope""],""sources"":[""mm_headroom_source"",""cancellation_ledger""]},""parent_payload_sha256"":""c57b44104198c3b92387bb073dcccfd8885e23ae9fe5abbc217713c1a24ff3ca"",""parent_state"":""BLOCKED_NOT_RUN"",""render_binding"":""figure_element"",""revocation_conditions"":[""write frozen-benchmark SOTA"",""write universal GKP SOTA"",""promote T6.18.3 into formal""],""source_final_claim_payload_sha256"":""a27cd2fae95db1df0fc03ab2a710566db6f5e7529e44124990b3feb8ab13c252""}",a8aee888c11af3d6878d00b0cf183f99796c98f3bea01b23a1f0d84658eb5188
claim:RTL_DETERMINISTIC_SIX_CYCLE_II1,claim,RTL_DETERMINISTIC_SIX_CYCLE_II1,"{""blocking_gaps"":[""physical transport/CDC/pins absent"",""nanosecond board latency unmeasured""],""claim_id"":""RTL_DETERMINISTIC_SIX_CYCLE_II1"",""current_evidence"":{""cycles_qualified"":1000000,""ii1_input_pairs"":998435,""ii1_output_pairs"":998435,""initiation_interval_cycles"":1,""latency_cycles"":6,""mismatches"":0},""element_ids"":[""RTL-E1"",""RTL-E3""],""evidence"":{""code"":[""rtl_formal_code"",""rtl_long_code"",""rtl_hardware_code"",""delta_contract_code"",""delta_renderer""],""configs"":[""self_config"",""rtl_formal_config"",""rtl_long_config"",""rtl_hardware_config"",""delta_config""],""hashes"":{""delta_config"":""ba82c53cc4743d1653a2edb62163230edc5dcd2cb4616d26a520ee6015b67aa8"",""delta_contract_code"":""d9bae64d4044a04b462159d227febd01af3bf8dc87e25c46dd5dd912293619e5"",""delta_renderer"":""d9fa42ecaf1f563c7f9012e94e4ecd05333c0e7b4815d9933e372cf55acbf51c"",""final_gate_report"":""d34298991b0aab0af0550a57afdcf63bb2a5f9f16fcb57706e625d973a015780"",""matrix_contract_report"":""3a45888a836faae56b6640a5437342de4cebcdce69bddd6716a92472f33220a1"",""rtl_formal_code"":""7ca58c14dcfb28bced2fe653f18e0a54ed47ffb9d6bd1dc0fd36ec55fa09e707"",""rtl_formal_config"":""dad88961619f782c033376f72a9897ba5872803447eab97eb401dc62a9ccb077"",""rtl_formal_raw"":""3f5f816931431aaab2f70947954490125c2c831e31a67a5f24a693737052b54b"",""rtl_formal_report"":""a8e8b8427cfa0557b77cfe0774dc50fb9300c832acc61cfc5ce5b622f2c4cab7"",""rtl_hardware_code"":""6b1c61f4690ff22501b47f0a1c6a1238281645b3a39dfcae254e6514dcebf4da"",""rtl_hardware_config"":""678622dcd19a34d939d9cd00d6902dd78ed82d32f839841bdcf0e6ea0038bcf1"",""rtl_hardware_raw"":""26c55466146625d9c360560609839128b7b0a83a5591f3715c3939d7b942e425"",""rtl_hardware_report"":""953162d728e887ec563c6a96d08395024345ea0ae12780fb3c85b2292d435104"",""rtl_hardware_source"":""9f59e2afe58832ef27d3390e37743de0a22cf8086645f744628db4087f12cfd0"",""rtl_long_code"":""5e61ba4b1a1bd9e321438ebdc85761cafbf77c25bbf10a242f854c90c5d5af11"",""rtl_long_config"":""93eb6b537164c148fb646626e9d2a8b4e15205bcd52bb3cbc05974c7a510333f"",""rtl_long_raw"":""d7050e84605cd066b75be4b4cbf24171d9bb4db7e5e40f85f6f97c548f5d2d2a"",""rtl_long_report"":""24f39dcad4677895d07b087793823f9054cc8d48ac4dd13fe4346cfa62fcadea"",""rtl_long_source"":""0508324c57d78bd212586878f6933a710f34165f5c5fb1499a721f35c752bf96"",""rtl_production_source"":""67bd18122a60d9107e048b2f97f49d52d39be784835ffcff85d404f105618269"",""self_config"":""09dd65e9b3d8b655025e4965951bfe40d20fe876961c84abc756815800984d7c""},""raw_data"":[""rtl_formal_raw"",""rtl_long_raw"",""rtl_hardware_raw""],""reports"":[""rtl_formal_report"",""rtl_long_report"",""rtl_hardware_report"",""matrix_contract_report"",""final_gate_report""],""selectors"":[""formal_results"",""aggregate_python"",""clock_model"",""fmax_mhz"",""resource_summary"",""critical_paths"",""T7.1.5.figure_contract"",""T7.1.5.revocation_conditions""],""sources"":[""rtl_production_source"",""rtl_long_source"",""rtl_hardware_source""]},""figure_ids"":[""Figure 6""],""final_disposition"":""PROMOTED_RESTRICTED"",""final_wording"":""The exact single-mode converged RTL supports a six-cycle, II=1 pre-board architecture and passed one-million-cycle full-vector CXXRTL qualification."",""forbidden_wording"":[""multimode decoder latency"",""board-measured latency"",""fastest FPGA decoder""],""lane_id"":""SINGLE_MODE_DETERMINISTIC_RTL"",""paper_placements"":[""Abstract"",""Methods"",""Results"",""Conclusion"",""Supplement""],""parent_evidence_keys"":{""code"":[""rtl_formal_code"",""rtl_long_code"",""rtl_hardware_code""],""configs"":[""self_config"",""rtl_formal_config"",""rtl_long_config"",""rtl_hardware_config""],""raw_data"":[""rtl_formal_raw"",""rtl_long_raw"",""rtl_hardware_raw""],""reports"":[""rtl_formal_report"",""rtl_long_report"",""rtl_hardware_report""],""selectors"":[""formal_results"",""aggregate_python"",""clock_model"",""fmax_mhz"",""resource_summary"",""critical_paths""],""sources"":[""rtl_production_source"",""rtl_long_source"",""rtl_hardware_source""]},""parent_payload_sha256"":""db15c85f9e6749b0575c3aa7231ec9798456143d484250ff1b006796ee39e0af"",""parent_state"":""CURRENT_RESTRICTED"",""render_binding"":""figure_element"",""revocation_conditions"":[""source hash drift"",""nonzero CXXRTL mismatch"",""latency or II contract failure""],""source_final_claim_payload_sha256"":""ee782b24309bdee9f8edf3180c04607a5062daac88ce31b14c22beaaefb1a836""}",9896d53012b6df9ef3c1c5f34a08d0177111c6c286825265e5d963795c925c3b
claim:RTL_ATOMIC_FAIL_CLOSED,claim,RTL_ATOMIC_FAIL_CLOSED,"{""blocking_gaps"":[""two-state RTL scope"",""physical CDC/metastability absent"",""unbounded liveness not claimed""],""claim_id"":""RTL_ATOMIC_FAIL_CLOSED"",""current_evidence"":{""formal_gates"":{""passed"":17,""total"":17},""formal_mutations"":{""killed"":21,""minimum"":18,""total"":21},""long_gates"":{""passed"":19,""total"":19},""long_semantic_mutations"":{""detected"":21,""total"":21}},""element_ids"":[""RTL-E2"",""RTL-E3""],""evidence"":{""code"":[""rtl_formal_code"",""rtl_long_code"",""rtl_hardware_code"",""delta_contract_code"",""delta_renderer""],""configs"":[""self_config"",""rtl_formal_config"",""rtl_long_config"",""rtl_hardware_config"",""delta_config""],""hashes"":{""delta_config"":""ba82c53cc4743d1653a2edb62163230edc5dcd2cb4616d26a520ee6015b67aa8"",""delta_contract_code"":""d9bae64d4044a04b462159d227febd01af3bf8dc87e25c46dd5dd912293619e5"",""delta_renderer"":""d9fa42ecaf1f563c7f9012e94e4ecd05333c0e7b4815d9933e372cf55acbf51c"",""final_gate_report"":""d34298991b0aab0af0550a57afdcf63bb2a5f9f16fcb57706e625d973a015780"",""matrix_contract_report"":""3a45888a836faae56b6640a5437342de4cebcdce69bddd6716a92472f33220a1"",""rtl_formal_code"":""7ca58c14dcfb28bced2fe653f18e0a54ed47ffb9d6bd1dc0fd36ec55fa09e707"",""rtl_formal_config"":""dad88961619f782c033376f72a9897ba5872803447eab97eb401dc62a9ccb077"",""rtl_formal_raw"":""3f5f816931431aaab2f70947954490125c2c831e31a67a5f24a693737052b54b"",""rtl_formal_report"":""a8e8b8427cfa0557b77cfe0774dc50fb9300c832acc61cfc5ce5b622f2c4cab7"",""rtl_hardware_code"":""6b1c61f4690ff22501b47f0a1c6a1238281645b3a39dfcae254e6514dcebf4da"",""rtl_hardware_config"":""678622dcd19a34d939d9cd00d6902dd78ed82d32f839841bdcf0e6ea0038bcf1"",""rtl_hardware_raw"":""26c55466146625d9c360560609839128b7b0a83a5591f3715c3939d7b942e425"",""rtl_hardware_report"":""953162d728e887ec563c6a96d08395024345ea0ae12780fb3c85b2292d435104"",""rtl_hardware_source"":""9f59e2afe58832ef27d3390e37743de0a22cf8086645f744628db4087f12cfd0"",""rtl_long_code"":""5e61ba4b1a1bd9e321438ebdc85761cafbf77c25bbf10a242f854c90c5d5af11"",""rtl_long_config"":""93eb6b537164c148fb646626e9d2a8b4e15205bcd52bb3cbc05974c7a510333f"",""rtl_long_raw"":""d7050e84605cd066b75be4b4cbf24171d9bb4db7e5e40f85f6f97c548f5d2d2a"",""rtl_long_report"":""24f39dcad4677895d07b087793823f9054cc8d48ac4dd13fe4346cfa62fcadea"",""rtl_long_source"":""0508324c57d78bd212586878f6933a710f34165f5c5fb1499a721f35c752bf96"",""rtl_production_source"":""67bd18122a60d9107e048b2f97f49d52d39be784835ffcff85d404f105618269"",""self_config"":""09dd65e9b3d8b655025e4965951bfe40d20fe876961c84abc756815800984d7c""},""raw_data"":[""rtl_formal_raw"",""rtl_long_raw"",""rtl_hardware_raw""],""reports"":[""rtl_formal_report"",""rtl_long_report"",""rtl_hardware_report"",""matrix_contract_report"",""final_gate_report""],""selectors"":[""formal_results"",""aggregate_python"",""clock_model"",""fmax_mhz"",""resource_summary"",""critical_paths"",""T7.1.5.figure_contract"",""T7.1.5.revocation_conditions""],""sources"":[""rtl_production_source"",""rtl_long_source"",""rtl_hardware_source""]},""figure_ids"":[""Figure 6""],""final_disposition"":""PROMOTED_RESTRICTED"",""final_wording"":""The exact converged production top passes the stated pre-board atomic versioned-bank and fail-closed property contract."",""forbidden_wording"":[""physical fail-safe proof"",""multimode safety proof"",""board verified""],""lane_id"":""SINGLE_MODE_DETERMINISTIC_RTL"",""paper_placements"":[""Abstract"",""Methods"",""Results"",""Conclusion"",""Supplement""],""parent_evidence_keys"":{""code"":[""rtl_formal_code"",""rtl_long_code"",""rtl_hardware_code""],""configs"":[""self_config"",""rtl_formal_config"",""rtl_long_config"",""rtl_hardware_config""],""raw_data"":[""rtl_formal_raw"",""rtl_long_raw"",""rtl_hardware_raw""],""reports"":[""rtl_formal_report"",""rtl_long_report"",""rtl_hardware_report""],""selectors"":[""formal_results"",""aggregate_python"",""clock_model"",""fmax_mhz"",""resource_summary"",""critical_paths""],""sources"":[""rtl_production_source"",""rtl_long_source"",""rtl_hardware_source""]},""parent_payload_sha256"":""713bb9d4809c30accded64d4ca72c7d36e3bc11304e5311457ab27c52067b0fd"",""parent_state"":""CURRENT_RESTRICTED"",""render_binding"":""figure_element"",""revocation_conditions"":[""formal gate or mutation failure"",""reintroduce raw config/trust bypass"",""cross-top evidence stitching""],""source_final_claim_payload_sha256"":""ad2bc1583a035badce20cae6862ead88a1a7eec3ad84f18c705b78652a77bf3b""}",e8a23478f2c58e5e13bbd0d6ab983d33a87d18cc423e54863ca13df80a0feb28
claim:RTL_POST_ROUTE_ESTIMATE,claim,RTL_POST_ROUTE_ESTIMATE,"{""blocking_gaps"":[""open-source estimate, not vendor signoff"",""observability fold may dominate critical path"",""no physical bitstream or board""],""claim_id"":""RTL_POST_ROUTE_ESTIMATE"",""current_evidence"":{""clock_model"":{""at_27mhz_ns"":222.22222222222223,""at_minimum_fmax_ns"":163.06799196180498,""cycles"":6,""deadline_miss_count"":null,""evidence_level"":""post-route clock model; no transport or physical jitter"",""initiation_interval_cycles"":1,""jitter_ns"":null},""critical_paths"":[{""clock_to_q_ns"":0.23100000619888306,""end_cell"":""fold[11]_DFFR_Q"",""end_component"":""observability_fold"",""end_location"":[7,12],""from_clock"":""posedge converged.clk"",""logic_ns"":11.972000300884247,""period_ns"":26.40700029209256,""routing_ns"":14.16899998486042,""seed"":1,""segment_count"":93,""setup_ns"":0.03500000014901161,""start_cell"":""converged.core.phase_frame_x_DFFRE_Q"",""start_component"":""production_core"",""start_location"":[22,14],""to_clock"":""posedge converged.clk"",""wrapper_may_dominate"":true},{""clock_to_q_ns"":0.23100000619888306,""end_cell"":""fold[11]_DFFR_Q_15"",""end_component"":""observability_fold"",""end_location"":[6,14],""from_clock"":""posedge converged.clk"",""logic_ns"":9.858000248670578,""period_ns"":26.500000212341547,""routing_ns"":16.375999957323074,""seed"":7,""segment_count"":77,""setup_ns"":0.03500000014901161,""start_cell"":""converged.core.leakage_clean_run_DFFRE_Q_1"",""start_component"":""production_core"",""start_location"":[19,15],""to_clock"":""posedge converged.clk"",""wrapper_may_dominate"":true},{""clock_to_q_ns"":0.23100000619888306,""end_cell"":""fold[11]_DFFR_Q"",""end_component"":""observability_fold"",""end_location"":[7,10],""from_clock"":""posedge converged.clk"",""logic_ns"":10.30700021982193,""period_ns"":27.17800024524331,""routing_ns"":16.605000019073486,""seed"":19,""segment_count"":81,""setup_ns"":0.03500000014901161,""start_cell"":""converged.core.leakage_clean_run_DFFRE_Q"",""start_component"":""production_core"",""start_location"":[22,11],""to_clock"":""posedge converged.clk"",""wrapper_may_dominate"":true}],""fmax_mhz"":{""maximum"":37.86874771118164,""median"":37.73584747314453,""minimum"":36.79446792602539,""spread"":1.07427978515625},""resource_summary"":{""ALU"":{""available"":15552,""maximum"":590,""median"":590,""minimum"":590},""BSRAM"":{""available"":46,""maximum"":8,""median"":8,""minimum"":8},""DFF"":{""available"":15552,""maximum"":2495,""median"":2495,""minimum"":2495},""IOB"":{""available"":384,""maximum"":18,""median"":18,""minimum"":18},""LUT4"":{""available"":20736,""maximum"":6130,""median"":6118,""minimum"":6108},""MULT18X18"":{""available"":48,""maximum"":1,""median"":1,""minimum"":1},""MULT9X9"":{""available"":96,""maximum"":1,""median"":1,""minimum"":1}}},""element_ids"":[""RTL-E4"",""RTL-E5""],""evidence"":{""code"":[""rtl_formal_code"",""rtl_long_code"",""rtl_hardware_code"",""delta_contract_code"",""delta_renderer""],""configs"":[""self_config"",""rtl_formal_config"",""rtl_long_config"",""rtl_hardware_config"",""delta_config""],""hashes"":{""delta_config"":""ba82c53cc4743d1653a2edb62163230edc5dcd2cb4616d26a520ee6015b67aa8"",""delta_contract_code"":""d9bae64d4044a04b462159d227febd01af3bf8dc87e25c46dd5dd912293619e5"",""delta_renderer"":""d9fa42ecaf1f563c7f9012e94e4ecd05333c0e7b4815d9933e372cf55acbf51c"",""final_gate_report"":""d34298991b0aab0af0550a57afdcf63bb2a5f9f16fcb57706e625d973a015780"",""matrix_contract_report"":""3a45888a836faae56b6640a5437342de4cebcdce69bddd6716a92472f33220a1"",""rtl_formal_code"":""7ca58c14dcfb28bced2fe653f18e0a54ed47ffb9d6bd1dc0fd36ec55fa09e707"",""rtl_formal_config"":""dad88961619f782c033376f72a9897ba5872803447eab97eb401dc62a9ccb077"",""rtl_formal_raw"":""3f5f816931431aaab2f70947954490125c2c831e31a67a5f24a693737052b54b"",""rtl_formal_report"":""a8e8b8427cfa0557b77cfe0774dc50fb9300c832acc61cfc5ce5b622f2c4cab7"",""rtl_hardware_code"":""6b1c61f4690ff22501b47f0a1c6a1238281645b3a39dfcae254e6514dcebf4da"",""rtl_hardware_config"":""678622dcd19a34d939d9cd00d6902dd78ed82d32f839841bdcf0e6ea0038bcf1"",""rtl_hardware_raw"":""26c55466146625d9c360560609839128b7b0a83a5591f3715c3939d7b942e425"",""rtl_hardware_report"":""953162d728e887ec563c6a96d08395024345ea0ae12780fb3c85b2292d435104"",""rtl_hardware_source"":""9f59e2afe58832ef27d3390e37743de0a22cf8086645f744628db4087f12cfd0"",""rtl_long_code"":""5e61ba4b1a1bd9e321438ebdc85761cafbf77c25bbf10a242f854c90c5d5af11"",""rtl_long_config"":""93eb6b537164c148fb646626e9d2a8b4e15205bcd52bb3cbc05974c7a510333f"",""rtl_long_raw"":""d7050e84605cd066b75be4b4cbf24171d9bb4db7e5e40f85f6f97c548f5d2d2a"",""rtl_long_report"":""24f39dcad4677895d07b087793823f9054cc8d48ac4dd13fe4346cfa62fcadea"",""rtl_long_source"":""0508324c57d78bd212586878f6933a710f34165f5c5fb1499a721f35c752bf96"",""rtl_production_source"":""67bd18122a60d9107e048b2f97f49d52d39be784835ffcff85d404f105618269"",""self_config"":""09dd65e9b3d8b655025e4965951bfe40d20fe876961c84abc756815800984d7c""},""raw_data"":[""rtl_formal_raw"",""rtl_long_raw"",""rtl_hardware_raw""],""reports"":[""rtl_formal_report"",""rtl_long_report"",""rtl_hardware_report"",""matrix_contract_report"",""final_gate_report""],""selectors"":[""formal_results"",""aggregate_python"",""clock_model"",""fmax_mhz"",""resource_summary"",""critical_paths"",""T7.1.5.figure_contract"",""T7.1.5.revocation_conditions""],""sources"":[""rtl_production_source"",""rtl_long_source"",""rtl_hardware_source""]},""figure_ids"":[""Figure 6""],""final_disposition"":""PROMOTED_RESTRICTED"",""final_wording"":""The exact qualified top passes three-seed 27 MHz open-source P&R; reported Fmax/resources are whole-harness pre-board estimates."",""forbidden_wording"":[""bare-core Fmax"",""vendor signoff"",""measured power"",""fastest""],""lane_id"":""SINGLE_MODE_DETERMINISTIC_RTL"",""paper_placements"":[""Methods"",""Results"",""Supplement""],""parent_evidence_keys"":{""code"":[""rtl_formal_code"",""rtl_long_code"",""rtl_hardware_code""],""configs"":[""self_config"",""rtl_formal_config"",""rtl_long_config"",""rtl_hardware_config""],""raw_data"":[""rtl_formal_raw"",""rtl_long_raw"",""rtl_hardware_raw""],""reports"":[""rtl_formal_report"",""rtl_long_report"",""rtl_hardware_report""],""selectors"":[""formal_results"",""aggregate_python"",""clock_model"",""fmax_mhz"",""resource_summary"",""critical_paths""],""sources"":[""rtl_production_source"",""rtl_long_source"",""rtl_hardware_source""]},""parent_payload_sha256"":""db53d155d70ba2f0f8ddef47e92379efc2b13e5447e7f9273d636394047e0033"",""parent_state"":""CURRENT_RESTRICTED"",""render_binding"":""figure_element"",""revocation_conditions"":[""any seed fails 27 MHz"",""source/netlist binding drift"",""rename harness Fmax as bare-core or board speed""],""source_final_claim_payload_sha256"":""4674ac8b00f9f0b73d87c575d23651784d344e16844d2cc691919b525cf1b350""}",7367694573a046db63af73ad686340ae4225bad68089ba100bf24b9db8c20c78
claim:RTL_BOARD_MEASUREMENT_BLOCKED,claim,RTL_BOARD_MEASUREMENT_BLOCKED,"{""blocking_gaps"":[""T6.9.2 Blocked"",""no board correctness/latency/jitter/deadline/power"",""transport/CDC unimplemented""],""claim_id"":""RTL_BOARD_MEASUREMENT_BLOCKED"",""current_evidence"":{""board_deadline_miss_rate"":null,""board_jitter_ns"":null,""board_latency_ns"":null,""board_power_mw"":null,""physical_commit_latency_us"":null,""physical_transfer_latency_us"":null},""element_ids"":[""RTL-E6""],""evidence"":{""code"":[""rtl_hardware_code"",""board_blocker_code"",""delta_contract_code"",""delta_renderer""],""configs"":[""self_config"",""rtl_hardware_config"",""delta_config""],""hashes"":{""board_blocker_code"":""397c2dc76a7bba0d71a1b1582cddb01b385c8beee4429ea21d20ea322466352b"",""board_blocker_report"":""3ba6b5fbaf88049b62a6bb8fe32d3a1ccb2c4e234c7b4f96e7401e3f598bf8c8"",""delta_config"":""ba82c53cc4743d1653a2edb62163230edc5dcd2cb4616d26a520ee6015b67aa8"",""delta_contract_code"":""d9bae64d4044a04b462159d227febd01af3bf8dc87e25c46dd5dd912293619e5"",""delta_renderer"":""d9fa42ecaf1f563c7f9012e94e4ecd05333c0e7b4815d9933e372cf55acbf51c"",""final_gate_report"":""d34298991b0aab0af0550a57afdcf63bb2a5f9f16fcb57706e625d973a015780"",""matrix_contract_report"":""3a45888a836faae56b6640a5437342de4cebcdce69bddd6716a92472f33220a1"",""rtl_hardware_code"":""6b1c61f4690ff22501b47f0a1c6a1238281645b3a39dfcae254e6514dcebf4da"",""rtl_hardware_config"":""678622dcd19a34d939d9cd00d6902dd78ed82d32f839841bdcf0e6ea0038bcf1"",""rtl_hardware_raw"":""26c55466146625d9c360560609839128b7b0a83a5591f3715c3939d7b942e425"",""rtl_hardware_report"":""953162d728e887ec563c6a96d08395024345ea0ae12780fb3c85b2292d435104"",""rtl_hardware_source"":""9f59e2afe58832ef27d3390e37743de0a22cf8086645f744628db4087f12cfd0"",""rtl_production_source"":""67bd18122a60d9107e048b2f97f49d52d39be784835ffcff85d404f105618269"",""self_config"":""09dd65e9b3d8b655025e4965951bfe40d20fe876961c84abc756815800984d7c""},""raw_data"":[""rtl_hardware_raw""],""reports"":[""rtl_hardware_report"",""board_blocker_report"",""matrix_contract_report"",""final_gate_report""],""selectors"":[""measured_fields"",""evidence_boundary"",""T7.1.5.figure_contract"",""T7.1.5.revocation_conditions""],""sources"":[""rtl_production_source"",""rtl_hardware_source""]},""figure_ids"":[""Figure 6""],""final_disposition"":""BLOCKED"",""final_wording"":""All physical-board fields remain null and unavailable."",""forbidden_wording"":[""board measured"",""zero physical deadline miss"",""measured power""],""lane_id"":""SINGLE_MODE_DETERMINISTIC_RTL"",""paper_placements"":[""Methods"",""Results"",""Limitations"",""Supplement""],""parent_evidence_keys"":{""code"":[""rtl_hardware_code"",""board_blocker_code""],""configs"":[""self_config"",""rtl_hardware_config""],""raw_data"":[""rtl_hardware_raw""],""reports"":[""rtl_hardware_report"",""board_blocker_report""],""selectors"":[""measured_fields"",""evidence_boundary""],""sources"":[""rtl_production_source"",""rtl_hardware_source""]},""parent_payload_sha256"":""a082b1ea6eae3f3317ab4d9a7a70b95efdcc35803581799fe54f96dd0446d9f3"",""parent_state"":""BLOCKED_NOT_RUN"",""render_binding"":""figure_element"",""revocation_conditions"":[""populate any measured field from clock model/P&R/analytic power"",""mark T6.9.2 Done without physical protocol""],""source_final_claim_payload_sha256"":""5d2a14c381b2f72ea9b4a4c088e4bcba3de51cd8e0fdf715b67147b746674c05""}",4bf79d03c1d85032a44ad2c5cab2f579f22ed9fdcb480eefccb84d7dbbc0cf65
claim:RTL_SPEED_ADVANTAGE_PROHIBITED,claim,RTL_SPEED_ADVANTAGE_PROHIBITED,"{""blocking_gaps"":[""no same-task board comparator"",""current Fmax is observability-harness estimate"",""external tasks are incommensurate""],""claim_id"":""RTL_SPEED_ADVANTAGE_PROHIBITED"",""current_evidence"":{""fastest_or_sota"":false},""element_ids"":[""RTL-E4"",""RTL-E6""],""evidence"":{""code"":[""rtl_formal_code"",""rtl_long_code"",""rtl_hardware_code"",""delta_contract_code"",""delta_renderer""],""configs"":[""self_config"",""rtl_formal_config"",""rtl_long_config"",""rtl_hardware_config"",""delta_config""],""hashes"":{""delta_config"":""ba82c53cc4743d1653a2edb62163230edc5dcd2cb4616d26a520ee6015b67aa8"",""delta_contract_code"":""d9bae64d4044a04b462159d227febd01af3bf8dc87e25c46dd5dd912293619e5"",""delta_renderer"":""d9fa42ecaf1f563c7f9012e94e4ecd05333c0e7b4815d9933e372cf55acbf51c"",""final_gate_report"":""d34298991b0aab0af0550a57afdcf63bb2a5f9f16fcb57706e625d973a015780"",""matrix_contract_report"":""3a45888a836faae56b6640a5437342de4cebcdce69bddd6716a92472f33220a1"",""rtl_formal_code"":""7ca58c14dcfb28bced2fe653f18e0a54ed47ffb9d6bd1dc0fd36ec55fa09e707"",""rtl_formal_config"":""dad88961619f782c033376f72a9897ba5872803447eab97eb401dc62a9ccb077"",""rtl_formal_raw"":""3f5f816931431aaab2f70947954490125c2c831e31a67a5f24a693737052b54b"",""rtl_formal_report"":""a8e8b8427cfa0557b77cfe0774dc50fb9300c832acc61cfc5ce5b622f2c4cab7"",""rtl_hardware_code"":""6b1c61f4690ff22501b47f0a1c6a1238281645b3a39dfcae254e6514dcebf4da"",""rtl_hardware_config"":""678622dcd19a34d939d9cd00d6902dd78ed82d32f839841bdcf0e6ea0038bcf1"",""rtl_hardware_raw"":""26c55466146625d9c360560609839128b7b0a83a5591f3715c3939d7b942e425"",""rtl_hardware_report"":""953162d728e887ec563c6a96d08395024345ea0ae12780fb3c85b2292d435104"",""rtl_hardware_source"":""9f59e2afe58832ef27d3390e37743de0a22cf8086645f744628db4087f12cfd0"",""rtl_long_code"":""5e61ba4b1a1bd9e321438ebdc85761cafbf77c25bbf10a242f854c90c5d5af11"",""rtl_long_config"":""93eb6b537164c148fb646626e9d2a8b4e15205bcd52bb3cbc05974c7a510333f"",""rtl_long_raw"":""d7050e84605cd066b75be4b4cbf24171d9bb4db7e5e40f85f6f97c548f5d2d2a"",""rtl_long_report"":""24f39dcad4677895d07b087793823f9054cc8d48ac4dd13fe4346cfa62fcadea"",""rtl_long_source"":""0508324c57d78bd212586878f6933a710f34165f5c5fb1499a721f35c752bf96"",""rtl_production_source"":""67bd18122a60d9107e048b2f97f49d52d39be784835ffcff85d404f105618269"",""self_config"":""09dd65e9b3d8b655025e4965951bfe40d20fe876961c84abc756815800984d7c""},""raw_data"":[""rtl_formal_raw"",""rtl_long_raw"",""rtl_hardware_raw""],""reports"":[""rtl_formal_report"",""rtl_long_report"",""rtl_hardware_report"",""matrix_contract_report"",""final_gate_report""],""selectors"":[""formal_results"",""aggregate_python"",""clock_model"",""fmax_mhz"",""resource_summary"",""critical_paths"",""T7.1.5.figure_contract"",""T7.1.5.revocation_conditions""],""sources"":[""rtl_production_source"",""rtl_long_source"",""rtl_hardware_source""]},""figure_ids"":[""Figure 6""],""final_disposition"":""PROHIBITED_POSITIVE"",""final_wording"":""No FPGA speed advantage is claimed."",""forbidden_wording"":[""faster than existing FPGA decoders"",""fastest"",""SOTA latency""],""lane_id"":""SINGLE_MODE_DETERMINISTIC_RTL"",""paper_placements"":[""RelatedWork"",""Limitations"",""Supplement""],""parent_evidence_keys"":{""code"":[""rtl_formal_code"",""rtl_long_code"",""rtl_hardware_code""],""configs"":[""self_config"",""rtl_formal_config"",""rtl_long_config"",""rtl_hardware_config""],""raw_data"":[""rtl_formal_raw"",""rtl_long_raw"",""rtl_hardware_raw""],""reports"":[""rtl_formal_report"",""rtl_long_report"",""rtl_hardware_report""],""selectors"":[""formal_results"",""aggregate_python"",""clock_model"",""fmax_mhz"",""resource_summary"",""critical_paths""],""sources"":[""rtl_production_source"",""rtl_long_source"",""rtl_hardware_source""]},""parent_payload_sha256"":""910e074d155ad8328f6b28a63c2e98c5359d1839380011f8ac019f9a4f3b5a78"",""parent_state"":""PROHIBITED_POSITIVE"",""render_binding"":""figure_element"",""revocation_conditions"":[""write faster/fastest/SOTA latency"",""rank raw nanoseconds across code families""],""source_final_claim_payload_sha256"":""d3723402b33bc7dbed051ab2a5c85d3aaf359bd3fe54e74ab36282c7818001a4""}",05ed3427fe884ebcc1d7ef9d6fa2c18dd808534618ff7a29fd66bf110b4fbb6c
claim:LEARNING_APPROXIMATION_DROPPED,claim,LEARNING_APPROXIMATION_DROPPED,"{""blocking_gaps"":[""no authorized Phase-6D teacher"",""no distillation/quantization/formal retention"",""T6.26.2 Dropped""],""claim_id"":""LEARNING_APPROXIMATION_DROPPED"",""current_evidence"":{""T6.26.1"":""Dropped"",""T6.26.2"":""Dropped"",""present_in_primary_rtl"":false},""element_ids"":[""ML-E1""],""evidence"":{""code"":[""dual_contract_code"",""mm_headroom_code"",""rtl_hardware_code"",""delta_contract_code"",""delta_renderer""],""configs"":[""self_config"",""mm_headroom_config"",""rtl_hardware_config"",""delta_config""],""hashes"":{""cancellation_ledger"":""d468d37c973c3360036feab148195013e0247f1a88d0d54f7282d59dde8abf31"",""delta_config"":""ba82c53cc4743d1653a2edb62163230edc5dcd2cb4616d26a520ee6015b67aa8"",""delta_contract_code"":""d9bae64d4044a04b462159d227febd01af3bf8dc87e25c46dd5dd912293619e5"",""delta_renderer"":""d9fa42ecaf1f563c7f9012e94e4ecd05333c0e7b4815d9933e372cf55acbf51c"",""dual_contract_code"":""385c7e87e4c0f274f5746f980c2a128381a7a9f27b1abdc92541b241b7a40ece"",""dual_contract_raw"":""29aa63a6bfceefa0c83f5d09ff5f4e3a9bb4ef525b446bba4baaf3933a46ac72"",""dual_contract_report"":""33433227b6c6ec32c25d530f33502f17fbdf307dbb04a5960fe5117e5984dad6"",""final_gate_report"":""d34298991b0aab0af0550a57afdcf63bb2a5f9f16fcb57706e625d973a015780"",""matrix_contract_report"":""3a45888a836faae56b6640a5437342de4cebcdce69bddd6716a92472f33220a1"",""mm_headroom_code"":""7b10532716d08e48f1a46c45a2583dcfac6df427218d67386fe19c3b60dbe1e7"",""mm_headroom_config"":""e0f21b8aa220bee40aa9b6e27e84d13cdf2e40a6a69d906e23ddb6c53ff8297f"",""mm_headroom_report"":""091e68bdd63f7245999e7506c9eda4fc37970d02792f5d82eb53583364098d93"",""mm_headroom_source_data"":""41d5dbe60186a2aae3a4b289357c341d83143951fddfd976658ce9c6330c1334"",""rtl_hardware_code"":""6b1c61f4690ff22501b47f0a1c6a1238281645b3a39dfcae254e6514dcebf4da"",""rtl_hardware_config"":""678622dcd19a34d939d9cd00d6902dd78ed82d32f839841bdcf0e6ea0038bcf1"",""rtl_hardware_raw"":""26c55466146625d9c360560609839128b7b0a83a5591f3715c3939d7b942e425"",""rtl_hardware_report"":""953162d728e887ec563c6a96d08395024345ea0ae12780fb3c85b2292d435104"",""rtl_hardware_source"":""9f59e2afe58832ef27d3390e37743de0a22cf8086645f744628db4087f12cfd0"",""self_config"":""09dd65e9b3d8b655025e4965951bfe40d20fe876961c84abc756815800984d7c""},""raw_data"":[""dual_contract_raw"",""mm_headroom_source_data"",""rtl_hardware_raw""],""reports"":[""dual_contract_report"",""mm_headroom_report"",""rtl_hardware_report"",""matrix_contract_report"",""final_gate_report""],""selectors"":[""lanes.LEARNED_APPROXIMATION_EXTENSION"",""scope"",""learning_extension"",""T7.1.5.figure_contract"",""T7.1.5.revocation_conditions""],""sources"":[""cancellation_ledger"",""rtl_hardware_source""]},""figure_ids"":[""Figure 5""],""final_disposition"":""DROPPED_ABLATION_ONLY"",""final_wording"":""CNN/student is absent from the primary Phase-6D result and retained only as a dropped/ablation status."",""forbidden_wording"":[""CNN-centric primary contribution"",""student proves SOTA"",""student proves RTL safety""],""lane_id"":""LEARNED_APPROXIMATION_EXTENSION"",""paper_placements"":[""Methods"",""Results"",""Supplement""],""parent_evidence_keys"":{""code"":[""dual_contract_code"",""mm_headroom_code"",""rtl_hardware_code""],""configs"":[""self_config"",""mm_headroom_config"",""rtl_hardware_config""],""raw_data"":[""dual_contract_raw"",""mm_headroom_source_data"",""rtl_hardware_raw""],""reports"":[""dual_contract_report"",""mm_headroom_report"",""rtl_hardware_report""],""selectors"":[""lanes.LEARNED_APPROXIMATION_EXTENSION"",""scope"",""learning_extension""],""sources"":[""cancellation_ledger"",""rtl_hardware_source""]},""parent_payload_sha256"":""13800de86246eec398137b5ee9a6506fc0b0826ddc486df7c509c27d2ef78d75"",""parent_state"":""DROPPED_ABSENT"",""render_binding"":""figure_element"",""revocation_conditions"":[""make CNN/student a primary contribution"",""use legacy CNN to alter either lane verdict""],""source_final_claim_payload_sha256"":""16bf646e71ef68ebb90c5009e473200a463b7f491c8b86bfb98bb1d4e4c239e2""}",a3e3ae8fa84da8b8fef09e3390b662e1939d74de1a7cabe5b3e6a3458ba87c12
claim:DUAL_LANE_NONTRANSFERABILITY,claim,DUAL_LANE_NONTRANSFERABILITY,"{""blocking_gaps"":[""current RTL does not execute multimode MLD"",""lanes have different task signatures and metrics""],""claim_id"":""DUAL_LANE_NONTRANSFERABILITY"",""current_evidence"":{""global_weighted_score"":null,""one_lane_cannot_satisfy_another_lane_gate"":true},""element_ids"":[],""evidence"":{""code"":[""dual_contract_code"",""mm_headroom_code"",""rtl_hardware_code"",""delta_contract_code"",""delta_renderer""],""configs"":[""self_config"",""mm_headroom_config"",""rtl_hardware_config"",""delta_config""],""hashes"":{""cancellation_ledger"":""d468d37c973c3360036feab148195013e0247f1a88d0d54f7282d59dde8abf31"",""delta_config"":""ba82c53cc4743d1653a2edb62163230edc5dcd2cb4616d26a520ee6015b67aa8"",""delta_contract_code"":""d9bae64d4044a04b462159d227febd01af3bf8dc87e25c46dd5dd912293619e5"",""delta_renderer"":""d9fa42ecaf1f563c7f9012e94e4ecd05333c0e7b4815d9933e372cf55acbf51c"",""dual_contract_code"":""385c7e87e4c0f274f5746f980c2a128381a7a9f27b1abdc92541b241b7a40ece"",""dual_contract_raw"":""29aa63a6bfceefa0c83f5d09ff5f4e3a9bb4ef525b446bba4baaf3933a46ac72"",""dual_contract_report"":""33433227b6c6ec32c25d530f33502f17fbdf307dbb04a5960fe5117e5984dad6"",""final_gate_report"":""d34298991b0aab0af0550a57afdcf63bb2a5f9f16fcb57706e625d973a015780"",""matrix_contract_report"":""3a45888a836faae56b6640a5437342de4cebcdce69bddd6716a92472f33220a1"",""mm_headroom_code"":""7b10532716d08e48f1a46c45a2583dcfac6df427218d67386fe19c3b60dbe1e7"",""mm_headroom_config"":""e0f21b8aa220bee40aa9b6e27e84d13cdf2e40a6a69d906e23ddb6c53ff8297f"",""mm_headroom_report"":""091e68bdd63f7245999e7506c9eda4fc37970d02792f5d82eb53583364098d93"",""mm_headroom_source_data"":""41d5dbe60186a2aae3a4b289357c341d83143951fddfd976658ce9c6330c1334"",""rtl_hardware_code"":""6b1c61f4690ff22501b47f0a1c6a1238281645b3a39dfcae254e6514dcebf4da"",""rtl_hardware_config"":""678622dcd19a34d939d9cd00d6902dd78ed82d32f839841bdcf0e6ea0038bcf1"",""rtl_hardware_raw"":""26c55466146625d9c360560609839128b7b0a83a5591f3715c3939d7b942e425"",""rtl_hardware_report"":""953162d728e887ec563c6a96d08395024345ea0ae12780fb3c85b2292d435104"",""rtl_production_source"":""67bd18122a60d9107e048b2f97f49d52d39be784835ffcff85d404f105618269"",""self_config"":""09dd65e9b3d8b655025e4965951bfe40d20fe876961c84abc756815800984d7c""},""raw_data"":[""dual_contract_raw"",""mm_headroom_source_data"",""rtl_hardware_raw""],""reports"":[""dual_contract_report"",""mm_headroom_report"",""rtl_hardware_report"",""matrix_contract_report"",""final_gate_report""],""selectors"":[""forbidden_transfers"",""headroom_gate"",""evidence_boundary"",""T7.1.5.figure_contract"",""T7.1.5.revocation_conditions""],""sources"":[""cancellation_ledger"",""rtl_production_source""]},""figure_ids"":[""Figure 5"",""Figure 6""],""final_disposition"":""MANDATORY_META_BOUNDARY"",""final_wording"":""The two evidence lanes are parallel and connected by a contract pattern, not by a common performance denominator or current decoder deployment."",""forbidden_wording"":[""combined LER-latency score"",""RTL rescues multimode"",""multimode validates RTL""],""lane_id"":""META_CONTRACT"",""paper_placements"":[""TitleBoundary"",""Abstract"",""Methods"",""Discussion"",""Conclusion""],""parent_evidence_keys"":{""code"":[""dual_contract_code"",""mm_headroom_code"",""rtl_hardware_code""],""configs"":[""self_config"",""mm_headroom_config"",""rtl_hardware_config""],""raw_data"":[""dual_contract_raw"",""mm_headroom_source_data"",""rtl_hardware_raw""],""reports"":[""dual_contract_report"",""mm_headroom_report"",""rtl_hardware_report""],""selectors"":[""forbidden_transfers"",""headroom_gate"",""evidence_boundary""],""sources"":[""cancellation_ledger"",""rtl_production_source""]},""parent_payload_sha256"":""0b5502c8d2548ba52d2eaa424d3e9bf7da80b0c04c2358ded4cff8d152657eed"",""parent_state"":""META_BOUNDARY"",""render_binding"":""bundle_caption_only"",""revocation_conditions"":[""add a weighted LER-latency score"",""allow one lane to satisfy another lane gate"",""draw a deployment arrow without compiler/equivalence proof""],""source_final_claim_payload_sha256"":""317d39b6dc5237c5fb695b5e90fb3083cfb091a0395143d4b4e794062b65c055""}",58e3b8d06223f7ecc02939af6d8ec06acfadc605adf28ece73fffa2125f3c91a
section_contract:Abstract,section_contract,Abstract,"{""passed"":true}",11c11db30f4b3f6c758722ba3e27eea08145b7d212f6a157451e364b48475280
section_contract:Introduction,section_contract,Introduction,"{""passed"":true}",11c11db30f4b3f6c758722ba3e27eea08145b7d212f6a157451e364b48475280
section_contract:Methods,section_contract,Methods,"{""passed"":true}",11c11db30f4b3f6c758722ba3e27eea08145b7d212f6a157451e364b48475280
section_contract:Results,section_contract,Results,"{""passed"":true}",11c11db30f4b3f6c758722ba3e27eea08145b7d212f6a157451e364b48475280
section_contract:Discussion,section_contract,Discussion,"{""passed"":true}",11c11db30f4b3f6c758722ba3e27eea08145b7d212f6a157451e364b48475280
section_contract:Limitations,section_contract,Limitations,"{""passed"":true}",11c11db30f4b3f6c758722ba3e27eea08145b7d212f6a157451e364b48475280
section_contract:Conclusion,section_contract,Conclusion,"{""passed"":true}",11c11db30f4b3f6c758722ba3e27eea08145b7d212f6a157451e364b48475280
section_contract:Supplement,section_contract,Supplement,"{""passed"":true}",11c11db30f4b3f6c758722ba3e27eea08145b7d212f6a157451e364b48475280
terminology:multimode_software_lane,terminology,multimode_software_lane,"{""present"":true}",fc7a9ac2c81582bd5e477a3a34961eaf3abe76c6c334ec3933b8ee6c273e3081
terminology:rtl_lane,terminology,rtl_lane,"{""present"":true}",fc7a9ac2c81582bd5e477a3a34961eaf3abe76c6c334ec3933b8ee6c273e3081
terminology:strongest_static,terminology,strongest_static,"{""present"":true}",fc7a9ac2c81582bd5e477a3a34961eaf3abe76c6c334ec3933b8ee6c273e3081
terminology:opened_context,terminology,opened_context,"{""present"":true}",fc7a9ac2c81582bd5e477a3a34961eaf3abe76c6c334ec3933b8ee6c273e3081
terminology:sota_term,terminology,sota_term,"{""present"":true}",fc7a9ac2c81582bd5e477a3a34961eaf3abe76c6c334ec3933b8ee6c273e3081
terminology:rtl_timing,terminology,rtl_timing,"{""present"":true}",fc7a9ac2c81582bd5e477a3a34961eaf3abe76c6c334ec3933b8ee6c273e3081
terminology:hardware_level,terminology,hardware_level,"{""present"":true}",fc7a9ac2c81582bd5e477a3a34961eaf3abe76c6c334ec3933b8ee6c273e3081
terminology:board_state,terminology,board_state,"{""present"":true}",fc7a9ac2c81582bd5e477a3a34961eaf3abe76c6c334ec3933b8ee6c273e3081
terminology:learning_state,terminology,learning_state,"{""present"":true}",fc7a9ac2c81582bd5e477a3a34961eaf3abe76c6c334ec3933b8ee6c273e3081
figure:fig:mm-delta,figure,fig:mm-delta,"{""exists"":true,""included"":true,""label_present"":true,""path"":""docs/figures/t7_1_5_phase6d_delta/figure5_multimode_software_delta.pdf""}",83de99fe2186340b4f7661f527ee9a859078c84843932e75d0bc7d8f527b1e91
figure:fig:rtl-delta,figure,fig:rtl-delta,"{""exists"":true,""included"":true,""label_present"":true,""path"":""docs/figures/t7_1_5_phase6d_delta/figure6_single_mode_rtl_delta.pdf""}",5d65f1ad91eb7b6d03900ed6987634b1a27a3551f09edf90d64a1e8cd961da38
artifact:config,artifact,config,"{""bytes"":6069,""path"":""configs/phase6d/t7_2_6_manuscript_delta.json"",""sha256"":""da0eaa559392d14dfcc7f30b9ee12ac7375106fbbc52b9c41845889e6c6e3678""}",db5866becac7600ae8cf1973a7ef0919187aaae37fe0b1dad92d50f0a0a61218
artifact:implementation,artifact,implementation,"{""bytes"":29130,""path"":""cnn_fpga/benchmark/phase6d_manuscript_delta.py"",""sha256"":""eebb7271f2b7e24991bce0ed11d2b2247f20049f1c048644430447c16fdd0207""}",27d93d002da4dd961a6251ecba67809131297d7e3c3bec5cddf7e83c2b7c49aa
artifact:canonical_manuscript,artifact,canonical_manuscript,"{""bytes"":35075,""path"":""docs/paper_notes/Phase6D_Dual_Lane_GKP_manuscript.tex"",""sha256"":""3aa68422512d568532d1eee01c3d7ee8120c6eb219ce334476c3ce1a8fb7c4ab""}",8afe0a2407d6745add988e68d0fe02c37743cb5d0384ed6efc37dfcbf6dba6a4
artifact:historical_manuscript,artifact,historical_manuscript,"{""bytes"":134834,""path"":""docs/paper_notes/Contract_Centric_Regime_Aware_GKP_note_draft.tex"",""sha256"":""12d085b0dc099ac0a9d6b64ee61581868802fc0f29aac976bfcc8741583baf08""}",e7def46feb61eff72be80af9f568085f4eba2bd4efbbd83354ebbd59781fe974
artifact:compiled_pdf,artifact,compiled_pdf,"{""bytes"":330898,""path"":""output/pdf/t7_2_6_phase6d_dual_lane/Phase6D_Dual_Lane_GKP_manuscript.pdf"",""sha256"":""2d938bb9fea160fcb58c731d682c5d2ddf927752147aed78219e16872268a8d8""}",d27a1945b7b8a659340f0a1e2d84a81eb53de625c0ce11ea28c67c2adeb04087
artifact:visual_qa,artifact,visual_qa,"{""bytes"":2550,""path"":""docs/t7_2_6_phase6d_manuscript_visual_qa.json"",""sha256"":""72bb795fe204efe4fd73537c6acb694e3b91492a9db88253f8f69e1e2b88eab7""}",00b5a6fb230d80c494fb5d0cb47d6d4894e0d913930d8ac8b20523d9c73722e4
artifact:bibliography,artifact,bibliography,"{""bytes"":35726,""path"":""docs/paper_notes/CNN_FPGA_GKP_submission_refs.bib"",""sha256"":""d99de3eb0b41c4c1d0da75242c85d888d3d52bf7dcd49fd519e44082fb4132ad""}",5c3688ea7373782d4cbd9b1fcce7bee8bfff0866e26417001c79fc6e063f16d2
artifact:phase6d_bibliography,artifact,phase6d_bibliography,"{""bytes"":679,""path"":""docs/paper_notes/Phase6D_Dual_Lane_GKP_refs.bib"",""sha256"":""b7209b53fd2c9219a25a9360656ba5274394233bcbd36c7ad539ccb79af9a353""}",0c713abfa004a3f8e288dad2c4e149358df7d5e9970f343d9d83d9a7eed648c8
artifact:baseline_registry,artifact,baseline_registry,"{""bytes"":13082,""path"":""docs/multimode_strong_baseline_registry.md"",""sha256"":""6baf8bd3715a74967729c2dfaffa4bb5ac47c2867b07a9b10589d7c15ef1aed7""}",c5ab306ad548b60e6cc8c585a02055ea662691f49ca7f99d519afc923ec440a6
artifact:task_board,artifact,task_board,"{""bytes"":279065,""path"":""docs/new_task_board.md"",""sha256"":""275a4b7334df7d02f12e55832ac240cfc9ff8e00b4139db006a3f1d30abb8ff5""}",61540b977b061d035dc224e1d9b3b8a5556cb24b06ddf1ff8e1180952e615f23
artifact:figure_delta,artifact,figure_delta,"{""bytes"":134228,""path"":""docs/t7_1_5_phase6d_claim_figure_delta.json"",""sha256"":""80ad11fa1f760893344342e1873af4c7332f7dd00d5b244dee2d7178dbc14df9""}",1ba80201ae831f25223cfc76ec115ace167b65c0224a21a38dd3baf0ba37b7be
artifact:final_gate,artifact,final_gate,"{""bytes"":41235,""path"":""docs/t6_26_4_final_dual_lane_gate.json"",""sha256"":""d34298991b0aab0af0550a57afdcf63bb2a5f9f16fcb57706e625d973a015780""}",760666ef9a860dc2faf57d30e29dc9e679f41437b3eb0b49e524c28c4151217f
artifact:multimode_headroom,artifact,multimode_headroom,"{""bytes"":28011,""path"":""docs/t6_20_4_multimode_causal_headroom.json"",""sha256"":""091e68bdd63f7245999e7506c9eda4fc37970d02792f5d82eb53583364098d93""}",f8b23f754114235b99e1c27531f5c4cc906fa0e507ca71568dae6a04fcf27337
artifact:rtl_formal,artifact,rtl_formal,"{""bytes"":102658,""path"":""docs/t6_25_2_converged_rtl_formal.json"",""sha256"":""a8e8b8427cfa0557b77cfe0774dc50fb9300c832acc61cfc5ce5b622f2c4cab7""}",70d311d8e84b478e00eb7c307e55e4480d6442eb68c6d577e84a2208cd705868
artifact:rtl_long,artifact,rtl_long,"{""bytes"":40956,""path"":""docs/t6_25_3_converged_long_rtl.json"",""sha256"":""24f39dcad4677895d07b087793823f9054cc8d48ac4dd13fe4346cfa62fcadea""}",f7ae43aea73f1d9f8602025f8cc478b5e0a4353bdf6729304b5a90ba547a5ea4
artifact:rtl_hardware,artifact,rtl_hardware,"{""bytes"":32395,""path"":""docs/t6_25_4_converged_hardware.json"",""sha256"":""953162d728e887ec563c6a96d08395024345ea0ae12780fb3c85b2292d435104""}",aa7fed009081facba58c93e5cdea21f71806ea64515c121eb6b24337d06a23e5
artifact:figure_1,artifact,figure_1,"{""bytes"":65180,""path"":""docs/figures/t7_1_5_phase6d_delta/figure5_multimode_software_delta.pdf"",""sha256"":""0af5b656a7c4ecb1347fe3c2e4f000117e9595710c701bdaf94b3bdbd2a413d7""}",3e90c52cad683f37047d8863b12c775c0a720f7b035266ac9b146dea827e0472
artifact:figure_2,artifact,figure_2,"{""bytes"":66522,""path"":""docs/figures/t7_1_5_phase6d_delta/figure6_single_mode_rtl_delta.pdf"",""sha256"":""5a05b9c83b59e9dd7a78d4c4084057cdf08b137ed53ca33858dfbc421f40165a""}",edad22bf4765d51651203ef50feca0a4a4d51e7495f1b22cdd252d58c0f377b7
artifact:historical_snapshot_01,artifact,historical_snapshot_01,"{""bytes"":80985,""path"":""docs/t7_1_1_claim_evidence_boundary_matrix.json"",""sha256"":""d3126d0c7b3a8991a23b1b4281558020e5c76f8b00a071717c30a491d546253c""}",8d2e54d7751864718ffabde07f7f63a2c78b7c211a0cfc9b912d67c8fb46f94a
artifact:historical_snapshot_02,artifact,historical_snapshot_02,"{""bytes"":31787,""path"":""docs/t7_1_2_main_figure_contract.json"",""sha256"":""a943b34868dcfd4d650954e1717601b620b371b45e82a9a6b29c678e41181ed4""}",8694d953f56abaab874bd7fbf82e061303f8e2fb4f49c2ee91d258d89b31afaa
artifact:historical_snapshot_03,artifact,historical_snapshot_03,"{""bytes"":57101,""path"":""docs/t7_1_3_main_result_figure_contract.json"",""sha256"":""e6a4e490d294a55856ad313d00b1c2065db6a0d558339bf763451696c2f07092""}",b94d631d0fa2a3c08cc99af4baed23c75e97a918aa9426aea22fa6df6c8628da
artifact:historical_snapshot_04,artifact,historical_snapshot_04,"{""bytes"":682498,""path"":""docs/t7_1_4_supplement_figure_contract.json"",""sha256"":""23d99351b1e1389a4dcc2882361f1d19af3368d18c72f84722b0f9a27dac1451""}",1425da9699ddc61b3908e7b310ddb1812f4c3cd6b46d4b3f22419749755e09fd
artifact:historical_snapshot_05,artifact,historical_snapshot_05,"{""bytes"":35614,""path"":""docs/t7_2_1_introduction_related_work_contract.json"",""sha256"":""3355106bad4cfdf2fbfa9caca0606792aa319a4121fdb6e3f2e9a675e0991c56""}",0bac2c94fb592b860506d0b7192e69120fa11e9f50a83bab455b88412ee9e587
artifact:historical_snapshot_06,artifact,historical_snapshot_06,"{""bytes"":18319,""path"":""docs/t7_2_2_methods_evidence_contract.json"",""sha256"":""1610712cc3cd5207194583190fa79da857538c66addf412cbcc9e441c44d7490""}",56faa75cee954dbe268e16f7ba6b5c5a382eb716132e780734e417b8ac4c5d27
artifact:historical_snapshot_07,artifact,historical_snapshot_07,"{""bytes"":34270,""path"":""docs/t7_2_3_results_evidence_contract.json"",""sha256"":""50217052644706bee9e265b74ee8d78b887c9e99ef34c632d409b7e33fdc63c7""}",54b8e14b83b46e15efb11eec058b7b3824bf2336cb191c18a8cd9e88925ce610
artifact:historical_snapshot_08,artifact,historical_snapshot_08,"{""bytes"":17136,""path"":""docs/t7_2_4_discussion_conclusion_contract.json"",""sha256"":""2681377693a089bcc21760ecf606bf14da7d36cb77dbf011a10b318d4449720e""}",46323846f75ccca2ddc7d96e8aea98f0aaf902d13c8d123c98a05639795cfb31
artifact:historical_snapshot_09,artifact,historical_snapshot_09,"{""bytes"":27550,""path"":""docs/t7_2_5_supplementary_evidence_contract.json"",""sha256"":""3b0a1420bb911be80de0faf34b55054db3bc0ec9b9ac9e3b55278f0edea3d4b4""}",e7ce21fca798b53ddfb452068d363ddad4ea48fc648fd8faa77fd67a78172694
visual_qa:summary,visual_qa,summary,"{""log_hash_live"":true,""manual_pass"":true,""page_count_exact"":true,""payload"":{""compiler"":""TeX Live 2024 latexmk/pdflatex + BibTeX"",""deep_audit_repairs"":[""Shortened one Supplement baseline-state cell after the first compile exposed a 4.02676 pt overfull hbox."",""Added direct primary citations for exact logical-coset MLD and K-MWM after the first visual/content audit found that the registered strongest baselines were only indirectly sourced.""],""log_diagnostics"":{""fatal"":0,""latex_warning"":0,""overfull"":0,""package_error"":0,""undefined"":0,""underfull"":0},""log_path"":""output/pdf/t7_2_6_phase6d_dual_lane/Phase6D_Dual_Lane_GKP_manuscript.log"",""log_sha256"":""fc80bdb6f0de1c06ce0d4a7c56831d39519f4b61ababaa3350d23026fc6b572e"",""manual_page_review"":{""clipping"":0,""figure5_legible"":true,""figure6_legible"":true,""garbled_glyphs"":0,""longtable_headers_repeat"":true,""orphan_headings"":0,""overlap"":0,""pages_reviewed"":12,""pages_total"":12,""reference_pages_legible"":true,""unexpected_blank_pages"":0,""verdict"":""PASS""},""page_count"":12,""page_raster_checks"":[{""edge_ink_fraction"":0.0,""nonwhite_fraction"":0.09106,""page"":1},{""edge_ink_fraction"":0.0,""nonwhite_fraction"":0.11552,""page"":2},{""edge_ink_fraction"":0.0,""nonwhite_fraction"":0.08439,""page"":3},{""edge_ink_fraction"":0.0,""nonwhite_fraction"":0.0988,""page"":4},{""edge_ink_fraction"":0.0,""nonwhite_fraction"":0.12772,""page"":5},{""edge_ink_fraction"":0.0,""nonwhite_fraction"":0.13879,""page"":6},{""edge_ink_fraction"":0.0,""nonwhite_fraction"":0.11001,""page"":7},{""edge_ink_fraction"":0.0,""nonwhite_fraction"":0.09131,""page"":8},{""edge_ink_fraction"":0.0,""nonwhite_fraction"":0.0514,""page"":9},{""edge_ink_fraction"":0.0,""nonwhite_fraction"":0.06781,""page"":10},{""edge_ink_fraction"":0.0,""nonwhite_fraction"":0.08721,""page"":11},{""edge_ink_fraction"":0.0,""nonwhite_fraction"":0.04122,""page"":12}],""page_size"":""612 x 792 pt (letter)"",""pdf_bytes"":330898,""pdf_path"":""output/pdf/t7_2_6_phase6d_dual_lane/Phase6D_Dual_Lane_GKP_manuscript.pdf"",""pdf_sha256"":""2d938bb9fea160fcb58c731d682c5d2ddf927752147aed78219e16872268a8d8"",""task_id"":""T7.2.6"",""tex_path"":""docs/paper_notes/Phase6D_Dual_Lane_GKP_manuscript.tex"",""tex_sha256"":""3aa68422512d568532d1eee01c3d7ee8120c6eb219ce334476c3ce1a8fb7c4ab"",""text_extraction"":{""characters"":36196,""exact_mld_and_kwmw_references_present"":true,""placeholder_patterns"":[]}},""pdf_hash_live"":true,""raster_bounds"":true,""tex_hash_live"":true,""text_scan_pass"":true,""zero_log_diagnostics"":true}",fc70c350997b576042a2afd0b78dda7814bae7f5f5f9d5a611bfe3879d3edb80
