backend,ancilla,action,seed,sample_count,log_evidence_abs_error,posterior_l1_error,integrated_mean_abs_error
backend_a,g,IDLE,1030000,8,0.0,1.2326119152023302e-32,1.734723475976807e-18
backend_a,g,IDLE,1030001,8,0.0,5.551115123125832e-16,1.1102230246251565e-16
backend_a,g,IDLE,1030002,8,0.0,3.761582462131229e-37,1.3877787807814457e-17
backend_a,g,IDLE,1030003,8,1.7763568394002505e-15,9.244463737220028e-32,2.7755575615628914e-17
backend_a,g,IDLE,1030004,8,0.0,1.4106965359199227e-36,0.0
backend_a,g,IDLE,1030005,8,0.0,3.1777844082389515e-33,2.7755575615628914e-17
backend_a,g,IDLE,1030006,8,0.0,4.574091423936859e-34,0.0
backend_a,g,IDLE,1030007,8,1.7763568394002505e-15,2.220446049250323e-16,1.1102230246251565e-16
backend_a,g,X,1030000,8,0.0,4.2370602774577164e-32,1.734723475976807e-18
backend_a,g,X,1030001,8,8.881784197001252e-16,5.551115123125808e-16,1.1102230246251565e-16
backend_a,g,X,1030002,8,0.0,1.1754948272637654e-37,1.3877787807814457e-17
backend_a,g,X,1030003,8,1.7763568394002505e-15,6.162975872261692e-33,2.7755575615628914e-17
backend_a,g,X,1030004,8,0.0,1.1755058302593073e-36,0.0
backend_a,g,X,1030005,8,0.0,4.0444528832132103e-33,2.7755575615628914e-17
backend_a,g,X,1030006,8,0.0,1.4444483766453885e-33,0.0
backend_a,g,X,1030007,8,0.0,2.2204460492503254e-16,1.1102230246251565e-16
backend_a,g,RESET,1030000,8,0.0,5.3928742079849495e-33,1.734723475976807e-18
backend_a,g,RESET,1030001,8,0.0,5.551115123125816e-16,1.1102230246251565e-16
backend_a,g,RESET,1030002,8,0.0,1.4105933071666006e-36,1.3877787807814457e-17
backend_a,g,RESET,1030003,8,1.7763568394002505e-15,3.6977854986762254e-32,2.7755575615628914e-17
backend_a,g,RESET,1030004,8,0.0,1.2460469707456643e-36,0.0
backend_a,g,RESET,1030005,8,0.0,5.7777898331617076e-34,2.7755575615628914e-17
backend_a,g,RESET,1030006,8,0.0,1.6851889309275718e-34,0.0
backend_a,g,RESET,1030007,8,0.0,2.2204460492503155e-16,1.1102230246251565e-16
backend_a,e,IDLE,1030000,8,0.0,2.648153702231042e-34,1.734723475976807e-18
backend_a,e,IDLE,1030001,8,0.0,1.1102230246251595e-16,0.0
backend_a,e,IDLE,1030002,8,0.0,2.3121691762030198e-32,1.3877787807814457e-17
backend_a,e,IDLE,1030003,8,3.552713678800501e-15,6.661338147751117e-16,2.7755575615628914e-17
backend_a,e,IDLE,1030004,8,0.0,4.32664573049144e-36,0.0
backend_a,e,IDLE,1030005,8,0.0,1.3322676298991547e-15,2.7755575615628914e-17
backend_a,e,IDLE,1030006,8,0.0,1.3481514202485459e-33,1.1102230246251565e-16
backend_a,e,IDLE,1030007,8,0.0,3.7555633920932085e-33,2.7755575615628914e-17
backend_a,e,X,1030000,8,0.0,1.2037063766716055e-34,1.734723475976807e-18
backend_a,e,X,1030001,8,0.0,2.2204460492503146e-16,0.0
backend_a,e,X,1030002,8,0.0,9.250482264134942e-33,1.3877787807814457e-17
backend_a,e,X,1030003,8,3.552713678800501e-15,5.551115123126209e-16,2.7755575615628914e-17
backend_a,e,X,1030004,8,0.0,9.784429267160858e-36,0.0
backend_a,e,X,1030005,8,0.0,7.771561173410073e-16,2.7755575615628914e-17
backend_a,e,X,1030006,8,0.0,3.8518626438393564e-34,1.1102230246251565e-16
backend_a,e,X,1030007,8,0.0,8.088905769385933e-33,2.7755575615628914e-17
backend_a,e,RESET,1030000,8,1.7763568394002505e-15,9.1481673147605e-34,1.734723475976807e-18
backend_a,e,RESET,1030001,8,8.881784197001252e-16,3.3306690738754815e-16,0.0
backend_a,e,RESET,1030002,8,1.7763568394002505e-15,8.323026625290964e-32,1.3877787807814457e-17
backend_a,e,RESET,1030003,8,1.7763568394002505e-15,3.3306690738762506e-16,2.7755575615628914e-17
backend_a,e,RESET,1030004,8,0.0,1.919104730312774e-35,0.0
backend_a,e,RESET,1030005,8,0.0,5.551115124159758e-16,2.7755575615628914e-17
backend_a,e,RESET,1030006,8,0.0,4.4296401118698406e-33,1.1102230246251565e-16
backend_a,e,RESET,1030007,8,1.7763568394002505e-15,1.6562997523165158e-32,2.7755575615628914e-17
backend_a,f,IDLE,1030000,8,0.0,6.211124070648836e-33,2.7755575615628914e-17
backend_a,f,IDLE,1030001,8,0.0,1.222514124855179e-35,6.938893903907228e-18
backend_a,f,IDLE,1030002,8,0.0,2.2204460492503446e-16,2.7755575615628914e-17
backend_a,f,IDLE,1030003,8,0.0,1.5422485882788412e-35,1.3877787807814457e-17
backend_a,f,IDLE,1030004,8,0.0,1.4432899320127658e-15,1.1102230246251565e-16
backend_a,f,IDLE,1030005,8,3.552713678800501e-15,7.703722245627903e-34,0.0
backend_a,f,IDLE,1030006,8,0.0,9.013352139732264e-32,3.469446951953614e-18
backend_a,f,IDLE,1030007,8,1.7763568394002505e-15,3.77504838591434e-32,0.0
backend_a,f,X,1030000,8,0.0,1.9822633952605625e-31,2.7755575615628914e-17
backend_a,f,X,1030001,8,0.0,1.7660627126754048e-34,6.938893903907228e-18
backend_a,f,X,1030002,8,0.0,2.2204460492507075e-16,2.7755575615628914e-17
backend_a,f,X,1030003,8,0.0,1.4594937859809522e-34,1.3877787807814457e-17
backend_a,f,X,1030004,8,0.0,6.66133814775228e-16,1.1102230246251565e-16
backend_a,f,X,1030005,8,3.552713678800501e-15,1.0014836227388292e-32,0.0
backend_a,f,X,1030006,8,0.0,1.0245947304140095e-31,3.469446951953614e-18
backend_a,f,X,1030007,8,1.7763568394002505e-15,3.3909908716136824e-32,0.0
backend_a,f,RESET,1030000,8,0.0,6.788903053965006e-33,2.7755575615628914e-17
backend_a,f,RESET,1030001,8,0.0,9.592033902709866e-36,6.938893903907228e-18
backend_a,f,RESET,1030002,8,0.0,1.1102230246253932e-16,2.7755575615628914e-17
backend_a,f,RESET,1030003,8,0.0,8.764485879730976e-35,1.3877787807814457e-17
backend_a,f,RESET,1030004,8,0.0,1.6653345369378484e-15,1.1102230246251565e-16
backend_a,f,RESET,1030005,8,3.552713678800501e-15,2.1185229812998764e-32,0.0
backend_a,f,RESET,1030006,8,0.0,1.4328918786241035e-31,3.469446951953614e-18
backend_a,f,RESET,1030007,8,1.7763568394002505e-15,1.567075028968208e-33,0.0
backend_b,g,IDLE,1031000,8,0.0,1.0696998592482816e-36,0.0
backend_b,g,IDLE,1031001,8,3.552713678800501e-15,3.851859890063666e-34,2.220446049250313e-16
backend_b,g,IDLE,1031002,8,0.0,4.115076836358213e-37,1.1102230246251565e-16
backend_b,g,IDLE,1031003,8,8.881784197001252e-16,3.3306690738754775e-16,0.0
backend_b,g,IDLE,1031004,8,1.7763568394002505e-15,4.766264492677287e-40,5.551115123125783e-17
backend_b,g,IDLE,1031005,8,0.0,3.330669073875487e-16,0.0
backend_b,g,IDLE,1031006,8,0.0,1.1102230246251634e-16,0.0
backend_b,g,IDLE,1031007,8,0.0,6.661338147767095e-16,0.0
backend_b,g,X,1031000,8,0.0,2.1041348879718946e-36,0.0
backend_b,g,X,1031001,8,3.552713678800501e-15,4.622231866633062e-33,2.220446049250313e-16
backend_b,g,X,1031002,8,0.0,2.58666154366002e-37,1.1102230246251565e-16
backend_b,g,X,1031003,8,8.881784197001252e-16,3.3306690738755406e-16,0.0
backend_b,g,X,1031004,8,1.7763568394002505e-15,3.965114134653502e-40,5.551115123125783e-17
backend_b,g,X,1031005,8,0.0,3.3306690738754958e-16,0.0
backend_b,g,X,1031006,8,0.0,5.053640174473887e-31,0.0
backend_b,g,X,1031007,8,1.7763568394002505e-15,7.771561172383164e-16,0.0
backend_b,g,RESET,1031000,8,0.0,5.289724578700294e-37,0.0
backend_b,g,RESET,1031001,8,3.552713678800501e-15,2.5037089277440443e-33,2.220446049250313e-16
backend_b,g,RESET,1031002,8,0.0,7.4057435538468835e-37,1.1102230246251565e-16
backend_b,g,RESET,1031003,8,0.0,4.440892098500772e-16,0.0
backend_b,g,RESET,1031004,8,1.7763568394002505e-15,1.6099237796934958e-40,5.551115123125783e-17
backend_b,g,RESET,1031005,8,1.7763568394002505e-15,4.440892098500652e-16,0.0
backend_b,g,RESET,1031006,8,0.0,5.423418723494901e-31,0.0
backend_b,g,RESET,1031007,8,0.0,7.771561172383669e-16,0.0
backend_b,e,IDLE,1031000,8,1.7763568394002505e-15,1.125859238177131e-39,1.1102230246251565e-16
backend_b,e,IDLE,1031001,8,3.552713678800501e-15,3.330669073876227e-16,0.0
backend_b,e,IDLE,1031002,8,1.7763568394002505e-15,4.477825324266725e-35,0.0
backend_b,e,IDLE,1031003,8,0.0,1.656299752208896e-32,0.0
backend_b,e,IDLE,1031004,8,1.7763568394002505e-15,9.4039548065783e-36,5.551115123125783e-17
backend_b,e,IDLE,1031005,8,0.0,1.577721810901201e-30,0.0
backend_b,e,IDLE,1031006,8,0.0,8.88178419700134e-16,0.0
backend_b,e,IDLE,1031007,8,1.7763568394002505e-15,4.2598488881975533e-29,0.0
backend_b,e,X,1031000,8,1.7763568394002505e-15,1.4244142837923193e-39,1.1102230246251565e-16
backend_b,e,X,1031001,8,0.0,1.1102230246279333e-16,0.0
backend_b,e,X,1031002,8,1.7763568394002505e-15,9.63126602666856e-35,0.0
backend_b,e,X,1031003,8,0.0,1.3866695600361615e-32,0.0
backend_b,e,X,1031004,8,1.7763568394002505e-15,1.5422485882788412e-35,5.551115123125783e-17
backend_b,e,X,1031005,8,0.0,5.551115123125893e-16,0.0
backend_b,e,X,1031006,8,0.0,3.3306690738759587e-16,0.0
backend_b,e,X,1031007,8,1.7763568394002505e-15,5.551115123127218e-16,0.0
backend_b,e,RESET,1031000,8,1.7763568394002505e-15,1.9762119878802884e-39,1.1102230246251565e-16
backend_b,e,RESET,1031001,8,3.552713678800501e-15,5.551115123129064e-16,0.0
backend_b,e,RESET,1031002,8,1.7763568394002505e-15,1.2792905019998955e-34,0.0
backend_b,e,RESET,1031003,8,0.0,1.2325951644537935e-32,0.0
backend_b,e,RESET,1031004,8,1.7763568394002505e-15,2.6519152554550806e-35,5.551115123125783e-17
backend_b,e,RESET,1031005,8,0.0,1.1102230246253064e-16,0.0
backend_b,e,RESET,1031006,8,0.0,1.5543122344752696e-15,0.0
backend_b,e,RESET,1031007,8,1.7763568394002505e-15,3.330669073877016e-16,0.0
backend_b,f,IDLE,1031000,8,1.7763568394002505e-15,5.551115125387983e-16,1.3877787807814457e-17
backend_b,f,IDLE,1031001,8,0.0,3.467661315151715e-33,0.0
backend_b,f,IDLE,1031002,8,0.0,1.110223024627383e-16,1.3877787807814457e-17
backend_b,f,IDLE,1031003,8,0.0,1.464172253497225e-32,0.0
backend_b,f,IDLE,1031004,8,1.7763568394002505e-15,1.1102230274048736e-16,1.1102230246251565e-16
backend_b,f,IDLE,1031005,8,0.0,5.341446330136474e-35,2.220446049250313e-16
backend_b,f,IDLE,1031006,8,0.0,7.316276839517917e-35,1.3877787807814457e-17
backend_b,f,IDLE,1031007,8,1.7763568394002505e-15,4.0532514584291e-36,2.220446049250313e-16
backend_b,f,X,1031000,8,1.7763568394002505e-15,6.661338148397837e-16,1.3877787807814457e-17
backend_b,f,X,1031001,8,0.0,1.9262708377489743e-33,0.0
backend_b,f,X,1031002,8,0.0,6.66133814775303e-16,1.3877787807814457e-17
backend_b,f,X,1031003,8,0.0,1.040533493415679e-32,0.0
backend_b,f,X,1031004,8,1.7763568394002505e-15,5.551115123191211e-16,1.1102230246251565e-16
backend_b,f,X,1031005,8,0.0,5.228598872457535e-35,2.220446049250313e-16
backend_b,f,X,1031006,8,0.0,1.3127920909983307e-34,1.3877787807814457e-17
backend_b,f,X,1031007,8,1.7763568394002505e-15,3.0144083258899035e-36,2.220446049250313e-16
backend_b,f,RESET,1031000,8,1.7763568394002505e-15,2.220446051060086e-16,1.3877787807814457e-17
backend_b,f,RESET,1031001,8,0.0,7.717120413148317e-34,0.0
backend_b,f,RESET,1031002,8,1.7763568394002505e-15,7.771561172378596e-16,1.3877787807814457e-17
backend_b,f,RESET,1031003,8,0.0,1.4643274187515334e-32,0.0
backend_b,f,RESET,1031004,8,1.7763568394002505e-15,1.110223025595976e-16,1.1102230246251565e-16
backend_b,f,RESET,1031005,8,0.0,6.46992090692587e-35,2.220446049250313e-16
backend_b,f,RESET,1031006,8,0.0,1.7585395488301421e-34,1.3877787807814457e-17
backend_b,f,RESET,1031007,8,1.7763568394002505e-15,4.1627193698494256e-36,2.220446049250313e-16
