row_id,scenario,mode,repeat,seed,run_dir,final_ler,comparison_final_ler_mean,comparison_completed_repeats,comparison_expected_repeats,comparison_coverage,git_commit,config_hash_short,protocol_id,paired_seeds,summary_json,summary_sha256,launch_plan_json,launch_plan_sha256,comparison_csv,comparison_sha256,config_path,config_sha256,runner_path,runner_sha256,run_hil_summary_sha256,run_repeat_status_sha256,artifact_path,artifact_sha256,provenance_scope,non_claim_boundary
static_bias_theta/ekf/repeat_00,static_bias_theta,ekf,0,20260403,runs/p4_benchmark/T24_formal_software_revalidation_20260510_200743/static/ekf/repeat_00,0.8372772222222222,0.8381098611111111,2,2,1.0,0c82ee1,b82874392710,p4_strong_baselines_v1,true,runs/p4_benchmark/T24_formal_software_revalidation_20260510_200743/summary.json,f03e8721160c85855518ba6f3c44b9adb05deb197d554918dcd32a6f68feca6b,runs/p4_benchmark/T24_formal_software_revalidation_20260510_200743/launch_plan.json,e53de78d0654891f2ad008680ef0b5585eb88061b11c4f9f5b5b3dc62922b948,runs/p4_benchmark/T24_formal_software_revalidation_20260510_200743/comparison.csv,c7f9cb551bff840cd3e64ef52c776ea1d07eff9aaaa4f67b54f33d003cdee8a4,cnn_fpga/config/p4_multiscenario_strong_baselines.yaml,a97564e7e227e40bf604d6419f34fad5050412a2d73547b9bd9e8793c077e8ba,cnn_fpga/benchmark/run_p4_multiscenario_benchmark.py,8884990eab94f5d18e59b0784ee292c31f32152c139442fba7b8f558fdfe515e,47a66db25486116f8e8164c16adf0e57ba70f62a65ba37efedc10c97e79b3e75,3a89b2aa3f2b766ec48864933d749271b8104f4a0f78d59dc946a21a15206e7e,,,row-level source trace for existing software-HIL benchmark rows,"not new benchmark evidence; not CI, p-value, standard error or robustness evidence; not holdout-drift validation; not training reproducibility closure; not tflite portability or HIL closure; not real-board execution, source-vs-board agreement, latency, resource or FPGA evidence; not statistical-calibration comparator promotion"
static_bias_theta/ekf/repeat_01,static_bias_theta,ekf,1,20260404,runs/p4_benchmark/T24_formal_software_revalidation_20260510_200743/static/ekf/repeat_01,0.8389425,0.8381098611111111,2,2,1.0,0c82ee1,b82874392710,p4_strong_baselines_v1,true,runs/p4_benchmark/T24_formal_software_revalidation_20260510_200743/summary.json,f03e8721160c85855518ba6f3c44b9adb05deb197d554918dcd32a6f68feca6b,runs/p4_benchmark/T24_formal_software_revalidation_20260510_200743/launch_plan.json,e53de78d0654891f2ad008680ef0b5585eb88061b11c4f9f5b5b3dc62922b948,runs/p4_benchmark/T24_formal_software_revalidation_20260510_200743/comparison.csv,c7f9cb551bff840cd3e64ef52c776ea1d07eff9aaaa4f67b54f33d003cdee8a4,cnn_fpga/config/p4_multiscenario_strong_baselines.yaml,a97564e7e227e40bf604d6419f34fad5050412a2d73547b9bd9e8793c077e8ba,cnn_fpga/benchmark/run_p4_multiscenario_benchmark.py,8884990eab94f5d18e59b0784ee292c31f32152c139442fba7b8f558fdfe515e,2404c70afe7fd14f16fc804b3aed7c8e7b8e5d6830472fb106ecb4518cc90320,5689dbed3925d6001fecc121a6a9d7f13f509652327764834f02748e18f3180c,,,row-level source trace for existing software-HIL benchmark rows,"not new benchmark evidence; not CI, p-value, standard error or robustness evidence; not holdout-drift validation; not training reproducibility closure; not tflite portability or HIL closure; not real-board execution, source-vs-board agreement, latency, resource or FPGA evidence; not statistical-calibration comparator promotion"
static_bias_theta/ukf/repeat_00,static_bias_theta,ukf,0,20260403,runs/p4_benchmark/T24_formal_software_revalidation_20260510_200743/static/ukf/repeat_00,0.8260433333333334,0.8253704166666667,2,2,1.0,0c82ee1,b82874392710,p4_strong_baselines_v1,true,runs/p4_benchmark/T24_formal_software_revalidation_20260510_200743/summary.json,f03e8721160c85855518ba6f3c44b9adb05deb197d554918dcd32a6f68feca6b,runs/p4_benchmark/T24_formal_software_revalidation_20260510_200743/launch_plan.json,e53de78d0654891f2ad008680ef0b5585eb88061b11c4f9f5b5b3dc62922b948,runs/p4_benchmark/T24_formal_software_revalidation_20260510_200743/comparison.csv,c7f9cb551bff840cd3e64ef52c776ea1d07eff9aaaa4f67b54f33d003cdee8a4,cnn_fpga/config/p4_multiscenario_strong_baselines.yaml,a97564e7e227e40bf604d6419f34fad5050412a2d73547b9bd9e8793c077e8ba,cnn_fpga/benchmark/run_p4_multiscenario_benchmark.py,8884990eab94f5d18e59b0784ee292c31f32152c139442fba7b8f558fdfe515e,0319765cfa9f7b735b1bf12ac63ab0d6cd76bbfd158b90eebca6b267bda919f9,729d938f5cc06755190450e96f622447b6ac275112dd7c47d0e76c4cc581066a,,,row-level source trace for existing software-HIL benchmark rows,"not new benchmark evidence; not CI, p-value, standard error or robustness evidence; not holdout-drift validation; not training reproducibility closure; not tflite portability or HIL closure; not real-board execution, source-vs-board agreement, latency, resource or FPGA evidence; not statistical-calibration comparator promotion"
static_bias_theta/ukf/repeat_01,static_bias_theta,ukf,1,20260404,runs/p4_benchmark/T24_formal_software_revalidation_20260510_200743/static/ukf/repeat_01,0.8246975,0.8253704166666667,2,2,1.0,0c82ee1,b82874392710,p4_strong_baselines_v1,true,runs/p4_benchmark/T24_formal_software_revalidation_20260510_200743/summary.json,f03e8721160c85855518ba6f3c44b9adb05deb197d554918dcd32a6f68feca6b,runs/p4_benchmark/T24_formal_software_revalidation_20260510_200743/launch_plan.json,e53de78d0654891f2ad008680ef0b5585eb88061b11c4f9f5b5b3dc62922b948,runs/p4_benchmark/T24_formal_software_revalidation_20260510_200743/comparison.csv,c7f9cb551bff840cd3e64ef52c776ea1d07eff9aaaa4f67b54f33d003cdee8a4,cnn_fpga/config/p4_multiscenario_strong_baselines.yaml,a97564e7e227e40bf604d6419f34fad5050412a2d73547b9bd9e8793c077e8ba,cnn_fpga/benchmark/run_p4_multiscenario_benchmark.py,8884990eab94f5d18e59b0784ee292c31f32152c139442fba7b8f558fdfe515e,ce392cb11f33315add3812d4f913849a59b610716ee63ccdad71800a93aca81a,0eb90487136ec593253ee0ebb1284e82e0c38fbc6f4b82a329d0723237e11a40,,,row-level source trace for existing software-HIL benchmark rows,"not new benchmark evidence; not CI, p-value, standard error or robustness evidence; not holdout-drift validation; not training reproducibility closure; not tflite portability or HIL closure; not real-board execution, source-vs-board agreement, latency, resource or FPGA evidence; not statistical-calibration comparator promotion"
static_bias_theta/constant_residual_mu/repeat_00,static_bias_theta,constant_residual_mu,0,20260403,runs/p4_benchmark/T24_formal_software_revalidation_20260510_200743/static/consta/repeat_00,0.8367869444444445,0.8366583333333333,2,2,1.0,0c82ee1,b82874392710,p4_strong_baselines_v1,true,runs/p4_benchmark/T24_formal_software_revalidation_20260510_200743/summary.json,f03e8721160c85855518ba6f3c44b9adb05deb197d554918dcd32a6f68feca6b,runs/p4_benchmark/T24_formal_software_revalidation_20260510_200743/launch_plan.json,e53de78d0654891f2ad008680ef0b5585eb88061b11c4f9f5b5b3dc62922b948,runs/p4_benchmark/T24_formal_software_revalidation_20260510_200743/comparison.csv,c7f9cb551bff840cd3e64ef52c776ea1d07eff9aaaa4f67b54f33d003cdee8a4,cnn_fpga/config/p4_multiscenario_strong_baselines.yaml,a97564e7e227e40bf604d6419f34fad5050412a2d73547b9bd9e8793c077e8ba,cnn_fpga/benchmark/run_p4_multiscenario_benchmark.py,8884990eab94f5d18e59b0784ee292c31f32152c139442fba7b8f558fdfe515e,424d85a0addfd7af0eed2de618270fe22c46499041848009ed77b30865061f11,be25c5f2536a5d72d68047c79390266161f97a08aad85b51a55ed38619ba2363,,,row-level source trace for existing software-HIL benchmark rows,"not new benchmark evidence; not CI, p-value, standard error or robustness evidence; not holdout-drift validation; not training reproducibility closure; not tflite portability or HIL closure; not real-board execution, source-vs-board agreement, latency, resource or FPGA evidence; not statistical-calibration comparator promotion"
static_bias_theta/constant_residual_mu/repeat_01,static_bias_theta,constant_residual_mu,1,20260404,runs/p4_benchmark/T24_formal_software_revalidation_20260510_200743/static/consta/repeat_01,0.8365297222222222,0.8366583333333333,2,2,1.0,0c82ee1,b82874392710,p4_strong_baselines_v1,true,runs/p4_benchmark/T24_formal_software_revalidation_20260510_200743/summary.json,f03e8721160c85855518ba6f3c44b9adb05deb197d554918dcd32a6f68feca6b,runs/p4_benchmark/T24_formal_software_revalidation_20260510_200743/launch_plan.json,e53de78d0654891f2ad008680ef0b5585eb88061b11c4f9f5b5b3dc62922b948,runs/p4_benchmark/T24_formal_software_revalidation_20260510_200743/comparison.csv,c7f9cb551bff840cd3e64ef52c776ea1d07eff9aaaa4f67b54f33d003cdee8a4,cnn_fpga/config/p4_multiscenario_strong_baselines.yaml,a97564e7e227e40bf604d6419f34fad5050412a2d73547b9bd9e8793c077e8ba,cnn_fpga/benchmark/run_p4_multiscenario_benchmark.py,8884990eab94f5d18e59b0784ee292c31f32152c139442fba7b8f558fdfe515e,12f47563166e09886f1af68428691bec128c5536929ad29372aafc54a98a40f6,044ef440a862d48b4aeb5e87512ce659a13c7495b408555362b27a1262513753,,,row-level source trace for existing software-HIL benchmark rows,"not new benchmark evidence; not CI, p-value, standard error or robustness evidence; not holdout-drift validation; not training reproducibility closure; not tflite portability or HIL closure; not real-board execution, source-vs-board agreement, latency, resource or FPGA evidence; not statistical-calibration comparator promotion"
static_bias_theta/rls_residual_b/repeat_00,static_bias_theta,rls_residual_b,0,20260403,runs/p4_benchmark/T24_formal_software_revalidation_20260510_200743/static/rlsres/repeat_00,0.8368427777777778,0.8375768055555556,2,2,1.0,0c82ee1,b82874392710,p4_strong_baselines_v1,true,runs/p4_benchmark/T24_formal_software_revalidation_20260510_200743/summary.json,f03e8721160c85855518ba6f3c44b9adb05deb197d554918dcd32a6f68feca6b,runs/p4_benchmark/T24_formal_software_revalidation_20260510_200743/launch_plan.json,e53de78d0654891f2ad008680ef0b5585eb88061b11c4f9f5b5b3dc62922b948,runs/p4_benchmark/T24_formal_software_revalidation_20260510_200743/comparison.csv,c7f9cb551bff840cd3e64ef52c776ea1d07eff9aaaa4f67b54f33d003cdee8a4,cnn_fpga/config/p4_multiscenario_strong_baselines.yaml,a97564e7e227e40bf604d6419f34fad5050412a2d73547b9bd9e8793c077e8ba,cnn_fpga/benchmark/run_p4_multiscenario_benchmark.py,8884990eab94f5d18e59b0784ee292c31f32152c139442fba7b8f558fdfe515e,4e5a5c5ac636c5031eeb2e75186637e9a759f0c0afbe4b83eab80a5e9edae402,d82072b5d68784428540367f8a2ed0b1b70f603d0173b61e60256141cf3b6e69,,,row-level source trace for existing software-HIL benchmark rows,"not new benchmark evidence; not CI, p-value, standard error or robustness evidence; not holdout-drift validation; not training reproducibility closure; not tflite portability or HIL closure; not real-board execution, source-vs-board agreement, latency, resource or FPGA evidence; not statistical-calibration comparator promotion"
static_bias_theta/rls_residual_b/repeat_01,static_bias_theta,rls_residual_b,1,20260404,runs/p4_benchmark/T24_formal_software_revalidation_20260510_200743/static/rlsres/repeat_01,0.8383108333333333,0.8375768055555556,2,2,1.0,0c82ee1,b82874392710,p4_strong_baselines_v1,true,runs/p4_benchmark/T24_formal_software_revalidation_20260510_200743/summary.json,f03e8721160c85855518ba6f3c44b9adb05deb197d554918dcd32a6f68feca6b,runs/p4_benchmark/T24_formal_software_revalidation_20260510_200743/launch_plan.json,e53de78d0654891f2ad008680ef0b5585eb88061b11c4f9f5b5b3dc62922b948,runs/p4_benchmark/T24_formal_software_revalidation_20260510_200743/comparison.csv,c7f9cb551bff840cd3e64ef52c776ea1d07eff9aaaa4f67b54f33d003cdee8a4,cnn_fpga/config/p4_multiscenario_strong_baselines.yaml,a97564e7e227e40bf604d6419f34fad5050412a2d73547b9bd9e8793c077e8ba,cnn_fpga/benchmark/run_p4_multiscenario_benchmark.py,8884990eab94f5d18e59b0784ee292c31f32152c139442fba7b8f558fdfe515e,72694c0fa9165edd67016ecf2b9a8a10504738532b7991214c065987a4f83e9d,24db24fe4f1c6634396ef4fd008a3bab5b3aafa5dea3953ed58a468f48ee5998,,,row-level source trace for existing software-HIL benchmark rows,"not new benchmark evidence; not CI, p-value, standard error or robustness evidence; not holdout-drift validation; not training reproducibility closure; not tflite portability or HIL closure; not real-board execution, source-vs-board agreement, latency, resource or FPGA evidence; not statistical-calibration comparator promotion"
static_bias_theta/hybrid_residual_b/repeat_00,static_bias_theta,hybrid_residual_b,0,20260403,runs/p4_benchmark/T24_formal_software_revalidation_20260510_200743/static/hybrid/repeat_00,0.81209,0.8109015277777778,2,2,1.0,0c82ee1,b82874392710,p4_strong_baselines_v1,true,runs/p4_benchmark/T24_formal_software_revalidation_20260510_200743/summary.json,f03e8721160c85855518ba6f3c44b9adb05deb197d554918dcd32a6f68feca6b,runs/p4_benchmark/T24_formal_software_revalidation_20260510_200743/launch_plan.json,e53de78d0654891f2ad008680ef0b5585eb88061b11c4f9f5b5b3dc62922b948,runs/p4_benchmark/T24_formal_software_revalidation_20260510_200743/comparison.csv,c7f9cb551bff840cd3e64ef52c776ea1d07eff9aaaa4f67b54f33d003cdee8a4,cnn_fpga/config/p4_multiscenario_strong_baselines.yaml,a97564e7e227e40bf604d6419f34fad5050412a2d73547b9bd9e8793c077e8ba,cnn_fpga/benchmark/run_p4_multiscenario_benchmark.py,8884990eab94f5d18e59b0784ee292c31f32152c139442fba7b8f558fdfe515e,3092a0ef151e11f6481b9989c7368bcaf99d4633a0a94eba54fce9450607c0f7,b7bc5ddb1551bf3b1386f0dcd0402b229a8d5474d93749597a4d9d7e7dfd4b21,artifacts/models/runtime_b_residual_v1/tiny_cnn_20260401_083648_2fc740424c0d.npz,585ee844b0bd9b9046f01eb97835a2da788050d4197846265545f44ec8d5aabb,row-level source trace for existing software-HIL benchmark rows,"not new benchmark evidence; not CI, p-value, standard error or robustness evidence; not holdout-drift validation; not training reproducibility closure; not tflite portability or HIL closure; not real-board execution, source-vs-board agreement, latency, resource or FPGA evidence; not statistical-calibration comparator promotion"
static_bias_theta/hybrid_residual_b/repeat_01,static_bias_theta,hybrid_residual_b,1,20260404,runs/p4_benchmark/T24_formal_software_revalidation_20260510_200743/static/hybrid/repeat_01,0.8097130555555555,0.8109015277777778,2,2,1.0,0c82ee1,b82874392710,p4_strong_baselines_v1,true,runs/p4_benchmark/T24_formal_software_revalidation_20260510_200743/summary.json,f03e8721160c85855518ba6f3c44b9adb05deb197d554918dcd32a6f68feca6b,runs/p4_benchmark/T24_formal_software_revalidation_20260510_200743/launch_plan.json,e53de78d0654891f2ad008680ef0b5585eb88061b11c4f9f5b5b3dc62922b948,runs/p4_benchmark/T24_formal_software_revalidation_20260510_200743/comparison.csv,c7f9cb551bff840cd3e64ef52c776ea1d07eff9aaaa4f67b54f33d003cdee8a4,cnn_fpga/config/p4_multiscenario_strong_baselines.yaml,a97564e7e227e40bf604d6419f34fad5050412a2d73547b9bd9e8793c077e8ba,cnn_fpga/benchmark/run_p4_multiscenario_benchmark.py,8884990eab94f5d18e59b0784ee292c31f32152c139442fba7b8f558fdfe515e,ca73b96ae2262a9f0470c013fd46f1fe37c0e82bc8cb707d97011191ed22a991,0f2f0d16c584d7ff44e9484f8df5006553759980f55b73692ab2693952274f24,artifacts/models/runtime_b_residual_v1/tiny_cnn_20260401_083648_2fc740424c0d.npz,585ee844b0bd9b9046f01eb97835a2da788050d4197846265545f44ec8d5aabb,row-level source trace for existing software-HIL benchmark rows,"not new benchmark evidence; not CI, p-value, standard error or robustness evidence; not holdout-drift validation; not training reproducibility closure; not tflite portability or HIL closure; not real-board execution, source-vs-board agreement, latency, resource or FPGA evidence; not statistical-calibration comparator promotion"
linear_ramp/ekf/repeat_00,linear_ramp,ekf,0,20261403,runs/p4_benchmark/T24_formal_software_revalidation_20260510_200743/linear/ekf/repeat_00,0.8190294444444445,0.8191995833333334,2,2,1.0,0c82ee1,b82874392710,p4_strong_baselines_v1,true,runs/p4_benchmark/T24_formal_software_revalidation_20260510_200743/summary.json,f03e8721160c85855518ba6f3c44b9adb05deb197d554918dcd32a6f68feca6b,runs/p4_benchmark/T24_formal_software_revalidation_20260510_200743/launch_plan.json,e53de78d0654891f2ad008680ef0b5585eb88061b11c4f9f5b5b3dc62922b948,runs/p4_benchmark/T24_formal_software_revalidation_20260510_200743/comparison.csv,c7f9cb551bff840cd3e64ef52c776ea1d07eff9aaaa4f67b54f33d003cdee8a4,cnn_fpga/config/p4_multiscenario_strong_baselines.yaml,a97564e7e227e40bf604d6419f34fad5050412a2d73547b9bd9e8793c077e8ba,cnn_fpga/benchmark/run_p4_multiscenario_benchmark.py,8884990eab94f5d18e59b0784ee292c31f32152c139442fba7b8f558fdfe515e,c6553c27a7239b71968371cb53928e609112807fedee6bb6d350faa8b59a7a7f,426d8203c463b6860082d5cb06e79ada7847647711cde386bb66c450f253b027,,,row-level source trace for existing software-HIL benchmark rows,"not new benchmark evidence; not CI, p-value, standard error or robustness evidence; not holdout-drift validation; not training reproducibility closure; not tflite portability or HIL closure; not real-board execution, source-vs-board agreement, latency, resource or FPGA evidence; not statistical-calibration comparator promotion"
linear_ramp/ekf/repeat_01,linear_ramp,ekf,1,20261404,runs/p4_benchmark/T24_formal_software_revalidation_20260510_200743/linear/ekf/repeat_01,0.8193697222222223,0.8191995833333334,2,2,1.0,0c82ee1,b82874392710,p4_strong_baselines_v1,true,runs/p4_benchmark/T24_formal_software_revalidation_20260510_200743/summary.json,f03e8721160c85855518ba6f3c44b9adb05deb197d554918dcd32a6f68feca6b,runs/p4_benchmark/T24_formal_software_revalidation_20260510_200743/launch_plan.json,e53de78d0654891f2ad008680ef0b5585eb88061b11c4f9f5b5b3dc62922b948,runs/p4_benchmark/T24_formal_software_revalidation_20260510_200743/comparison.csv,c7f9cb551bff840cd3e64ef52c776ea1d07eff9aaaa4f67b54f33d003cdee8a4,cnn_fpga/config/p4_multiscenario_strong_baselines.yaml,a97564e7e227e40bf604d6419f34fad5050412a2d73547b9bd9e8793c077e8ba,cnn_fpga/benchmark/run_p4_multiscenario_benchmark.py,8884990eab94f5d18e59b0784ee292c31f32152c139442fba7b8f558fdfe515e,5db40953d8808b2bed9aee6ba83e8436bb2fe03d8991f8f1cb64890fc395eeaf,f74ae3deda679c595c0d60d81723260e7e3d98c98011b0acb4dc6c618b0d0dea,,,row-level source trace for existing software-HIL benchmark rows,"not new benchmark evidence; not CI, p-value, standard error or robustness evidence; not holdout-drift validation; not training reproducibility closure; not tflite portability or HIL closure; not real-board execution, source-vs-board agreement, latency, resource or FPGA evidence; not statistical-calibration comparator promotion"
linear_ramp/ukf/repeat_00,linear_ramp,ukf,0,20261403,runs/p4_benchmark/T24_formal_software_revalidation_20260510_200743/linear/ukf/repeat_00,0.8120691666666666,0.8112008333333334,2,2,1.0,0c82ee1,b82874392710,p4_strong_baselines_v1,true,runs/p4_benchmark/T24_formal_software_revalidation_20260510_200743/summary.json,f03e8721160c85855518ba6f3c44b9adb05deb197d554918dcd32a6f68feca6b,runs/p4_benchmark/T24_formal_software_revalidation_20260510_200743/launch_plan.json,e53de78d0654891f2ad008680ef0b5585eb88061b11c4f9f5b5b3dc62922b948,runs/p4_benchmark/T24_formal_software_revalidation_20260510_200743/comparison.csv,c7f9cb551bff840cd3e64ef52c776ea1d07eff9aaaa4f67b54f33d003cdee8a4,cnn_fpga/config/p4_multiscenario_strong_baselines.yaml,a97564e7e227e40bf604d6419f34fad5050412a2d73547b9bd9e8793c077e8ba,cnn_fpga/benchmark/run_p4_multiscenario_benchmark.py,8884990eab94f5d18e59b0784ee292c31f32152c139442fba7b8f558fdfe515e,6b8587286ff9582d03c552d089e760d4617e977c93a143c7b3e89a4f68ebbc31,58d9fefa358a902ec3ef9241e263593a57b55690b8c87ccd9fb97d8e84b4a7c3,,,row-level source trace for existing software-HIL benchmark rows,"not new benchmark evidence; not CI, p-value, standard error or robustness evidence; not holdout-drift validation; not training reproducibility closure; not tflite portability or HIL closure; not real-board execution, source-vs-board agreement, latency, resource or FPGA evidence; not statistical-calibration comparator promotion"
linear_ramp/ukf/repeat_01,linear_ramp,ukf,1,20261404,runs/p4_benchmark/T24_formal_software_revalidation_20260510_200743/linear/ukf/repeat_01,0.8103325,0.8112008333333334,2,2,1.0,0c82ee1,b82874392710,p4_strong_baselines_v1,true,runs/p4_benchmark/T24_formal_software_revalidation_20260510_200743/summary.json,f03e8721160c85855518ba6f3c44b9adb05deb197d554918dcd32a6f68feca6b,runs/p4_benchmark/T24_formal_software_revalidation_20260510_200743/launch_plan.json,e53de78d0654891f2ad008680ef0b5585eb88061b11c4f9f5b5b3dc62922b948,runs/p4_benchmark/T24_formal_software_revalidation_20260510_200743/comparison.csv,c7f9cb551bff840cd3e64ef52c776ea1d07eff9aaaa4f67b54f33d003cdee8a4,cnn_fpga/config/p4_multiscenario_strong_baselines.yaml,a97564e7e227e40bf604d6419f34fad5050412a2d73547b9bd9e8793c077e8ba,cnn_fpga/benchmark/run_p4_multiscenario_benchmark.py,8884990eab94f5d18e59b0784ee292c31f32152c139442fba7b8f558fdfe515e,1f4e5d835cb10f24478a87afe82d326c18bcb50c4fcceaf763896ec9639e570d,96b153680d70720e1a90b1f73e9ce20db1d55416df935548098f307674d49049,,,row-level source trace for existing software-HIL benchmark rows,"not new benchmark evidence; not CI, p-value, standard error or robustness evidence; not holdout-drift validation; not training reproducibility closure; not tflite portability or HIL closure; not real-board execution, source-vs-board agreement, latency, resource or FPGA evidence; not statistical-calibration comparator promotion"
linear_ramp/constant_residual_mu/repeat_00,linear_ramp,constant_residual_mu,0,20261403,runs/p4_benchmark/T24_formal_software_revalidation_20260510_200743/linear/consta/repeat_00,0.8170355555555555,0.8169111111111111,2,2,1.0,0c82ee1,b82874392710,p4_strong_baselines_v1,true,runs/p4_benchmark/T24_formal_software_revalidation_20260510_200743/summary.json,f03e8721160c85855518ba6f3c44b9adb05deb197d554918dcd32a6f68feca6b,runs/p4_benchmark/T24_formal_software_revalidation_20260510_200743/launch_plan.json,e53de78d0654891f2ad008680ef0b5585eb88061b11c4f9f5b5b3dc62922b948,runs/p4_benchmark/T24_formal_software_revalidation_20260510_200743/comparison.csv,c7f9cb551bff840cd3e64ef52c776ea1d07eff9aaaa4f67b54f33d003cdee8a4,cnn_fpga/config/p4_multiscenario_strong_baselines.yaml,a97564e7e227e40bf604d6419f34fad5050412a2d73547b9bd9e8793c077e8ba,cnn_fpga/benchmark/run_p4_multiscenario_benchmark.py,8884990eab94f5d18e59b0784ee292c31f32152c139442fba7b8f558fdfe515e,4cb0c11d59e23a291778e93ecd0bd4ac4e6370b51d5270701aaa93bbe43df5f9,5cfb65c783423ec2550fedce6495f931384e207e8b0389754c3eef020d914748,,,row-level source trace for existing software-HIL benchmark rows,"not new benchmark evidence; not CI, p-value, standard error or robustness evidence; not holdout-drift validation; not training reproducibility closure; not tflite portability or HIL closure; not real-board execution, source-vs-board agreement, latency, resource or FPGA evidence; not statistical-calibration comparator promotion"
linear_ramp/constant_residual_mu/repeat_01,linear_ramp,constant_residual_mu,1,20261404,runs/p4_benchmark/T24_formal_software_revalidation_20260510_200743/linear/consta/repeat_01,0.8167866666666667,0.8169111111111111,2,2,1.0,0c82ee1,b82874392710,p4_strong_baselines_v1,true,runs/p4_benchmark/T24_formal_software_revalidation_20260510_200743/summary.json,f03e8721160c85855518ba6f3c44b9adb05deb197d554918dcd32a6f68feca6b,runs/p4_benchmark/T24_formal_software_revalidation_20260510_200743/launch_plan.json,e53de78d0654891f2ad008680ef0b5585eb88061b11c4f9f5b5b3dc62922b948,runs/p4_benchmark/T24_formal_software_revalidation_20260510_200743/comparison.csv,c7f9cb551bff840cd3e64ef52c776ea1d07eff9aaaa4f67b54f33d003cdee8a4,cnn_fpga/config/p4_multiscenario_strong_baselines.yaml,a97564e7e227e40bf604d6419f34fad5050412a2d73547b9bd9e8793c077e8ba,cnn_fpga/benchmark/run_p4_multiscenario_benchmark.py,8884990eab94f5d18e59b0784ee292c31f32152c139442fba7b8f558fdfe515e,7af13bbd56ec897ba464491e7f6b37531df1c02baf329d075cca6820764095c1,8f9f749ea38440dcec26dd717e58ccb57bbf53bd459e7292d8604a81b0aaab18,,,row-level source trace for existing software-HIL benchmark rows,"not new benchmark evidence; not CI, p-value, standard error or robustness evidence; not holdout-drift validation; not training reproducibility closure; not tflite portability or HIL closure; not real-board execution, source-vs-board agreement, latency, resource or FPGA evidence; not statistical-calibration comparator promotion"
linear_ramp/rls_residual_b/repeat_00,linear_ramp,rls_residual_b,0,20261403,runs/p4_benchmark/T24_formal_software_revalidation_20260510_200743/linear/rlsres/repeat_00,0.8194655555555556,0.8193734722222222,2,2,1.0,0c82ee1,b82874392710,p4_strong_baselines_v1,true,runs/p4_benchmark/T24_formal_software_revalidation_20260510_200743/summary.json,f03e8721160c85855518ba6f3c44b9adb05deb197d554918dcd32a6f68feca6b,runs/p4_benchmark/T24_formal_software_revalidation_20260510_200743/launch_plan.json,e53de78d0654891f2ad008680ef0b5585eb88061b11c4f9f5b5b3dc62922b948,runs/p4_benchmark/T24_formal_software_revalidation_20260510_200743/comparison.csv,c7f9cb551bff840cd3e64ef52c776ea1d07eff9aaaa4f67b54f33d003cdee8a4,cnn_fpga/config/p4_multiscenario_strong_baselines.yaml,a97564e7e227e40bf604d6419f34fad5050412a2d73547b9bd9e8793c077e8ba,cnn_fpga/benchmark/run_p4_multiscenario_benchmark.py,8884990eab94f5d18e59b0784ee292c31f32152c139442fba7b8f558fdfe515e,47ffb536c978842481c9b6db045692a5134a77f7818c7fe39ab14ea1bf9a3657,65fb5c39b2bfc18c64783d33c35b633ec0c02de402216130048a5e6617c10ed5,,,row-level source trace for existing software-HIL benchmark rows,"not new benchmark evidence; not CI, p-value, standard error or robustness evidence; not holdout-drift validation; not training reproducibility closure; not tflite portability or HIL closure; not real-board execution, source-vs-board agreement, latency, resource or FPGA evidence; not statistical-calibration comparator promotion"
linear_ramp/rls_residual_b/repeat_01,linear_ramp,rls_residual_b,1,20261404,runs/p4_benchmark/T24_formal_software_revalidation_20260510_200743/linear/rlsres/repeat_01,0.8192813888888889,0.8193734722222222,2,2,1.0,0c82ee1,b82874392710,p4_strong_baselines_v1,true,runs/p4_benchmark/T24_formal_software_revalidation_20260510_200743/summary.json,f03e8721160c85855518ba6f3c44b9adb05deb197d554918dcd32a6f68feca6b,runs/p4_benchmark/T24_formal_software_revalidation_20260510_200743/launch_plan.json,e53de78d0654891f2ad008680ef0b5585eb88061b11c4f9f5b5b3dc62922b948,runs/p4_benchmark/T24_formal_software_revalidation_20260510_200743/comparison.csv,c7f9cb551bff840cd3e64ef52c776ea1d07eff9aaaa4f67b54f33d003cdee8a4,cnn_fpga/config/p4_multiscenario_strong_baselines.yaml,a97564e7e227e40bf604d6419f34fad5050412a2d73547b9bd9e8793c077e8ba,cnn_fpga/benchmark/run_p4_multiscenario_benchmark.py,8884990eab94f5d18e59b0784ee292c31f32152c139442fba7b8f558fdfe515e,992bf4d7a0f2bf40919a4ce9b022438be4f90b26c3cd9de7cdd71033385bfb6b,adb631494b7732427110a59e76435eb7a01217d0d1ae7ed5d7b2d866061c4c37,,,row-level source trace for existing software-HIL benchmark rows,"not new benchmark evidence; not CI, p-value, standard error or robustness evidence; not holdout-drift validation; not training reproducibility closure; not tflite portability or HIL closure; not real-board execution, source-vs-board agreement, latency, resource or FPGA evidence; not statistical-calibration comparator promotion"
linear_ramp/hybrid_residual_b/repeat_00,linear_ramp,hybrid_residual_b,0,20261403,runs/p4_benchmark/T24_formal_software_revalidation_20260510_200743/linear/hybrid/repeat_00,0.7881944444444444,0.7877551388888888,2,2,1.0,0c82ee1,b82874392710,p4_strong_baselines_v1,true,runs/p4_benchmark/T24_formal_software_revalidation_20260510_200743/summary.json,f03e8721160c85855518ba6f3c44b9adb05deb197d554918dcd32a6f68feca6b,runs/p4_benchmark/T24_formal_software_revalidation_20260510_200743/launch_plan.json,e53de78d0654891f2ad008680ef0b5585eb88061b11c4f9f5b5b3dc62922b948,runs/p4_benchmark/T24_formal_software_revalidation_20260510_200743/comparison.csv,c7f9cb551bff840cd3e64ef52c776ea1d07eff9aaaa4f67b54f33d003cdee8a4,cnn_fpga/config/p4_multiscenario_strong_baselines.yaml,a97564e7e227e40bf604d6419f34fad5050412a2d73547b9bd9e8793c077e8ba,cnn_fpga/benchmark/run_p4_multiscenario_benchmark.py,8884990eab94f5d18e59b0784ee292c31f32152c139442fba7b8f558fdfe515e,71cc4aef502a6be57de1d185fbec98de725311e1b811d0629a83f64ef7ca8164,12965890610a21452e8689e9578856142c26dde57a9db552326888a4bdc251a5,artifacts/models/runtime_b_residual_v1/tiny_cnn_20260401_083648_2fc740424c0d.npz,585ee844b0bd9b9046f01eb97835a2da788050d4197846265545f44ec8d5aabb,row-level source trace for existing software-HIL benchmark rows,"not new benchmark evidence; not CI, p-value, standard error or robustness evidence; not holdout-drift validation; not training reproducibility closure; not tflite portability or HIL closure; not real-board execution, source-vs-board agreement, latency, resource or FPGA evidence; not statistical-calibration comparator promotion"
linear_ramp/hybrid_residual_b/repeat_01,linear_ramp,hybrid_residual_b,1,20261404,runs/p4_benchmark/T24_formal_software_revalidation_20260510_200743/linear/hybrid/repeat_01,0.7873158333333333,0.7877551388888888,2,2,1.0,0c82ee1,b82874392710,p4_strong_baselines_v1,true,runs/p4_benchmark/T24_formal_software_revalidation_20260510_200743/summary.json,f03e8721160c85855518ba6f3c44b9adb05deb197d554918dcd32a6f68feca6b,runs/p4_benchmark/T24_formal_software_revalidation_20260510_200743/launch_plan.json,e53de78d0654891f2ad008680ef0b5585eb88061b11c4f9f5b5b3dc62922b948,runs/p4_benchmark/T24_formal_software_revalidation_20260510_200743/comparison.csv,c7f9cb551bff840cd3e64ef52c776ea1d07eff9aaaa4f67b54f33d003cdee8a4,cnn_fpga/config/p4_multiscenario_strong_baselines.yaml,a97564e7e227e40bf604d6419f34fad5050412a2d73547b9bd9e8793c077e8ba,cnn_fpga/benchmark/run_p4_multiscenario_benchmark.py,8884990eab94f5d18e59b0784ee292c31f32152c139442fba7b8f558fdfe515e,4accc81c7de784a5c07d0f8c2edafa47ee847b427c7f861d3df4f1e9ecdbec79,039ea4b664179b54cf50e8c4003c0abc84896663c36d0c74675861e408ee6619,artifacts/models/runtime_b_residual_v1/tiny_cnn_20260401_083648_2fc740424c0d.npz,585ee844b0bd9b9046f01eb97835a2da788050d4197846265545f44ec8d5aabb,row-level source trace for existing software-HIL benchmark rows,"not new benchmark evidence; not CI, p-value, standard error or robustness evidence; not holdout-drift validation; not training reproducibility closure; not tflite portability or HIL closure; not real-board execution, source-vs-board agreement, latency, resource or FPGA evidence; not statistical-calibration comparator promotion"
step_sigma_theta/ekf/repeat_00,step_sigma_theta,ekf,0,20262403,runs/p4_benchmark/T24_formal_software_revalidation_20260510_200743/stepsi/ekf/repeat_00,0.8221952777777778,0.8223654166666667,2,2,1.0,0c82ee1,b82874392710,p4_strong_baselines_v1,true,runs/p4_benchmark/T24_formal_software_revalidation_20260510_200743/summary.json,f03e8721160c85855518ba6f3c44b9adb05deb197d554918dcd32a6f68feca6b,runs/p4_benchmark/T24_formal_software_revalidation_20260510_200743/launch_plan.json,e53de78d0654891f2ad008680ef0b5585eb88061b11c4f9f5b5b3dc62922b948,runs/p4_benchmark/T24_formal_software_revalidation_20260510_200743/comparison.csv,c7f9cb551bff840cd3e64ef52c776ea1d07eff9aaaa4f67b54f33d003cdee8a4,cnn_fpga/config/p4_multiscenario_strong_baselines.yaml,a97564e7e227e40bf604d6419f34fad5050412a2d73547b9bd9e8793c077e8ba,cnn_fpga/benchmark/run_p4_multiscenario_benchmark.py,8884990eab94f5d18e59b0784ee292c31f32152c139442fba7b8f558fdfe515e,dbb9111eed53fb5553499a57ed6cfbfb33399d8b3f2175a213eef98f78c1e793,2464fb75cc5698616c4ea6d356dae9f9d15e4651018cb49de9c3c93cc7eca4d5,,,row-level source trace for existing software-HIL benchmark rows,"not new benchmark evidence; not CI, p-value, standard error or robustness evidence; not holdout-drift validation; not training reproducibility closure; not tflite portability or HIL closure; not real-board execution, source-vs-board agreement, latency, resource or FPGA evidence; not statistical-calibration comparator promotion"
step_sigma_theta/ekf/repeat_01,step_sigma_theta,ekf,1,20262404,runs/p4_benchmark/T24_formal_software_revalidation_20260510_200743/stepsi/ekf/repeat_01,0.8225355555555556,0.8223654166666667,2,2,1.0,0c82ee1,b82874392710,p4_strong_baselines_v1,true,runs/p4_benchmark/T24_formal_software_revalidation_20260510_200743/summary.json,f03e8721160c85855518ba6f3c44b9adb05deb197d554918dcd32a6f68feca6b,runs/p4_benchmark/T24_formal_software_revalidation_20260510_200743/launch_plan.json,e53de78d0654891f2ad008680ef0b5585eb88061b11c4f9f5b5b3dc62922b948,runs/p4_benchmark/T24_formal_software_revalidation_20260510_200743/comparison.csv,c7f9cb551bff840cd3e64ef52c776ea1d07eff9aaaa4f67b54f33d003cdee8a4,cnn_fpga/config/p4_multiscenario_strong_baselines.yaml,a97564e7e227e40bf604d6419f34fad5050412a2d73547b9bd9e8793c077e8ba,cnn_fpga/benchmark/run_p4_multiscenario_benchmark.py,8884990eab94f5d18e59b0784ee292c31f32152c139442fba7b8f558fdfe515e,604b496923e776d9b26e00926bbdf71eae6e297da4400e2e72450757ea175413,24c66b50a389951245a99d1e5bfcab492b11eeaf9018a3bbd86cb28f1324f5fa,,,row-level source trace for existing software-HIL benchmark rows,"not new benchmark evidence; not CI, p-value, standard error or robustness evidence; not holdout-drift validation; not training reproducibility closure; not tflite portability or HIL closure; not real-board execution, source-vs-board agreement, latency, resource or FPGA evidence; not statistical-calibration comparator promotion"
step_sigma_theta/ukf/repeat_00,step_sigma_theta,ukf,0,20262403,runs/p4_benchmark/T24_formal_software_revalidation_20260510_200743/stepsi/ukf/repeat_00,0.8107863888888889,0.8115475,2,2,1.0,0c82ee1,b82874392710,p4_strong_baselines_v1,true,runs/p4_benchmark/T24_formal_software_revalidation_20260510_200743/summary.json,f03e8721160c85855518ba6f3c44b9adb05deb197d554918dcd32a6f68feca6b,runs/p4_benchmark/T24_formal_software_revalidation_20260510_200743/launch_plan.json,e53de78d0654891f2ad008680ef0b5585eb88061b11c4f9f5b5b3dc62922b948,runs/p4_benchmark/T24_formal_software_revalidation_20260510_200743/comparison.csv,c7f9cb551bff840cd3e64ef52c776ea1d07eff9aaaa4f67b54f33d003cdee8a4,cnn_fpga/config/p4_multiscenario_strong_baselines.yaml,a97564e7e227e40bf604d6419f34fad5050412a2d73547b9bd9e8793c077e8ba,cnn_fpga/benchmark/run_p4_multiscenario_benchmark.py,8884990eab94f5d18e59b0784ee292c31f32152c139442fba7b8f558fdfe515e,6bf055638573266efec4fcc0ba1244f80727357e7d0009b4be030dfb9fb00ac4,6eeb300fe2dcaf2fc8becbc20234a7a2abf5b49ed7ef17874886c5d661c823d8,,,row-level source trace for existing software-HIL benchmark rows,"not new benchmark evidence; not CI, p-value, standard error or robustness evidence; not holdout-drift validation; not training reproducibility closure; not tflite portability or HIL closure; not real-board execution, source-vs-board agreement, latency, resource or FPGA evidence; not statistical-calibration comparator promotion"
step_sigma_theta/ukf/repeat_01,step_sigma_theta,ukf,1,20262404,runs/p4_benchmark/T24_formal_software_revalidation_20260510_200743/stepsi/ukf/repeat_01,0.8123086111111111,0.8115475,2,2,1.0,0c82ee1,b82874392710,p4_strong_baselines_v1,true,runs/p4_benchmark/T24_formal_software_revalidation_20260510_200743/summary.json,f03e8721160c85855518ba6f3c44b9adb05deb197d554918dcd32a6f68feca6b,runs/p4_benchmark/T24_formal_software_revalidation_20260510_200743/launch_plan.json,e53de78d0654891f2ad008680ef0b5585eb88061b11c4f9f5b5b3dc62922b948,runs/p4_benchmark/T24_formal_software_revalidation_20260510_200743/comparison.csv,c7f9cb551bff840cd3e64ef52c776ea1d07eff9aaaa4f67b54f33d003cdee8a4,cnn_fpga/config/p4_multiscenario_strong_baselines.yaml,a97564e7e227e40bf604d6419f34fad5050412a2d73547b9bd9e8793c077e8ba,cnn_fpga/benchmark/run_p4_multiscenario_benchmark.py,8884990eab94f5d18e59b0784ee292c31f32152c139442fba7b8f558fdfe515e,f4989494b7caae791d40f8ae4a7da155ceda6cb033436da092276c8338f65a07,6e359ac95686d05281743446a0eefcaba65c4444dc645c53649928e0934d0f0f,,,row-level source trace for existing software-HIL benchmark rows,"not new benchmark evidence; not CI, p-value, standard error or robustness evidence; not holdout-drift validation; not training reproducibility closure; not tflite portability or HIL closure; not real-board execution, source-vs-board agreement, latency, resource or FPGA evidence; not statistical-calibration comparator promotion"
step_sigma_theta/constant_residual_mu/repeat_00,step_sigma_theta,constant_residual_mu,0,20262403,runs/p4_benchmark/T24_formal_software_revalidation_20260510_200743/stepsi/consta/repeat_00,0.8195083333333333,0.8197841666666666,2,2,1.0,0c82ee1,b82874392710,p4_strong_baselines_v1,true,runs/p4_benchmark/T24_formal_software_revalidation_20260510_200743/summary.json,f03e8721160c85855518ba6f3c44b9adb05deb197d554918dcd32a6f68feca6b,runs/p4_benchmark/T24_formal_software_revalidation_20260510_200743/launch_plan.json,e53de78d0654891f2ad008680ef0b5585eb88061b11c4f9f5b5b3dc62922b948,runs/p4_benchmark/T24_formal_software_revalidation_20260510_200743/comparison.csv,c7f9cb551bff840cd3e64ef52c776ea1d07eff9aaaa4f67b54f33d003cdee8a4,cnn_fpga/config/p4_multiscenario_strong_baselines.yaml,a97564e7e227e40bf604d6419f34fad5050412a2d73547b9bd9e8793c077e8ba,cnn_fpga/benchmark/run_p4_multiscenario_benchmark.py,8884990eab94f5d18e59b0784ee292c31f32152c139442fba7b8f558fdfe515e,4d0dfddd449e12a0b05243f829fa1bbdd8d8f2f9e3e9854568a498a671ad0523,c2ed02f3c6a7fca7ae6eec24df016223537b6df5251a55944b707ec5d424c55a,,,row-level source trace for existing software-HIL benchmark rows,"not new benchmark evidence; not CI, p-value, standard error or robustness evidence; not holdout-drift validation; not training reproducibility closure; not tflite portability or HIL closure; not real-board execution, source-vs-board agreement, latency, resource or FPGA evidence; not statistical-calibration comparator promotion"
step_sigma_theta/constant_residual_mu/repeat_01,step_sigma_theta,constant_residual_mu,1,20262404,runs/p4_benchmark/T24_formal_software_revalidation_20260510_200743/stepsi/consta/repeat_01,0.82006,0.8197841666666666,2,2,1.0,0c82ee1,b82874392710,p4_strong_baselines_v1,true,runs/p4_benchmark/T24_formal_software_revalidation_20260510_200743/summary.json,f03e8721160c85855518ba6f3c44b9adb05deb197d554918dcd32a6f68feca6b,runs/p4_benchmark/T24_formal_software_revalidation_20260510_200743/launch_plan.json,e53de78d0654891f2ad008680ef0b5585eb88061b11c4f9f5b5b3dc62922b948,runs/p4_benchmark/T24_formal_software_revalidation_20260510_200743/comparison.csv,c7f9cb551bff840cd3e64ef52c776ea1d07eff9aaaa4f67b54f33d003cdee8a4,cnn_fpga/config/p4_multiscenario_strong_baselines.yaml,a97564e7e227e40bf604d6419f34fad5050412a2d73547b9bd9e8793c077e8ba,cnn_fpga/benchmark/run_p4_multiscenario_benchmark.py,8884990eab94f5d18e59b0784ee292c31f32152c139442fba7b8f558fdfe515e,4b0269f2b6cad3a55de97f8878d7afa397b08534d4c094d34db736c308b2e214,b035a6fa21f429fb5cf664d8256b95d6ec4049420dc0d9ff9aedf82c4e368982,,,row-level source trace for existing software-HIL benchmark rows,"not new benchmark evidence; not CI, p-value, standard error or robustness evidence; not holdout-drift validation; not training reproducibility closure; not tflite portability or HIL closure; not real-board execution, source-vs-board agreement, latency, resource or FPGA evidence; not statistical-calibration comparator promotion"
step_sigma_theta/rls_residual_b/repeat_00,step_sigma_theta,rls_residual_b,0,20262403,runs/p4_benchmark/T24_formal_software_revalidation_20260510_200743/stepsi/rlsres/repeat_00,0.8210725,0.8214925,2,2,1.0,0c82ee1,b82874392710,p4_strong_baselines_v1,true,runs/p4_benchmark/T24_formal_software_revalidation_20260510_200743/summary.json,f03e8721160c85855518ba6f3c44b9adb05deb197d554918dcd32a6f68feca6b,runs/p4_benchmark/T24_formal_software_revalidation_20260510_200743/launch_plan.json,e53de78d0654891f2ad008680ef0b5585eb88061b11c4f9f5b5b3dc62922b948,runs/p4_benchmark/T24_formal_software_revalidation_20260510_200743/comparison.csv,c7f9cb551bff840cd3e64ef52c776ea1d07eff9aaaa4f67b54f33d003cdee8a4,cnn_fpga/config/p4_multiscenario_strong_baselines.yaml,a97564e7e227e40bf604d6419f34fad5050412a2d73547b9bd9e8793c077e8ba,cnn_fpga/benchmark/run_p4_multiscenario_benchmark.py,8884990eab94f5d18e59b0784ee292c31f32152c139442fba7b8f558fdfe515e,95c8cfddf1764a2e59e3d11707d87b209d59c935b4e5193e65e7dd25e3c8c49b,aaa3eb1f4dfc2f4adf12f6286912fb98ffc5291d9d943effcfd9be4e85a65c88,,,row-level source trace for existing software-HIL benchmark rows,"not new benchmark evidence; not CI, p-value, standard error or robustness evidence; not holdout-drift validation; not training reproducibility closure; not tflite portability or HIL closure; not real-board execution, source-vs-board agreement, latency, resource or FPGA evidence; not statistical-calibration comparator promotion"
step_sigma_theta/rls_residual_b/repeat_01,step_sigma_theta,rls_residual_b,1,20262404,runs/p4_benchmark/T24_formal_software_revalidation_20260510_200743/stepsi/rlsres/repeat_01,0.8219125,0.8214925,2,2,1.0,0c82ee1,b82874392710,p4_strong_baselines_v1,true,runs/p4_benchmark/T24_formal_software_revalidation_20260510_200743/summary.json,f03e8721160c85855518ba6f3c44b9adb05deb197d554918dcd32a6f68feca6b,runs/p4_benchmark/T24_formal_software_revalidation_20260510_200743/launch_plan.json,e53de78d0654891f2ad008680ef0b5585eb88061b11c4f9f5b5b3dc62922b948,runs/p4_benchmark/T24_formal_software_revalidation_20260510_200743/comparison.csv,c7f9cb551bff840cd3e64ef52c776ea1d07eff9aaaa4f67b54f33d003cdee8a4,cnn_fpga/config/p4_multiscenario_strong_baselines.yaml,a97564e7e227e40bf604d6419f34fad5050412a2d73547b9bd9e8793c077e8ba,cnn_fpga/benchmark/run_p4_multiscenario_benchmark.py,8884990eab94f5d18e59b0784ee292c31f32152c139442fba7b8f558fdfe515e,346c4365600296343693686ae67fd236e63c2da8acaabffe4b47a01564a28c3b,6304443966c1d7fa4a39af6ca0c1ff0e6e22de8ab4791d7a0b6b74779419d5ef,,,row-level source trace for existing software-HIL benchmark rows,"not new benchmark evidence; not CI, p-value, standard error or robustness evidence; not holdout-drift validation; not training reproducibility closure; not tflite portability or HIL closure; not real-board execution, source-vs-board agreement, latency, resource or FPGA evidence; not statistical-calibration comparator promotion"
step_sigma_theta/hybrid_residual_b/repeat_00,step_sigma_theta,hybrid_residual_b,0,20262403,runs/p4_benchmark/T24_formal_software_revalidation_20260510_200743/stepsi/hybrid/repeat_00,0.7877305555555556,0.7887997222222223,2,2,1.0,0c82ee1,b82874392710,p4_strong_baselines_v1,true,runs/p4_benchmark/T24_formal_software_revalidation_20260510_200743/summary.json,f03e8721160c85855518ba6f3c44b9adb05deb197d554918dcd32a6f68feca6b,runs/p4_benchmark/T24_formal_software_revalidation_20260510_200743/launch_plan.json,e53de78d0654891f2ad008680ef0b5585eb88061b11c4f9f5b5b3dc62922b948,runs/p4_benchmark/T24_formal_software_revalidation_20260510_200743/comparison.csv,c7f9cb551bff840cd3e64ef52c776ea1d07eff9aaaa4f67b54f33d003cdee8a4,cnn_fpga/config/p4_multiscenario_strong_baselines.yaml,a97564e7e227e40bf604d6419f34fad5050412a2d73547b9bd9e8793c077e8ba,cnn_fpga/benchmark/run_p4_multiscenario_benchmark.py,8884990eab94f5d18e59b0784ee292c31f32152c139442fba7b8f558fdfe515e,8215f5629d35f1b3838a08350708202f32d54dbf1fdff7db4717c83786b78ce0,89d00ca8aa860068fc89afaaca0793b0ffb4728d4700b8b3976d7d15fdf403f5,artifacts/models/runtime_b_residual_v1/tiny_cnn_20260401_083648_2fc740424c0d.npz,585ee844b0bd9b9046f01eb97835a2da788050d4197846265545f44ec8d5aabb,row-level source trace for existing software-HIL benchmark rows,"not new benchmark evidence; not CI, p-value, standard error or robustness evidence; not holdout-drift validation; not training reproducibility closure; not tflite portability or HIL closure; not real-board execution, source-vs-board agreement, latency, resource or FPGA evidence; not statistical-calibration comparator promotion"
step_sigma_theta/hybrid_residual_b/repeat_01,step_sigma_theta,hybrid_residual_b,1,20262404,runs/p4_benchmark/T24_formal_software_revalidation_20260510_200743/stepsi/hybrid/repeat_01,0.7898688888888888,0.7887997222222223,2,2,1.0,0c82ee1,b82874392710,p4_strong_baselines_v1,true,runs/p4_benchmark/T24_formal_software_revalidation_20260510_200743/summary.json,f03e8721160c85855518ba6f3c44b9adb05deb197d554918dcd32a6f68feca6b,runs/p4_benchmark/T24_formal_software_revalidation_20260510_200743/launch_plan.json,e53de78d0654891f2ad008680ef0b5585eb88061b11c4f9f5b5b3dc62922b948,runs/p4_benchmark/T24_formal_software_revalidation_20260510_200743/comparison.csv,c7f9cb551bff840cd3e64ef52c776ea1d07eff9aaaa4f67b54f33d003cdee8a4,cnn_fpga/config/p4_multiscenario_strong_baselines.yaml,a97564e7e227e40bf604d6419f34fad5050412a2d73547b9bd9e8793c077e8ba,cnn_fpga/benchmark/run_p4_multiscenario_benchmark.py,8884990eab94f5d18e59b0784ee292c31f32152c139442fba7b8f558fdfe515e,422f027877953acd3397520be3618d6df6ed1cc6c57b8397fb3a966df832425e,d0806e25c81722e4b9f8de9eaad4e21e1b1a5b1aada16fa2a608cdffad8265df,artifacts/models/runtime_b_residual_v1/tiny_cnn_20260401_083648_2fc740424c0d.npz,585ee844b0bd9b9046f01eb97835a2da788050d4197846265545f44ec8d5aabb,row-level source trace for existing software-HIL benchmark rows,"not new benchmark evidence; not CI, p-value, standard error or robustness evidence; not holdout-drift validation; not training reproducibility closure; not tflite portability or HIL closure; not real-board execution, source-vs-board agreement, latency, resource or FPGA evidence; not statistical-calibration comparator promotion"
periodic_drift/ekf/repeat_00,periodic_drift,ekf,0,20263403,runs/p4_benchmark/T24_formal_software_revalidation_20260510_200743/period/ekf/repeat_00,0.8327494444444444,0.8321916666666667,2,2,1.0,0c82ee1,b82874392710,p4_strong_baselines_v1,true,runs/p4_benchmark/T24_formal_software_revalidation_20260510_200743/summary.json,f03e8721160c85855518ba6f3c44b9adb05deb197d554918dcd32a6f68feca6b,runs/p4_benchmark/T24_formal_software_revalidation_20260510_200743/launch_plan.json,e53de78d0654891f2ad008680ef0b5585eb88061b11c4f9f5b5b3dc62922b948,runs/p4_benchmark/T24_formal_software_revalidation_20260510_200743/comparison.csv,c7f9cb551bff840cd3e64ef52c776ea1d07eff9aaaa4f67b54f33d003cdee8a4,cnn_fpga/config/p4_multiscenario_strong_baselines.yaml,a97564e7e227e40bf604d6419f34fad5050412a2d73547b9bd9e8793c077e8ba,cnn_fpga/benchmark/run_p4_multiscenario_benchmark.py,8884990eab94f5d18e59b0784ee292c31f32152c139442fba7b8f558fdfe515e,d0c00520bf49f53879966f1d97370055b87e0b88648730387584b652efa926ca,87e97c9560fee9ecc4edac4e2795b50255fdaa629d41253bdba4397ee8d81ea2,,,row-level source trace for existing software-HIL benchmark rows,"not new benchmark evidence; not CI, p-value, standard error or robustness evidence; not holdout-drift validation; not training reproducibility closure; not tflite portability or HIL closure; not real-board execution, source-vs-board agreement, latency, resource or FPGA evidence; not statistical-calibration comparator promotion"
periodic_drift/ekf/repeat_01,periodic_drift,ekf,1,20263404,runs/p4_benchmark/T24_formal_software_revalidation_20260510_200743/period/ekf/repeat_01,0.8316338888888889,0.8321916666666667,2,2,1.0,0c82ee1,b82874392710,p4_strong_baselines_v1,true,runs/p4_benchmark/T24_formal_software_revalidation_20260510_200743/summary.json,f03e8721160c85855518ba6f3c44b9adb05deb197d554918dcd32a6f68feca6b,runs/p4_benchmark/T24_formal_software_revalidation_20260510_200743/launch_plan.json,e53de78d0654891f2ad008680ef0b5585eb88061b11c4f9f5b5b3dc62922b948,runs/p4_benchmark/T24_formal_software_revalidation_20260510_200743/comparison.csv,c7f9cb551bff840cd3e64ef52c776ea1d07eff9aaaa4f67b54f33d003cdee8a4,cnn_fpga/config/p4_multiscenario_strong_baselines.yaml,a97564e7e227e40bf604d6419f34fad5050412a2d73547b9bd9e8793c077e8ba,cnn_fpga/benchmark/run_p4_multiscenario_benchmark.py,8884990eab94f5d18e59b0784ee292c31f32152c139442fba7b8f558fdfe515e,1d7153986d83d4f5e4d016ff5ca60fb3b9f0986fd6f1bffee85527f0c274243d,11817cc9b4131264892f330cd2a4518cd2a800015119c438b6876263f177ad35,,,row-level source trace for existing software-HIL benchmark rows,"not new benchmark evidence; not CI, p-value, standard error or robustness evidence; not holdout-drift validation; not training reproducibility closure; not tflite portability or HIL closure; not real-board execution, source-vs-board agreement, latency, resource or FPGA evidence; not statistical-calibration comparator promotion"
periodic_drift/ukf/repeat_00,periodic_drift,ukf,0,20263403,runs/p4_benchmark/T24_formal_software_revalidation_20260510_200743/period/ukf/repeat_00,0.8234427777777777,0.8215580555555555,2,2,1.0,0c82ee1,b82874392710,p4_strong_baselines_v1,true,runs/p4_benchmark/T24_formal_software_revalidation_20260510_200743/summary.json,f03e8721160c85855518ba6f3c44b9adb05deb197d554918dcd32a6f68feca6b,runs/p4_benchmark/T24_formal_software_revalidation_20260510_200743/launch_plan.json,e53de78d0654891f2ad008680ef0b5585eb88061b11c4f9f5b5b3dc62922b948,runs/p4_benchmark/T24_formal_software_revalidation_20260510_200743/comparison.csv,c7f9cb551bff840cd3e64ef52c776ea1d07eff9aaaa4f67b54f33d003cdee8a4,cnn_fpga/config/p4_multiscenario_strong_baselines.yaml,a97564e7e227e40bf604d6419f34fad5050412a2d73547b9bd9e8793c077e8ba,cnn_fpga/benchmark/run_p4_multiscenario_benchmark.py,8884990eab94f5d18e59b0784ee292c31f32152c139442fba7b8f558fdfe515e,010113e43f3083bb10bcf774fcd08144b05d2fe13155c0354b09a62962b13158,7e79fa3d21457f3747b5cb87e18a2bbf99b169b9d34a7c402594bc8582fb3ebd,,,row-level source trace for existing software-HIL benchmark rows,"not new benchmark evidence; not CI, p-value, standard error or robustness evidence; not holdout-drift validation; not training reproducibility closure; not tflite portability or HIL closure; not real-board execution, source-vs-board agreement, latency, resource or FPGA evidence; not statistical-calibration comparator promotion"
periodic_drift/ukf/repeat_01,periodic_drift,ukf,1,20263404,runs/p4_benchmark/T24_formal_software_revalidation_20260510_200743/period/ukf/repeat_01,0.8196733333333334,0.8215580555555555,2,2,1.0,0c82ee1,b82874392710,p4_strong_baselines_v1,true,runs/p4_benchmark/T24_formal_software_revalidation_20260510_200743/summary.json,f03e8721160c85855518ba6f3c44b9adb05deb197d554918dcd32a6f68feca6b,runs/p4_benchmark/T24_formal_software_revalidation_20260510_200743/launch_plan.json,e53de78d0654891f2ad008680ef0b5585eb88061b11c4f9f5b5b3dc62922b948,runs/p4_benchmark/T24_formal_software_revalidation_20260510_200743/comparison.csv,c7f9cb551bff840cd3e64ef52c776ea1d07eff9aaaa4f67b54f33d003cdee8a4,cnn_fpga/config/p4_multiscenario_strong_baselines.yaml,a97564e7e227e40bf604d6419f34fad5050412a2d73547b9bd9e8793c077e8ba,cnn_fpga/benchmark/run_p4_multiscenario_benchmark.py,8884990eab94f5d18e59b0784ee292c31f32152c139442fba7b8f558fdfe515e,852ad6cddcdf25eb8f58f9803b63e795a6094054ec34871e9bf1811b29ed5aed,3c8e9458512fe428730ac0fefc657d832de504e332503e281535fd45bbfe5161,,,row-level source trace for existing software-HIL benchmark rows,"not new benchmark evidence; not CI, p-value, standard error or robustness evidence; not holdout-drift validation; not training reproducibility closure; not tflite portability or HIL closure; not real-board execution, source-vs-board agreement, latency, resource or FPGA evidence; not statistical-calibration comparator promotion"
periodic_drift/constant_residual_mu/repeat_00,periodic_drift,constant_residual_mu,0,20263403,runs/p4_benchmark/T24_formal_software_revalidation_20260510_200743/period/consta/repeat_00,0.8300155555555555,0.8296701388888889,2,2,1.0,0c82ee1,b82874392710,p4_strong_baselines_v1,true,runs/p4_benchmark/T24_formal_software_revalidation_20260510_200743/summary.json,f03e8721160c85855518ba6f3c44b9adb05deb197d554918dcd32a6f68feca6b,runs/p4_benchmark/T24_formal_software_revalidation_20260510_200743/launch_plan.json,e53de78d0654891f2ad008680ef0b5585eb88061b11c4f9f5b5b3dc62922b948,runs/p4_benchmark/T24_formal_software_revalidation_20260510_200743/comparison.csv,c7f9cb551bff840cd3e64ef52c776ea1d07eff9aaaa4f67b54f33d003cdee8a4,cnn_fpga/config/p4_multiscenario_strong_baselines.yaml,a97564e7e227e40bf604d6419f34fad5050412a2d73547b9bd9e8793c077e8ba,cnn_fpga/benchmark/run_p4_multiscenario_benchmark.py,8884990eab94f5d18e59b0784ee292c31f32152c139442fba7b8f558fdfe515e,8d15b4ca9091847854a89abdf80b8bd0e8ae820bf6b23db18fd56fa39f3a8cf3,221485353d2c807b67fa0bfabeb7937e579f22327ce8e529548ec540d3fd1c61,,,row-level source trace for existing software-HIL benchmark rows,"not new benchmark evidence; not CI, p-value, standard error or robustness evidence; not holdout-drift validation; not training reproducibility closure; not tflite portability or HIL closure; not real-board execution, source-vs-board agreement, latency, resource or FPGA evidence; not statistical-calibration comparator promotion"
periodic_drift/constant_residual_mu/repeat_01,periodic_drift,constant_residual_mu,1,20263404,runs/p4_benchmark/T24_formal_software_revalidation_20260510_200743/period/consta/repeat_01,0.8293247222222222,0.8296701388888889,2,2,1.0,0c82ee1,b82874392710,p4_strong_baselines_v1,true,runs/p4_benchmark/T24_formal_software_revalidation_20260510_200743/summary.json,f03e8721160c85855518ba6f3c44b9adb05deb197d554918dcd32a6f68feca6b,runs/p4_benchmark/T24_formal_software_revalidation_20260510_200743/launch_plan.json,e53de78d0654891f2ad008680ef0b5585eb88061b11c4f9f5b5b3dc62922b948,runs/p4_benchmark/T24_formal_software_revalidation_20260510_200743/comparison.csv,c7f9cb551bff840cd3e64ef52c776ea1d07eff9aaaa4f67b54f33d003cdee8a4,cnn_fpga/config/p4_multiscenario_strong_baselines.yaml,a97564e7e227e40bf604d6419f34fad5050412a2d73547b9bd9e8793c077e8ba,cnn_fpga/benchmark/run_p4_multiscenario_benchmark.py,8884990eab94f5d18e59b0784ee292c31f32152c139442fba7b8f558fdfe515e,4f009014320f19b339bbe5e1c895db99042c6bb55c1358821d0b5e614debf60a,f80f717e7ec27e86ebc5a8fe02687dc43eab6e2514bd4f24a8d8b0e24e75663b,,,row-level source trace for existing software-HIL benchmark rows,"not new benchmark evidence; not CI, p-value, standard error or robustness evidence; not holdout-drift validation; not training reproducibility closure; not tflite portability or HIL closure; not real-board execution, source-vs-board agreement, latency, resource or FPGA evidence; not statistical-calibration comparator promotion"
periodic_drift/rls_residual_b/repeat_00,periodic_drift,rls_residual_b,0,20263403,runs/p4_benchmark/T24_formal_software_revalidation_20260510_200743/period/rlsres/repeat_00,0.8322938888888889,0.8323341666666666,2,2,1.0,0c82ee1,b82874392710,p4_strong_baselines_v1,true,runs/p4_benchmark/T24_formal_software_revalidation_20260510_200743/summary.json,f03e8721160c85855518ba6f3c44b9adb05deb197d554918dcd32a6f68feca6b,runs/p4_benchmark/T24_formal_software_revalidation_20260510_200743/launch_plan.json,e53de78d0654891f2ad008680ef0b5585eb88061b11c4f9f5b5b3dc62922b948,runs/p4_benchmark/T24_formal_software_revalidation_20260510_200743/comparison.csv,c7f9cb551bff840cd3e64ef52c776ea1d07eff9aaaa4f67b54f33d003cdee8a4,cnn_fpga/config/p4_multiscenario_strong_baselines.yaml,a97564e7e227e40bf604d6419f34fad5050412a2d73547b9bd9e8793c077e8ba,cnn_fpga/benchmark/run_p4_multiscenario_benchmark.py,8884990eab94f5d18e59b0784ee292c31f32152c139442fba7b8f558fdfe515e,e92ea594fb1f123a06e45003c87745ed77abf2562c5d421ba2c5fc5cf28abb3f,ba288445c09c4b38da39b5b7ac929611995bbce2e3e9e3f387c93a628eec9bba,,,row-level source trace for existing software-HIL benchmark rows,"not new benchmark evidence; not CI, p-value, standard error or robustness evidence; not holdout-drift validation; not training reproducibility closure; not tflite portability or HIL closure; not real-board execution, source-vs-board agreement, latency, resource or FPGA evidence; not statistical-calibration comparator promotion"
periodic_drift/rls_residual_b/repeat_01,periodic_drift,rls_residual_b,1,20263404,runs/p4_benchmark/T24_formal_software_revalidation_20260510_200743/period/rlsres/repeat_01,0.8323744444444444,0.8323341666666666,2,2,1.0,0c82ee1,b82874392710,p4_strong_baselines_v1,true,runs/p4_benchmark/T24_formal_software_revalidation_20260510_200743/summary.json,f03e8721160c85855518ba6f3c44b9adb05deb197d554918dcd32a6f68feca6b,runs/p4_benchmark/T24_formal_software_revalidation_20260510_200743/launch_plan.json,e53de78d0654891f2ad008680ef0b5585eb88061b11c4f9f5b5b3dc62922b948,runs/p4_benchmark/T24_formal_software_revalidation_20260510_200743/comparison.csv,c7f9cb551bff840cd3e64ef52c776ea1d07eff9aaaa4f67b54f33d003cdee8a4,cnn_fpga/config/p4_multiscenario_strong_baselines.yaml,a97564e7e227e40bf604d6419f34fad5050412a2d73547b9bd9e8793c077e8ba,cnn_fpga/benchmark/run_p4_multiscenario_benchmark.py,8884990eab94f5d18e59b0784ee292c31f32152c139442fba7b8f558fdfe515e,17a381d7fa5564bd480fbe1f42ebb6bd4b4ee044eb35a9a99603df26798125e3,e54391c71bb6562d889ba3e19fb40ad09346465bc9da52c3930524292c92ccb2,,,row-level source trace for existing software-HIL benchmark rows,"not new benchmark evidence; not CI, p-value, standard error or robustness evidence; not holdout-drift validation; not training reproducibility closure; not tflite portability or HIL closure; not real-board execution, source-vs-board agreement, latency, resource or FPGA evidence; not statistical-calibration comparator promotion"
periodic_drift/hybrid_residual_b/repeat_00,periodic_drift,hybrid_residual_b,0,20263403,runs/p4_benchmark/T24_formal_software_revalidation_20260510_200743/period/hybrid/repeat_00,0.8066811111111111,0.8063919444444444,2,2,1.0,0c82ee1,b82874392710,p4_strong_baselines_v1,true,runs/p4_benchmark/T24_formal_software_revalidation_20260510_200743/summary.json,f03e8721160c85855518ba6f3c44b9adb05deb197d554918dcd32a6f68feca6b,runs/p4_benchmark/T24_formal_software_revalidation_20260510_200743/launch_plan.json,e53de78d0654891f2ad008680ef0b5585eb88061b11c4f9f5b5b3dc62922b948,runs/p4_benchmark/T24_formal_software_revalidation_20260510_200743/comparison.csv,c7f9cb551bff840cd3e64ef52c776ea1d07eff9aaaa4f67b54f33d003cdee8a4,cnn_fpga/config/p4_multiscenario_strong_baselines.yaml,a97564e7e227e40bf604d6419f34fad5050412a2d73547b9bd9e8793c077e8ba,cnn_fpga/benchmark/run_p4_multiscenario_benchmark.py,8884990eab94f5d18e59b0784ee292c31f32152c139442fba7b8f558fdfe515e,18471ad323e498930dd8d53971766c1582170c1fd432522c6fad9fa473c0b80a,dd889b0b933533c62a283824e5c57e10cf120516d40a9bf9aa745d8bce5643bf,artifacts/models/runtime_b_residual_v1/tiny_cnn_20260401_083648_2fc740424c0d.npz,585ee844b0bd9b9046f01eb97835a2da788050d4197846265545f44ec8d5aabb,row-level source trace for existing software-HIL benchmark rows,"not new benchmark evidence; not CI, p-value, standard error or robustness evidence; not holdout-drift validation; not training reproducibility closure; not tflite portability or HIL closure; not real-board execution, source-vs-board agreement, latency, resource or FPGA evidence; not statistical-calibration comparator promotion"
periodic_drift/hybrid_residual_b/repeat_01,periodic_drift,hybrid_residual_b,1,20263404,runs/p4_benchmark/T24_formal_software_revalidation_20260510_200743/period/hybrid/repeat_01,0.8061027777777777,0.8063919444444444,2,2,1.0,0c82ee1,b82874392710,p4_strong_baselines_v1,true,runs/p4_benchmark/T24_formal_software_revalidation_20260510_200743/summary.json,f03e8721160c85855518ba6f3c44b9adb05deb197d554918dcd32a6f68feca6b,runs/p4_benchmark/T24_formal_software_revalidation_20260510_200743/launch_plan.json,e53de78d0654891f2ad008680ef0b5585eb88061b11c4f9f5b5b3dc62922b948,runs/p4_benchmark/T24_formal_software_revalidation_20260510_200743/comparison.csv,c7f9cb551bff840cd3e64ef52c776ea1d07eff9aaaa4f67b54f33d003cdee8a4,cnn_fpga/config/p4_multiscenario_strong_baselines.yaml,a97564e7e227e40bf604d6419f34fad5050412a2d73547b9bd9e8793c077e8ba,cnn_fpga/benchmark/run_p4_multiscenario_benchmark.py,8884990eab94f5d18e59b0784ee292c31f32152c139442fba7b8f558fdfe515e,a336ff1681a253b167de84a41cff0196b2804027a7ffd37896ff6b4ab9658f1f,e0f1a0da3adec5c5fe7d71378683b720e6bc7fda1392875607761e1e6ec4c64b,artifacts/models/runtime_b_residual_v1/tiny_cnn_20260401_083648_2fc740424c0d.npz,585ee844b0bd9b9046f01eb97835a2da788050d4197846265545f44ec8d5aabb,row-level source trace for existing software-HIL benchmark rows,"not new benchmark evidence; not CI, p-value, standard error or robustness evidence; not holdout-drift validation; not training reproducibility closure; not tflite portability or HIL closure; not real-board execution, source-vs-board agreement, latency, resource or FPGA evidence; not statistical-calibration comparator promotion"
