finite_energy_delta,equivalent_modular_squeezing_db,mean_photon_proxy,method,method_label,n_controlled_states,n_samples_per_state,mean_logical_event_probability,worst_state,worst_state_logical_event_probability,mean_surrogate_average_fidelity,mean_residual_mse,non_claim_boundary
0.18,14.89454989793388,15.4320987654321,hard_nearest_syndrome,Hard nearest-syndrome,4,60000,0.00014791666666666667,step_after_jump,0.0005166666666666667,0.9999013888888889,0.11826953646935773,not calibrated finite-energy GKP logical-channel fidelity; finite-squeezing toy-channel sanity only; not process tomography; not a formal benchmark; not hardware evidence
0.18,14.89454989793388,15.4320987654321,fixed_affine,Fixed affine,4,60000,0.00014791666666666667,step_after_jump,0.0005166666666666667,0.9999013888888889,0.06778123345520866,not calibrated finite-energy GKP logical-channel fidelity; finite-squeezing toy-channel sanity only; not process tomography; not a formal benchmark; not hardware evidence
0.18,14.89454989793388,15.4320987654321,oracle_affine,Oracle affine,4,60000,0.00014791666666666667,step_after_jump,0.0005166666666666667,0.9999013888888889,0.0565506221452259,not calibrated finite-energy GKP logical-channel fidelity; finite-squeezing toy-channel sanity only; not process tomography; not a formal benchmark; not hardware evidence
0.26,11.70053304058364,7.396449704142011,hard_nearest_syndrome,Hard nearest-syndrome,4,60000,0.00016041666666666667,step_after_jump,0.000475,0.9998930555555555,0.1877286894641689,not calibrated finite-energy GKP logical-channel fidelity; finite-squeezing toy-channel sanity only; not process tomography; not a formal benchmark; not hardware evidence
0.26,11.70053304058364,7.396449704142011,fixed_affine,Fixed affine,4,60000,0.00012916666666666667,step_after_jump,0.0004583333333333333,0.9999138888888888,0.07231820892118557,not calibrated finite-energy GKP logical-channel fidelity; finite-squeezing toy-channel sanity only; not process tomography; not a formal benchmark; not hardware evidence
0.26,11.70053304058364,7.396449704142011,oracle_affine,Oracle affine,4,60000,0.00012916666666666667,step_after_jump,0.0004583333333333333,0.9999138888888888,0.06427980868328695,not calibrated finite-energy GKP logical-channel fidelity; finite-squeezing toy-channel sanity only; not process tomography; not a formal benchmark; not hardware evidence
0.34,9.370421659154896,4.3252595155709335,hard_nearest_syndrome,Hard nearest-syndrome,4,60000,0.0010020833333333333,step_after_jump,0.0015,0.9993319444444444,0.28164588511764466,not calibrated finite-energy GKP logical-channel fidelity; finite-squeezing toy-channel sanity only; not process tomography; not a formal benchmark; not hardware evidence
0.34,9.370421659154896,4.3252595155709335,fixed_affine,Fixed affine,4,60000,0.0001625,step_after_jump,0.0006166666666666666,0.9998916666666666,0.0785329044646115,not calibrated finite-energy GKP logical-channel fidelity; finite-squeezing toy-channel sanity only; not process tomography; not a formal benchmark; not hardware evidence
0.34,9.370421659154896,4.3252595155709335,oracle_affine,Oracle affine,4,60000,0.00016458333333333334,step_after_jump,0.000625,0.9998902777777778,0.07501602109751848,not calibrated finite-energy GKP logical-channel fidelity; finite-squeezing toy-channel sanity only; not process tomography; not a formal benchmark; not hardware evidence
